debug: Wed, 19 Aug 2026 06:36:12 GMT
debug: Project: F:\CocosProject\PLY_Dreamyroom_Cocos
debug: Targets: editor,preview
debug: Incremental file seems great.
debug: Engine path: C:\ProgramData\cocos\editors\Creator\3.7.4\resources\resources\3d\engine
debug: Initializing target [Editor]
debug: Loading cache
debug: Loading cache costs 4.126699984073639ms.
debug: Engine features shipped in editor: base,gfx-webgl,gfx-webgl2,gfx-empty,3d,animation,skeletal-animation,2d,ui,particle,particle-2d,physics-framework,physics-2d-framework,intersection-2d,primitive,profiler,occlusion-query,geometry-renderer,debug-renderer,audio,video,xr,light-probe,terrain,webview,tween,tiled-map,spine,dragon-bones,marionette,custom-pipeline,websocket,websocket-server
debug: Our import map(foo:/bar): {
  "imports": {
    "cc": "cce:/internal/x/cc"
  }
}
debug: Initializing target [Preview]
debug: Loading cache
debug: Loading cache costs 3.2251999974250793ms.
debug: Our import map(foo:/bar): {
  "imports": {
    "cc": "cce:/internal/x/cc"
  }
}
debug: Sync engine features: 2d,3d,animation,audio,base,gfx-webgl,gfx-webgl2,particle,particle-2d,profiler,spine,tween,ui,webview
debug: Reset databases. Enumerated domains: [
  {
    "root": "db://internal/",
    "physical": "C:\\ProgramData\\cocos\\editors\\Creator\\3.7.4\\resources\\resources\\3d\\engine\\editor\\assets"
  },
  {
    "root": "db://assets/",
    "physical": "F:\\CocosProject\\PLY_Dreamyroom_Cocos\\assets"
  }
]
debug: Our import map(foo:/bar): {
  "imports": {
    "cc": "cce:/internal/x/cc",
    "db://internal/": "file:///C:/ProgramData/cocos/editors/Creator/3.7.4/resources/resources/3d/engine/editor/assets/",
    "db://assets/": "file:///F:/CocosProject/PLY_Dreamyroom_Cocos/assets/"
  }
}
debug: Our import map(foo:/bar): {
  "imports": {
    "cc": "cce:/internal/x/cc",
    "db://internal/": "file:///C:/ProgramData/cocos/editors/Creator/3.7.4/resources/resources/3d/engine/editor/assets/",
    "db://assets/": "file:///F:/CocosProject/PLY_Dreamyroom_Cocos/assets/"
  }
}
debug: Pulling asset-db.
debug: Fetch asset-db cost: 12.224700033664703ms.
debug: Build iteration starts.
Number of accumulated asset changes: 57
Feature changed: false
debug: Target(editor) build started.
debug: Detected change: cce:/internal/x/cc. Last mtime: Thu Jan 01 1970 07:00:14 GMT+0700 (Indochina Time), Current mtime: Thu Jan 01 1970 07:00:05 GMT+0700 (Indochina Time)
debug: Inspect cce:/internal/x/cc
debug: Resolve cce:/internal/x/cc-fu/base from cce:/internal/x/cc as external dependency cce:/internal/x/cc-fu/base.
debug: Resolve cce:/internal/x/cc-fu/gfx-webgl from cce:/internal/x/cc as external dependency cce:/internal/x/cc-fu/gfx-webgl.
debug: Resolve cce:/internal/x/cc-fu/gfx-webgl2 from cce:/internal/x/cc as external dependency cce:/internal/x/cc-fu/gfx-webgl2.
debug: Resolve cce:/internal/x/cc-fu/gfx-empty from cce:/internal/x/cc as external dependency cce:/internal/x/cc-fu/gfx-empty.
debug: Resolve cce:/internal/x/cc-fu/3d from cce:/internal/x/cc as external dependency cce:/internal/x/cc-fu/3d.
debug: Resolve cce:/internal/x/cc-fu/animation from cce:/internal/x/cc as external dependency cce:/internal/x/cc-fu/animation.
debug: Resolve cce:/internal/x/cc-fu/skeletal-animation from cce:/internal/x/cc as external dependency cce:/internal/x/cc-fu/skeletal-animation.
debug: Resolve cce:/internal/x/cc-fu/2d from cce:/internal/x/cc as external dependency cce:/internal/x/cc-fu/2d.
debug: Resolve cce:/internal/x/cc-fu/sorting from cce:/internal/x/cc as external dependency cce:/internal/x/cc-fu/sorting.
debug: Resolve cce:/internal/x/cc-fu/ui from cce:/internal/x/cc as external dependency cce:/internal/x/cc-fu/ui.
debug: Resolve cce:/internal/x/cc-fu/particle from cce:/internal/x/cc as external dependency cce:/internal/x/cc-fu/particle.
debug: Resolve cce:/internal/x/cc-fu/particle-2d from cce:/internal/x/cc as external dependency cce:/internal/x/cc-fu/particle-2d.
debug: Resolve cce:/internal/x/cc-fu/physics-framework from cce:/internal/x/cc as external dependency cce:/internal/x/cc-fu/physics-framework.
debug: Resolve cce:/internal/x/cc-fu/physics-2d-framework from cce:/internal/x/cc as external dependency cce:/internal/x/cc-fu/physics-2d-framework.
debug: Resolve cce:/internal/x/cc-fu/intersection-2d from cce:/internal/x/cc as external dependency cce:/internal/x/cc-fu/intersection-2d.
debug: Resolve cce:/internal/x/cc-fu/primitive from cce:/internal/x/cc as external dependency cce:/internal/x/cc-fu/primitive.
debug: Resolve cce:/internal/x/cc-fu/profiler from cce:/internal/x/cc as external dependency cce:/internal/x/cc-fu/profiler.
debug: Resolve cce:/internal/x/cc-fu/geometry-renderer from cce:/internal/x/cc as external dependency cce:/internal/x/cc-fu/geometry-renderer.
debug: Resolve cce:/internal/x/cc-fu/audio from cce:/internal/x/cc as external dependency cce:/internal/x/cc-fu/audio.
debug: Resolve cce:/internal/x/cc-fu/video from cce:/internal/x/cc as external dependency cce:/internal/x/cc-fu/video.
debug: Resolve cce:/internal/x/cc-fu/xr from cce:/internal/x/cc as external dependency cce:/internal/x/cc-fu/xr.
debug: Resolve cce:/internal/x/cc-fu/light-probe from cce:/internal/x/cc as external dependency cce:/internal/x/cc-fu/light-probe.
debug: Resolve cce:/internal/x/cc-fu/terrain from cce:/internal/x/cc as external dependency cce:/internal/x/cc-fu/terrain.
debug: Resolve cce:/internal/x/cc-fu/webview from cce:/internal/x/cc as external dependency cce:/internal/x/cc-fu/webview.
debug: Resolve cce:/internal/x/cc-fu/tween from cce:/internal/x/cc as external dependency cce:/internal/x/cc-fu/tween.
debug: Resolve cce:/internal/x/cc-fu/tiled-map from cce:/internal/x/cc as external dependency cce:/internal/x/cc-fu/tiled-map.
debug: Resolve cce:/internal/x/cc-fu/spine from cce:/internal/x/cc as external dependency cce:/internal/x/cc-fu/spine.
debug: Resolve cce:/internal/x/cc-fu/dragon-bones from cce:/internal/x/cc as external dependency cce:/internal/x/cc-fu/dragon-bones.
debug: Resolve cce:/internal/x/cc-fu/custom-pipeline from cce:/internal/x/cc as external dependency cce:/internal/x/cc-fu/custom-pipeline.
debug: Detected change: cce:/internal/x/prerequisite-imports. Last mtime: Thu Jan 01 1970 09:11:42 GMT+0700 (Indochina Time), Current mtime: Thu Jan 01 1970 07:00:06 GMT+0700 (Indochina Time)
debug: Inspect cce:/internal/x/prerequisite-imports
debug: Resolve file:///C:/ProgramData/cocos/editors/Creator/3.7.4/resources/resources/3d/engine/editor/assets/tools/debug-view-runtime-control.ts from cce:/internal/x/prerequisite-imports as file:///C:/ProgramData/cocos/editors/Creator/3.7.4/resources/resources/3d/engine/editor/assets/tools/debug-view-runtime-control.ts.
debug: Resolve cc from file:///C:/ProgramData/cocos/editors/Creator/3.7.4/resources/resources/3d/engine/editor/assets/tools/debug-view-runtime-control.ts as cce:/internal/x/cc.
debug: Resolve cc from file:///C:/ProgramData/cocos/editors/Creator/3.7.4/resources/resources/3d/engine/editor/assets/tools/debug-view-runtime-control.ts as cce:/internal/x/cc.
debug: Resolve cc from file:///C:/ProgramData/cocos/editors/Creator/3.7.4/resources/resources/3d/engine/editor/assets/tools/debug-view-runtime-control.ts as cce:/internal/x/cc.
debug: Resolve file:///F:/CocosProject/PLY_Dreamyroom_Cocos/assets/7.Scripts/Manager/AssetsManagerCustom.ts from cce:/internal/x/prerequisite-imports as file:///F:/CocosProject/PLY_Dreamyroom_Cocos/assets/7.Scripts/Manager/AssetsManagerCustom.ts.
debug: Resolve cc from file:///F:/CocosProject/PLY_Dreamyroom_Cocos/assets/7.Scripts/Manager/AssetsManagerCustom.ts as cce:/internal/x/cc.
debug: Resolve cc from file:///F:/CocosProject/PLY_Dreamyroom_Cocos/assets/7.Scripts/Manager/AssetsManagerCustom.ts as cce:/internal/x/cc.
debug: Resolve cc from file:///F:/CocosProject/PLY_Dreamyroom_Cocos/assets/7.Scripts/Manager/AssetsManagerCustom.ts as cce:/internal/x/cc.
debug: Resolve file:///F:/CocosProject/PLY_Dreamyroom_Cocos/assets/7.Scripts/Manager/Clock.ts from cce:/internal/x/prerequisite-imports as file:///F:/CocosProject/PLY_Dreamyroom_Cocos/assets/7.Scripts/Manager/Clock.ts.
debug: Resolve cc from file:///F:/CocosProject/PLY_Dreamyroom_Cocos/assets/7.Scripts/Manager/Clock.ts as cce:/internal/x/cc.
debug: Resolve cc from file:///F:/CocosProject/PLY_Dreamyroom_Cocos/assets/7.Scripts/Manager/Clock.ts as cce:/internal/x/cc.
debug: Resolve cc from file:///F:/CocosProject/PLY_Dreamyroom_Cocos/assets/7.Scripts/Manager/Clock.ts as cce:/internal/x/cc.
debug: Resolve file:///F:/CocosProject/PLY_Dreamyroom_Cocos/assets/7.Scripts/Manager/InputManager.ts from cce:/internal/x/prerequisite-imports as file:///F:/CocosProject/PLY_Dreamyroom_Cocos/assets/7.Scripts/Manager/InputManager.ts.
debug: Resolve cce:/internal/code-quality/cr.mjs from file:///F:/CocosProject/PLY_Dreamyroom_Cocos/assets/7.Scripts/Manager/InputManager.ts as cce:/internal/code-quality/cr.mjs.
debug: Detected change: cce:/internal/code-quality/cr.mjs. Last mtime: Wed Aug 19 2026 11:23:56 GMT+0700 (Indochina Time), Current mtime: Wed Aug 19 2026 13:36:06 GMT+0700 (Indochina Time)
debug: Inspect cce:/internal/code-quality/cr.mjs
debug: Resolve cc from file:///F:/CocosProject/PLY_Dreamyroom_Cocos/assets/7.Scripts/Manager/InputManager.ts as cce:/internal/x/cc.
debug: Resolve cc from file:///F:/CocosProject/PLY_Dreamyroom_Cocos/assets/7.Scripts/Manager/InputManager.ts as cce:/internal/x/cc.
debug: Resolve cc from file:///F:/CocosProject/PLY_Dreamyroom_Cocos/assets/7.Scripts/Manager/InputManager.ts as cce:/internal/x/cc.
debug: Resolve ./UI from file:///F:/CocosProject/PLY_Dreamyroom_Cocos/assets/7.Scripts/Manager/InputManager.ts as file:///F:/CocosProject/PLY_Dreamyroom_Cocos/assets/7.Scripts/Manager/UI.ts.
debug: Resolve cce:/internal/code-quality/cr.mjs from file:///F:/CocosProject/PLY_Dreamyroom_Cocos/assets/7.Scripts/Manager/UI.ts as cce:/internal/code-quality/cr.mjs.
debug: Resolve cc from file:///F:/CocosProject/PLY_Dreamyroom_Cocos/assets/7.Scripts/Manager/UI.ts as cce:/internal/x/cc.
debug: Resolve cc from file:///F:/CocosProject/PLY_Dreamyroom_Cocos/assets/7.Scripts/Manager/UI.ts as cce:/internal/x/cc.
debug: Resolve cc from file:///F:/CocosProject/PLY_Dreamyroom_Cocos/assets/7.Scripts/Manager/UI.ts as cce:/internal/x/cc.
debug: Resolve ./World from file:///F:/CocosProject/PLY_Dreamyroom_Cocos/assets/7.Scripts/Manager/UI.ts as file:///F:/CocosProject/PLY_Dreamyroom_Cocos/assets/7.Scripts/Manager/World.ts.
debug: Resolve cce:/internal/code-quality/cr.mjs from file:///F:/CocosProject/PLY_Dreamyroom_Cocos/assets/7.Scripts/Manager/World.ts as cce:/internal/code-quality/cr.mjs.
debug: Resolve cc from file:///F:/CocosProject/PLY_Dreamyroom_Cocos/assets/7.Scripts/Manager/World.ts as cce:/internal/x/cc.
debug: Resolve cc from file:///F:/CocosProject/PLY_Dreamyroom_Cocos/assets/7.Scripts/Manager/World.ts as cce:/internal/x/cc.
debug: Resolve cc from file:///F:/CocosProject/PLY_Dreamyroom_Cocos/assets/7.Scripts/Manager/World.ts as cce:/internal/x/cc.
debug: Resolve ./UI from file:///F:/CocosProject/PLY_Dreamyroom_Cocos/assets/7.Scripts/Manager/World.ts as file:///F:/CocosProject/PLY_Dreamyroom_Cocos/assets/7.Scripts/Manager/UI.ts.
debug: Resolve ./SoundManager from file:///F:/CocosProject/PLY_Dreamyroom_Cocos/assets/7.Scripts/Manager/World.ts as file:///F:/CocosProject/PLY_Dreamyroom_Cocos/assets/7.Scripts/Manager/SoundManager.ts.
debug: Resolve cc from file:///F:/CocosProject/PLY_Dreamyroom_Cocos/assets/7.Scripts/Manager/SoundManager.ts as cce:/internal/x/cc.
debug: Resolve cc from file:///F:/CocosProject/PLY_Dreamyroom_Cocos/assets/7.Scripts/Manager/SoundManager.ts as cce:/internal/x/cc.
debug: Resolve cc from file:///F:/CocosProject/PLY_Dreamyroom_Cocos/assets/7.Scripts/Manager/SoundManager.ts as cce:/internal/x/cc.
debug: Resolve ./MainCamera from file:///F:/CocosProject/PLY_Dreamyroom_Cocos/assets/7.Scripts/Manager/World.ts as file:///F:/CocosProject/PLY_Dreamyroom_Cocos/assets/7.Scripts/Manager/MainCamera.ts.
debug: Resolve cc from file:///F:/CocosProject/PLY_Dreamyroom_Cocos/assets/7.Scripts/Manager/MainCamera.ts as cce:/internal/x/cc.
debug: Resolve cc from file:///F:/CocosProject/PLY_Dreamyroom_Cocos/assets/7.Scripts/Manager/MainCamera.ts as cce:/internal/x/cc.
debug: Resolve cc from file:///F:/CocosProject/PLY_Dreamyroom_Cocos/assets/7.Scripts/Manager/MainCamera.ts as cce:/internal/x/cc.
debug: Resolve ../Tool/GameController from file:///F:/CocosProject/PLY_Dreamyroom_Cocos/assets/7.Scripts/Manager/World.ts as file:///F:/CocosProject/PLY_Dreamyroom_Cocos/assets/7.Scripts/Tool/GameController.ts.
debug: Resolve cce:/internal/code-quality/cr.mjs from file:///F:/CocosProject/PLY_Dreamyroom_Cocos/assets/7.Scripts/Tool/GameController.ts as cce:/internal/code-quality/cr.mjs.
debug: Resolve cc from file:///F:/CocosProject/PLY_Dreamyroom_Cocos/assets/7.Scripts/Tool/GameController.ts as cce:/internal/x/cc.
debug: Resolve cc from file:///F:/CocosProject/PLY_Dreamyroom_Cocos/assets/7.Scripts/Tool/GameController.ts as cce:/internal/x/cc.
debug: Resolve cc from file:///F:/CocosProject/PLY_Dreamyroom_Cocos/assets/7.Scripts/Tool/GameController.ts as cce:/internal/x/cc.
debug: Resolve ./h5-helper from file:///F:/CocosProject/PLY_Dreamyroom_Cocos/assets/7.Scripts/Tool/GameController.ts as file:///F:/CocosProject/PLY_Dreamyroom_Cocos/assets/7.Scripts/Tool/h5-helper.ts.
debug: Resolve cc from file:///F:/CocosProject/PLY_Dreamyroom_Cocos/assets/7.Scripts/Tool/h5-helper.ts as cce:/internal/x/cc.
debug: Resolve ../Pool/PoolManager from file:///F:/CocosProject/PLY_Dreamyroom_Cocos/assets/7.Scripts/Manager/World.ts as file:///F:/CocosProject/PLY_Dreamyroom_Cocos/assets/7.Scripts/Pool/PoolManager.ts.
debug: Resolve cce:/internal/code-quality/cr.mjs from file:///F:/CocosProject/PLY_Dreamyroom_Cocos/assets/7.Scripts/Pool/PoolManager.ts as cce:/internal/code-quality/cr.mjs.
debug: Resolve cc from file:///F:/CocosProject/PLY_Dreamyroom_Cocos/assets/7.Scripts/Pool/PoolManager.ts as cce:/internal/x/cc.
debug: Resolve cc from file:///F:/CocosProject/PLY_Dreamyroom_Cocos/assets/7.Scripts/Pool/PoolManager.ts as cce:/internal/x/cc.
debug: Resolve cc from file:///F:/CocosProject/PLY_Dreamyroom_Cocos/assets/7.Scripts/Pool/PoolManager.ts as cce:/internal/x/cc.
debug: Resolve ./PoolMember from file:///F:/CocosProject/PLY_Dreamyroom_Cocos/assets/7.Scripts/Pool/PoolManager.ts as file:///F:/CocosProject/PLY_Dreamyroom_Cocos/assets/7.Scripts/Pool/PoolMember.ts.
debug: Resolve cc from file:///F:/CocosProject/PLY_Dreamyroom_Cocos/assets/7.Scripts/Pool/PoolMember.ts as cce:/internal/x/cc.
debug: Resolve cc from file:///F:/CocosProject/PLY_Dreamyroom_Cocos/assets/7.Scripts/Pool/PoolMember.ts as cce:/internal/x/cc.
debug: Resolve cc from file:///F:/CocosProject/PLY_Dreamyroom_Cocos/assets/7.Scripts/Pool/PoolMember.ts as cce:/internal/x/cc.
debug: Resolve ./PoolControl from file:///F:/CocosProject/PLY_Dreamyroom_Cocos/assets/7.Scripts/Pool/PoolManager.ts as file:///F:/CocosProject/PLY_Dreamyroom_Cocos/assets/7.Scripts/Pool/PoolControl.ts.
debug: Resolve cce:/internal/code-quality/cr.mjs from file:///F:/CocosProject/PLY_Dreamyroom_Cocos/assets/7.Scripts/Pool/PoolControl.ts as cce:/internal/code-quality/cr.mjs.
debug: Resolve cc from file:///F:/CocosProject/PLY_Dreamyroom_Cocos/assets/7.Scripts/Pool/PoolControl.ts as cce:/internal/x/cc.
debug: Resolve cc from file:///F:/CocosProject/PLY_Dreamyroom_Cocos/assets/7.Scripts/Pool/PoolControl.ts as cce:/internal/x/cc.
debug: Resolve cc from file:///F:/CocosProject/PLY_Dreamyroom_Cocos/assets/7.Scripts/Pool/PoolControl.ts as cce:/internal/x/cc.
debug: Resolve ./PoolManager from file:///F:/CocosProject/PLY_Dreamyroom_Cocos/assets/7.Scripts/Pool/PoolControl.ts as file:///F:/CocosProject/PLY_Dreamyroom_Cocos/assets/7.Scripts/Pool/PoolManager.ts.
debug: Resolve ../Pool/PoolMember from file:///F:/CocosProject/PLY_Dreamyroom_Cocos/assets/7.Scripts/Manager/World.ts as file:///F:/CocosProject/PLY_Dreamyroom_Cocos/assets/7.Scripts/Pool/PoolMember.ts.
debug: Resolve ./PointerController from file:///F:/CocosProject/PLY_Dreamyroom_Cocos/assets/7.Scripts/Manager/UI.ts as file:///F:/CocosProject/PLY_Dreamyroom_Cocos/assets/7.Scripts/Manager/PointerController.ts.
debug: Resolve cce:/internal/code-quality/cr.mjs from file:///F:/CocosProject/PLY_Dreamyroom_Cocos/assets/7.Scripts/Manager/PointerController.ts as cce:/internal/code-quality/cr.mjs.
debug: Resolve cc from file:///F:/CocosProject/PLY_Dreamyroom_Cocos/assets/7.Scripts/Manager/PointerController.ts as cce:/internal/x/cc.
debug: Resolve cc from file:///F:/CocosProject/PLY_Dreamyroom_Cocos/assets/7.Scripts/Manager/PointerController.ts as cce:/internal/x/cc.
debug: Resolve cc from file:///F:/CocosProject/PLY_Dreamyroom_Cocos/assets/7.Scripts/Manager/PointerController.ts as cce:/internal/x/cc.
debug: Resolve ./World from file:///F:/CocosProject/PLY_Dreamyroom_Cocos/assets/7.Scripts/Manager/PointerController.ts as file:///F:/CocosProject/PLY_Dreamyroom_Cocos/assets/7.Scripts/Manager/World.ts.
debug: Resolve ./SoundManager from file:///F:/CocosProject/PLY_Dreamyroom_Cocos/assets/7.Scripts/Manager/UI.ts as file:///F:/CocosProject/PLY_Dreamyroom_Cocos/assets/7.Scripts/Manager/SoundManager.ts.
debug: Resolve ./InputManager from file:///F:/CocosProject/PLY_Dreamyroom_Cocos/assets/7.Scripts/Manager/UI.ts as file:///F:/CocosProject/PLY_Dreamyroom_Cocos/assets/7.Scripts/Manager/InputManager.ts.
debug: Resolve ./SoundManager from file:///F:/CocosProject/PLY_Dreamyroom_Cocos/assets/7.Scripts/Manager/InputManager.ts as file:///F:/CocosProject/PLY_Dreamyroom_Cocos/assets/7.Scripts/Manager/SoundManager.ts.
debug: Resolve file:///F:/CocosProject/PLY_Dreamyroom_Cocos/assets/7.Scripts/Manager/Joystick.ts from cce:/internal/x/prerequisite-imports as file:///F:/CocosProject/PLY_Dreamyroom_Cocos/assets/7.Scripts/Manager/Joystick.ts.
debug: Resolve cc from file:///F:/CocosProject/PLY_Dreamyroom_Cocos/assets/7.Scripts/Manager/Joystick.ts as cce:/internal/x/cc.
debug: Resolve cc from file:///F:/CocosProject/PLY_Dreamyroom_Cocos/assets/7.Scripts/Manager/Joystick.ts as cce:/internal/x/cc.
debug: Resolve cc from file:///F:/CocosProject/PLY_Dreamyroom_Cocos/assets/7.Scripts/Manager/Joystick.ts as cce:/internal/x/cc.
debug: Resolve file:///F:/CocosProject/PLY_Dreamyroom_Cocos/assets/7.Scripts/Manager/MainCamera.ts from cce:/internal/x/prerequisite-imports as file:///F:/CocosProject/PLY_Dreamyroom_Cocos/assets/7.Scripts/Manager/MainCamera.ts.
debug: Resolve file:///F:/CocosProject/PLY_Dreamyroom_Cocos/assets/7.Scripts/Manager/PointerController.ts from cce:/internal/x/prerequisite-imports as file:///F:/CocosProject/PLY_Dreamyroom_Cocos/assets/7.Scripts/Manager/PointerController.ts.
debug: Resolve file:///F:/CocosProject/PLY_Dreamyroom_Cocos/assets/7.Scripts/Manager/SoundManager.ts from cce:/internal/x/prerequisite-imports as file:///F:/CocosProject/PLY_Dreamyroom_Cocos/assets/7.Scripts/Manager/SoundManager.ts.
debug: Resolve file:///F:/CocosProject/PLY_Dreamyroom_Cocos/assets/7.Scripts/Manager/UI.ts from cce:/internal/x/prerequisite-imports as file:///F:/CocosProject/PLY_Dreamyroom_Cocos/assets/7.Scripts/Manager/UI.ts.
debug: Resolve file:///F:/CocosProject/PLY_Dreamyroom_Cocos/assets/7.Scripts/Manager/VFX.ts from cce:/internal/x/prerequisite-imports as file:///F:/CocosProject/PLY_Dreamyroom_Cocos/assets/7.Scripts/Manager/VFX.ts.
debug: Resolve cce:/internal/code-quality/cr.mjs from file:///F:/CocosProject/PLY_Dreamyroom_Cocos/assets/7.Scripts/Manager/VFX.ts as cce:/internal/code-quality/cr.mjs.
debug: Resolve cc from file:///F:/CocosProject/PLY_Dreamyroom_Cocos/assets/7.Scripts/Manager/VFX.ts as cce:/internal/x/cc.
debug: Resolve cc from file:///F:/CocosProject/PLY_Dreamyroom_Cocos/assets/7.Scripts/Manager/VFX.ts as cce:/internal/x/cc.
debug: Resolve cc from file:///F:/CocosProject/PLY_Dreamyroom_Cocos/assets/7.Scripts/Manager/VFX.ts as cce:/internal/x/cc.
debug: Resolve ../Pool/PoolMember from file:///F:/CocosProject/PLY_Dreamyroom_Cocos/assets/7.Scripts/Manager/VFX.ts as file:///F:/CocosProject/PLY_Dreamyroom_Cocos/assets/7.Scripts/Pool/PoolMember.ts.
debug: Resolve ./World from file:///F:/CocosProject/PLY_Dreamyroom_Cocos/assets/7.Scripts/Manager/VFX.ts as file:///F:/CocosProject/PLY_Dreamyroom_Cocos/assets/7.Scripts/Manager/World.ts.
debug: Resolve file:///F:/CocosProject/PLY_Dreamyroom_Cocos/assets/7.Scripts/Manager/World.ts from cce:/internal/x/prerequisite-imports as file:///F:/CocosProject/PLY_Dreamyroom_Cocos/assets/7.Scripts/Manager/World.ts.
debug: Resolve file:///F:/CocosProject/PLY_Dreamyroom_Cocos/assets/7.Scripts/MatchAsset/MatchSprite.ts from cce:/internal/x/prerequisite-imports as file:///F:/CocosProject/PLY_Dreamyroom_Cocos/assets/7.Scripts/MatchAsset/MatchSprite.ts.
debug: Resolve cce:/internal/code-quality/cr.mjs from file:///F:/CocosProject/PLY_Dreamyroom_Cocos/assets/7.Scripts/MatchAsset/MatchSprite.ts as cce:/internal/code-quality/cr.mjs.
debug: Resolve cc from file:///F:/CocosProject/PLY_Dreamyroom_Cocos/assets/7.Scripts/MatchAsset/MatchSprite.ts as cce:/internal/x/cc.
debug: Resolve cc from file:///F:/CocosProject/PLY_Dreamyroom_Cocos/assets/7.Scripts/MatchAsset/MatchSprite.ts as cce:/internal/x/cc.
debug: Resolve cc from file:///F:/CocosProject/PLY_Dreamyroom_Cocos/assets/7.Scripts/MatchAsset/MatchSprite.ts as cce:/internal/x/cc.
debug: Resolve ./NodeOrder from file:///F:/CocosProject/PLY_Dreamyroom_Cocos/assets/7.Scripts/MatchAsset/MatchSprite.ts as file:///F:/CocosProject/PLY_Dreamyroom_Cocos/assets/7.Scripts/MatchAsset/NodeOrder.ts.
debug: Resolve cc from file:///F:/CocosProject/PLY_Dreamyroom_Cocos/assets/7.Scripts/MatchAsset/NodeOrder.ts as cce:/internal/x/cc.
debug: Resolve cc from file:///F:/CocosProject/PLY_Dreamyroom_Cocos/assets/7.Scripts/MatchAsset/NodeOrder.ts as cce:/internal/x/cc.
debug: Resolve cc from file:///F:/CocosProject/PLY_Dreamyroom_Cocos/assets/7.Scripts/MatchAsset/NodeOrder.ts as cce:/internal/x/cc.
debug: Resolve file:///F:/CocosProject/PLY_Dreamyroom_Cocos/assets/7.Scripts/MatchAsset/NodeOrder.ts from cce:/internal/x/prerequisite-imports as file:///F:/CocosProject/PLY_Dreamyroom_Cocos/assets/7.Scripts/MatchAsset/NodeOrder.ts.
debug: Resolve file:///F:/CocosProject/PLY_Dreamyroom_Cocos/assets/7.Scripts/MatchAsset/ReadImagePixel.ts from cce:/internal/x/prerequisite-imports as file:///F:/CocosProject/PLY_Dreamyroom_Cocos/assets/7.Scripts/MatchAsset/ReadImagePixel.ts.
debug: Resolve cc from file:///F:/CocosProject/PLY_Dreamyroom_Cocos/assets/7.Scripts/MatchAsset/ReadImagePixel.ts as cce:/internal/x/cc.
debug: Resolve cc from file:///F:/CocosProject/PLY_Dreamyroom_Cocos/assets/7.Scripts/MatchAsset/ReadImagePixel.ts as cce:/internal/x/cc.
debug: Resolve cc from file:///F:/CocosProject/PLY_Dreamyroom_Cocos/assets/7.Scripts/MatchAsset/ReadImagePixel.ts as cce:/internal/x/cc.
debug: Resolve file:///F:/CocosProject/PLY_Dreamyroom_Cocos/assets/7.Scripts/MatchAsset/SpriteSizeSetter.ts from cce:/internal/x/prerequisite-imports as file:///F:/CocosProject/PLY_Dreamyroom_Cocos/assets/7.Scripts/MatchAsset/SpriteSizeSetter.ts.
debug: Resolve cc from file:///F:/CocosProject/PLY_Dreamyroom_Cocos/assets/7.Scripts/MatchAsset/SpriteSizeSetter.ts as cce:/internal/x/cc.
debug: Resolve cc from file:///F:/CocosProject/PLY_Dreamyroom_Cocos/assets/7.Scripts/MatchAsset/SpriteSizeSetter.ts as cce:/internal/x/cc.
debug: Resolve cc from file:///F:/CocosProject/PLY_Dreamyroom_Cocos/assets/7.Scripts/MatchAsset/SpriteSizeSetter.ts as cce:/internal/x/cc.
debug: Resolve file:///F:/CocosProject/PLY_Dreamyroom_Cocos/assets/7.Scripts/MatchAsset/Ulis.ts from cce:/internal/x/prerequisite-imports as file:///F:/CocosProject/PLY_Dreamyroom_Cocos/assets/7.Scripts/MatchAsset/Ulis.ts.
debug: Resolve cc from file:///F:/CocosProject/PLY_Dreamyroom_Cocos/assets/7.Scripts/MatchAsset/Ulis.ts as cce:/internal/x/cc.
debug: Resolve cc from file:///F:/CocosProject/PLY_Dreamyroom_Cocos/assets/7.Scripts/MatchAsset/Ulis.ts as cce:/internal/x/cc.
debug: Resolve cc from file:///F:/CocosProject/PLY_Dreamyroom_Cocos/assets/7.Scripts/MatchAsset/Ulis.ts as cce:/internal/x/cc.
debug: Resolve file:///F:/CocosProject/PLY_Dreamyroom_Cocos/assets/7.Scripts/Misc/AStar.ts from cce:/internal/x/prerequisite-imports as file:///F:/CocosProject/PLY_Dreamyroom_Cocos/assets/7.Scripts/Misc/AStar.ts.
debug: Resolve cce:/internal/code-quality/cr.mjs from file:///F:/CocosProject/PLY_Dreamyroom_Cocos/assets/7.Scripts/Misc/AStar.ts as cce:/internal/code-quality/cr.mjs.
debug: Resolve cc from file:///F:/CocosProject/PLY_Dreamyroom_Cocos/assets/7.Scripts/Misc/AStar.ts as cce:/internal/x/cc.
debug: Resolve cc from file:///F:/CocosProject/PLY_Dreamyroom_Cocos/assets/7.Scripts/Misc/AStar.ts as cce:/internal/x/cc.
debug: Resolve cc from file:///F:/CocosProject/PLY_Dreamyroom_Cocos/assets/7.Scripts/Misc/AStar.ts as cce:/internal/x/cc.
debug: Resolve ./Ulis from file:///F:/CocosProject/PLY_Dreamyroom_Cocos/assets/7.Scripts/Misc/AStar.ts as file:///F:/CocosProject/PLY_Dreamyroom_Cocos/assets/7.Scripts/Misc/Ulis.ts.
debug: Resolve cce:/internal/code-quality/cr.mjs from file:///F:/CocosProject/PLY_Dreamyroom_Cocos/assets/7.Scripts/Misc/Ulis.ts as cce:/internal/code-quality/cr.mjs.
debug: Resolve cc from file:///F:/CocosProject/PLY_Dreamyroom_Cocos/assets/7.Scripts/Misc/Ulis.ts as cce:/internal/x/cc.
debug: Resolve cc from file:///F:/CocosProject/PLY_Dreamyroom_Cocos/assets/7.Scripts/Misc/Ulis.ts as cce:/internal/x/cc.
debug: Resolve cc from file:///F:/CocosProject/PLY_Dreamyroom_Cocos/assets/7.Scripts/Misc/Ulis.ts as cce:/internal/x/cc.
debug: Resolve ../Manager/PointerController from file:///F:/CocosProject/PLY_Dreamyroom_Cocos/assets/7.Scripts/Misc/Ulis.ts as file:///F:/CocosProject/PLY_Dreamyroom_Cocos/assets/7.Scripts/Manager/PointerController.ts.
debug: Resolve ../Manager/UI from file:///F:/CocosProject/PLY_Dreamyroom_Cocos/assets/7.Scripts/Misc/Ulis.ts as file:///F:/CocosProject/PLY_Dreamyroom_Cocos/assets/7.Scripts/Manager/UI.ts.
debug: Resolve file:///F:/CocosProject/PLY_Dreamyroom_Cocos/assets/7.Scripts/Misc/Black.ts from cce:/internal/x/prerequisite-imports as file:///F:/CocosProject/PLY_Dreamyroom_Cocos/assets/7.Scripts/Misc/Black.ts.
debug: Resolve cce:/internal/code-quality/cr.mjs from file:///F:/CocosProject/PLY_Dreamyroom_Cocos/assets/7.Scripts/Misc/Black.ts as cce:/internal/code-quality/cr.mjs.
debug: Resolve cc from file:///F:/CocosProject/PLY_Dreamyroom_Cocos/assets/7.Scripts/Misc/Black.ts as cce:/internal/x/cc.
debug: Resolve cc from file:///F:/CocosProject/PLY_Dreamyroom_Cocos/assets/7.Scripts/Misc/Black.ts as cce:/internal/x/cc.
debug: Resolve cc from file:///F:/CocosProject/PLY_Dreamyroom_Cocos/assets/7.Scripts/Misc/Black.ts as cce:/internal/x/cc.
debug: Resolve ../Pool/PoolMember from file:///F:/CocosProject/PLY_Dreamyroom_Cocos/assets/7.Scripts/Misc/Black.ts as file:///F:/CocosProject/PLY_Dreamyroom_Cocos/assets/7.Scripts/Pool/PoolMember.ts.
debug: Resolve db://assets/7.Scripts/Manager/World from file:///F:/CocosProject/PLY_Dreamyroom_Cocos/assets/7.Scripts/Misc/Black.ts as file:///F:/CocosProject/PLY_Dreamyroom_Cocos/assets/7.Scripts/Manager/World.ts.
debug: Resolve ./Ulis from file:///F:/CocosProject/PLY_Dreamyroom_Cocos/assets/7.Scripts/Misc/Black.ts as file:///F:/CocosProject/PLY_Dreamyroom_Cocos/assets/7.Scripts/Misc/Ulis.ts.
debug: Resolve file:///F:/CocosProject/PLY_Dreamyroom_Cocos/assets/7.Scripts/Misc/Cloud.ts from cce:/internal/x/prerequisite-imports as file:///F:/CocosProject/PLY_Dreamyroom_Cocos/assets/7.Scripts/Misc/Cloud.ts.
debug: Resolve cce:/internal/code-quality/cr.mjs from file:///F:/CocosProject/PLY_Dreamyroom_Cocos/assets/7.Scripts/Misc/Cloud.ts as cce:/internal/code-quality/cr.mjs.
debug: Resolve cc from file:///F:/CocosProject/PLY_Dreamyroom_Cocos/assets/7.Scripts/Misc/Cloud.ts as cce:/internal/x/cc.
debug: Resolve cc from file:///F:/CocosProject/PLY_Dreamyroom_Cocos/assets/7.Scripts/Misc/Cloud.ts as cce:/internal/x/cc.
debug: Resolve cc from file:///F:/CocosProject/PLY_Dreamyroom_Cocos/assets/7.Scripts/Misc/Cloud.ts as cce:/internal/x/cc.
debug: Resolve ../Pool/PoolMember from file:///F:/CocosProject/PLY_Dreamyroom_Cocos/assets/7.Scripts/Misc/Cloud.ts as file:///F:/CocosProject/PLY_Dreamyroom_Cocos/assets/7.Scripts/Pool/PoolMember.ts.
debug: Resolve file:///F:/CocosProject/PLY_Dreamyroom_Cocos/assets/7.Scripts/Misc/IQ.ts from cce:/internal/x/prerequisite-imports as file:///F:/CocosProject/PLY_Dreamyroom_Cocos/assets/7.Scripts/Misc/IQ.ts.
debug: Resolve cc from file:///F:/CocosProject/PLY_Dreamyroom_Cocos/assets/7.Scripts/Misc/IQ.ts as cce:/internal/x/cc.
debug: Resolve cc from file:///F:/CocosProject/PLY_Dreamyroom_Cocos/assets/7.Scripts/Misc/IQ.ts as cce:/internal/x/cc.
debug: Resolve cc from file:///F:/CocosProject/PLY_Dreamyroom_Cocos/assets/7.Scripts/Misc/IQ.ts as cce:/internal/x/cc.
debug: Resolve file:///F:/CocosProject/PLY_Dreamyroom_Cocos/assets/7.Scripts/Misc/MeshLoader.ts from cce:/internal/x/prerequisite-imports as file:///F:/CocosProject/PLY_Dreamyroom_Cocos/assets/7.Scripts/Misc/MeshLoader.ts.
debug: Resolve cce:/internal/code-quality/cr.mjs from file:///F:/CocosProject/PLY_Dreamyroom_Cocos/assets/7.Scripts/Misc/MeshLoader.ts as cce:/internal/code-quality/cr.mjs.
debug: Resolve cc from file:///F:/CocosProject/PLY_Dreamyroom_Cocos/assets/7.Scripts/Misc/MeshLoader.ts as cce:/internal/x/cc.
debug: Resolve cc from file:///F:/CocosProject/PLY_Dreamyroom_Cocos/assets/7.Scripts/Misc/MeshLoader.ts as cce:/internal/x/cc.
debug: Resolve cc from file:///F:/CocosProject/PLY_Dreamyroom_Cocos/assets/7.Scripts/Misc/MeshLoader.ts as cce:/internal/x/cc.
debug: Resolve ../Pool/PoolMember from file:///F:/CocosProject/PLY_Dreamyroom_Cocos/assets/7.Scripts/Misc/MeshLoader.ts as file:///F:/CocosProject/PLY_Dreamyroom_Cocos/assets/7.Scripts/Pool/PoolMember.ts.
debug: Resolve file:///F:/CocosProject/PLY_Dreamyroom_Cocos/assets/7.Scripts/Misc/SkinManager.ts from cce:/internal/x/prerequisite-imports as file:///F:/CocosProject/PLY_Dreamyroom_Cocos/assets/7.Scripts/Misc/SkinManager.ts.
debug: Resolve cce:/internal/code-quality/cr.mjs from file:///F:/CocosProject/PLY_Dreamyroom_Cocos/assets/7.Scripts/Misc/SkinManager.ts as cce:/internal/code-quality/cr.mjs.
debug: Resolve cc from file:///F:/CocosProject/PLY_Dreamyroom_Cocos/assets/7.Scripts/Misc/SkinManager.ts as cce:/internal/x/cc.
debug: Resolve cc from file:///F:/CocosProject/PLY_Dreamyroom_Cocos/assets/7.Scripts/Misc/SkinManager.ts as cce:/internal/x/cc.
debug: Resolve cc from file:///F:/CocosProject/PLY_Dreamyroom_Cocos/assets/7.Scripts/Misc/SkinManager.ts as cce:/internal/x/cc.
debug: Resolve db://assets/7.Scripts/Manager/World from file:///F:/CocosProject/PLY_Dreamyroom_Cocos/assets/7.Scripts/Misc/SkinManager.ts as file:///F:/CocosProject/PLY_Dreamyroom_Cocos/assets/7.Scripts/Manager/World.ts.
debug: Resolve file:///F:/CocosProject/PLY_Dreamyroom_Cocos/assets/7.Scripts/Misc/SplineLineRenderer.ts from cce:/internal/x/prerequisite-imports as file:///F:/CocosProject/PLY_Dreamyroom_Cocos/assets/7.Scripts/Misc/SplineLineRenderer.ts.
debug: Resolve cc from file:///F:/CocosProject/PLY_Dreamyroom_Cocos/assets/7.Scripts/Misc/SplineLineRenderer.ts as cce:/internal/x/cc.
debug: Resolve cc from file:///F:/CocosProject/PLY_Dreamyroom_Cocos/assets/7.Scripts/Misc/SplineLineRenderer.ts as cce:/internal/x/cc.
debug: Resolve cc from file:///F:/CocosProject/PLY_Dreamyroom_Cocos/assets/7.Scripts/Misc/SplineLineRenderer.ts as cce:/internal/x/cc.
debug: Resolve file:///F:/CocosProject/PLY_Dreamyroom_Cocos/assets/7.Scripts/Misc/Tooth.ts from cce:/internal/x/prerequisite-imports as file:///F:/CocosProject/PLY_Dreamyroom_Cocos/assets/7.Scripts/Misc/Tooth.ts.
debug: Resolve cce:/internal/code-quality/cr.mjs from file:///F:/CocosProject/PLY_Dreamyroom_Cocos/assets/7.Scripts/Misc/Tooth.ts as cce:/internal/code-quality/cr.mjs.
debug: Resolve cc from file:///F:/CocosProject/PLY_Dreamyroom_Cocos/assets/7.Scripts/Misc/Tooth.ts as cce:/internal/x/cc.
debug: Resolve cc from file:///F:/CocosProject/PLY_Dreamyroom_Cocos/assets/7.Scripts/Misc/Tooth.ts as cce:/internal/x/cc.
debug: Resolve cc from file:///F:/CocosProject/PLY_Dreamyroom_Cocos/assets/7.Scripts/Misc/Tooth.ts as cce:/internal/x/cc.
debug: Resolve ./MeshLoader from file:///F:/CocosProject/PLY_Dreamyroom_Cocos/assets/7.Scripts/Misc/Tooth.ts as file:///F:/CocosProject/PLY_Dreamyroom_Cocos/assets/7.Scripts/Misc/MeshLoader.ts.
debug: Resolve ../Manager/AssetsManagerCustom from file:///F:/CocosProject/PLY_Dreamyroom_Cocos/assets/7.Scripts/Misc/Tooth.ts as file:///F:/CocosProject/PLY_Dreamyroom_Cocos/assets/7.Scripts/Manager/AssetsManagerCustom.ts.
debug: Resolve file:///F:/CocosProject/PLY_Dreamyroom_Cocos/assets/7.Scripts/Misc/Ulis.ts from cce:/internal/x/prerequisite-imports as file:///F:/CocosProject/PLY_Dreamyroom_Cocos/assets/7.Scripts/Misc/Ulis.ts.
debug: Resolve file:///F:/CocosProject/PLY_Dreamyroom_Cocos/assets/7.Scripts/Pool/PoolControl.ts from cce:/internal/x/prerequisite-imports as file:///F:/CocosProject/PLY_Dreamyroom_Cocos/assets/7.Scripts/Pool/PoolControl.ts.
debug: Resolve file:///F:/CocosProject/PLY_Dreamyroom_Cocos/assets/7.Scripts/Pool/PoolManager.ts from cce:/internal/x/prerequisite-imports as file:///F:/CocosProject/PLY_Dreamyroom_Cocos/assets/7.Scripts/Pool/PoolManager.ts.
debug: Resolve file:///F:/CocosProject/PLY_Dreamyroom_Cocos/assets/7.Scripts/Pool/PoolMember.ts from cce:/internal/x/prerequisite-imports as file:///F:/CocosProject/PLY_Dreamyroom_Cocos/assets/7.Scripts/Pool/PoolMember.ts.
debug: Resolve file:///F:/CocosProject/PLY_Dreamyroom_Cocos/assets/7.Scripts/Tool/AppLovinAnalytics.ts from cce:/internal/x/prerequisite-imports as file:///F:/CocosProject/PLY_Dreamyroom_Cocos/assets/7.Scripts/Tool/AppLovinAnalytics.ts.
debug: Resolve cc from file:///F:/CocosProject/PLY_Dreamyroom_Cocos/assets/7.Scripts/Tool/AppLovinAnalytics.ts as cce:/internal/x/cc.
debug: Resolve cc from file:///F:/CocosProject/PLY_Dreamyroom_Cocos/assets/7.Scripts/Tool/AppLovinAnalytics.ts as cce:/internal/x/cc.
debug: Resolve cc from file:///F:/CocosProject/PLY_Dreamyroom_Cocos/assets/7.Scripts/Tool/AppLovinAnalytics.ts as cce:/internal/x/cc.
debug: Resolve file:///F:/CocosProject/PLY_Dreamyroom_Cocos/assets/7.Scripts/Tool/GameController.ts from cce:/internal/x/prerequisite-imports as file:///F:/CocosProject/PLY_Dreamyroom_Cocos/assets/7.Scripts/Tool/GameController.ts.
debug: Resolve file:///F:/CocosProject/PLY_Dreamyroom_Cocos/assets/7.Scripts/Tool/h5-helper.ts from cce:/internal/x/prerequisite-imports as file:///F:/CocosProject/PLY_Dreamyroom_Cocos/assets/7.Scripts/Tool/h5-helper.ts.
debug: Resolve file:///F:/CocosProject/PLY_Dreamyroom_Cocos/assets/scripts/box/BoxController.ts from cce:/internal/x/prerequisite-imports as file:///F:/CocosProject/PLY_Dreamyroom_Cocos/assets/scripts/box/BoxController.ts.
debug: Resolve cce:/internal/code-quality/cr.mjs from file:///F:/CocosProject/PLY_Dreamyroom_Cocos/assets/scripts/box/BoxController.ts as cce:/internal/code-quality/cr.mjs.
debug: Resolve cc from file:///F:/CocosProject/PLY_Dreamyroom_Cocos/assets/scripts/box/BoxController.ts as cce:/internal/x/cc.
debug: Resolve cc from file:///F:/CocosProject/PLY_Dreamyroom_Cocos/assets/scripts/box/BoxController.ts as cce:/internal/x/cc.
debug: Resolve cc from file:///F:/CocosProject/PLY_Dreamyroom_Cocos/assets/scripts/box/BoxController.ts as cce:/internal/x/cc.
debug: Resolve ../core/InputManager from file:///F:/CocosProject/PLY_Dreamyroom_Cocos/assets/scripts/box/BoxController.ts as file:///F:/CocosProject/PLY_Dreamyroom_Cocos/assets/scripts/core/InputManager.ts.
debug: Resolve cce:/internal/code-quality/cr.mjs from file:///F:/CocosProject/PLY_Dreamyroom_Cocos/assets/scripts/core/InputManager.ts as cce:/internal/code-quality/cr.mjs.
debug: Resolve cc from file:///F:/CocosProject/PLY_Dreamyroom_Cocos/assets/scripts/core/InputManager.ts as cce:/internal/x/cc.
debug: Resolve cc from file:///F:/CocosProject/PLY_Dreamyroom_Cocos/assets/scripts/core/InputManager.ts as cce:/internal/x/cc.
debug: Resolve cc from file:///F:/CocosProject/PLY_Dreamyroom_Cocos/assets/scripts/core/InputManager.ts as cce:/internal/x/cc.
debug: Resolve ../item/ItemGraphic from file:///F:/CocosProject/PLY_Dreamyroom_Cocos/assets/scripts/core/InputManager.ts as file:///F:/CocosProject/PLY_Dreamyroom_Cocos/assets/scripts/item/ItemGraphic.ts.
debug: Resolve cc from file:///F:/CocosProject/PLY_Dreamyroom_Cocos/assets/scripts/item/ItemGraphic.ts as cce:/internal/x/cc.
debug: Resolve cc from file:///F:/CocosProject/PLY_Dreamyroom_Cocos/assets/scripts/item/ItemGraphic.ts as cce:/internal/x/cc.
debug: Resolve cc from file:///F:/CocosProject/PLY_Dreamyroom_Cocos/assets/scripts/item/ItemGraphic.ts as cce:/internal/x/cc.
debug: Resolve ../managers/ItemManager from file:///F:/CocosProject/PLY_Dreamyroom_Cocos/assets/scripts/core/InputManager.ts as file:///F:/CocosProject/PLY_Dreamyroom_Cocos/assets/scripts/managers/ItemManager.ts.
debug: Resolve cce:/internal/code-quality/cr.mjs from file:///F:/CocosProject/PLY_Dreamyroom_Cocos/assets/scripts/managers/ItemManager.ts as cce:/internal/code-quality/cr.mjs.
debug: Resolve cc from file:///F:/CocosProject/PLY_Dreamyroom_Cocos/assets/scripts/managers/ItemManager.ts as cce:/internal/x/cc.
debug: Resolve cc from file:///F:/CocosProject/PLY_Dreamyroom_Cocos/assets/scripts/managers/ItemManager.ts as cce:/internal/x/cc.
debug: Resolve cc from file:///F:/CocosProject/PLY_Dreamyroom_Cocos/assets/scripts/managers/ItemManager.ts as cce:/internal/x/cc.
debug: Resolve ../item/ItemController from file:///F:/CocosProject/PLY_Dreamyroom_Cocos/assets/scripts/managers/ItemManager.ts as file:///F:/CocosProject/PLY_Dreamyroom_Cocos/assets/scripts/item/ItemController.ts.
debug: Resolve cce:/internal/code-quality/cr.mjs from file:///F:/CocosProject/PLY_Dreamyroom_Cocos/assets/scripts/item/ItemController.ts as cce:/internal/code-quality/cr.mjs.
debug: Resolve cc from file:///F:/CocosProject/PLY_Dreamyroom_Cocos/assets/scripts/item/ItemController.ts as cce:/internal/x/cc.
debug: Resolve cc from file:///F:/CocosProject/PLY_Dreamyroom_Cocos/assets/scripts/item/ItemController.ts as cce:/internal/x/cc.
debug: Resolve cc from file:///F:/CocosProject/PLY_Dreamyroom_Cocos/assets/scripts/item/ItemController.ts as cce:/internal/x/cc.
debug: Resolve ../core/InputManager from file:///F:/CocosProject/PLY_Dreamyroom_Cocos/assets/scripts/item/ItemController.ts as file:///F:/CocosProject/PLY_Dreamyroom_Cocos/assets/scripts/core/InputManager.ts.
debug: Resolve ./ItemGraphic from file:///F:/CocosProject/PLY_Dreamyroom_Cocos/assets/scripts/item/ItemController.ts as file:///F:/CocosProject/PLY_Dreamyroom_Cocos/assets/scripts/item/ItemGraphic.ts.
debug: Resolve ./ItemMovement from file:///F:/CocosProject/PLY_Dreamyroom_Cocos/assets/scripts/item/ItemController.ts as file:///F:/CocosProject/PLY_Dreamyroom_Cocos/assets/scripts/item/ItemMovement.ts.
debug: Resolve cc from file:///F:/CocosProject/PLY_Dreamyroom_Cocos/assets/scripts/item/ItemMovement.ts as cce:/internal/x/cc.
debug: Resolve cc from file:///F:/CocosProject/PLY_Dreamyroom_Cocos/assets/scripts/item/ItemMovement.ts as cce:/internal/x/cc.
debug: Resolve cc from file:///F:/CocosProject/PLY_Dreamyroom_Cocos/assets/scripts/item/ItemMovement.ts as cce:/internal/x/cc.
debug: Resolve ./OpenItem from file:///F:/CocosProject/PLY_Dreamyroom_Cocos/assets/scripts/item/ItemController.ts as file:///F:/CocosProject/PLY_Dreamyroom_Cocos/assets/scripts/item/OpenItem.ts.
debug: Resolve cc from file:///F:/CocosProject/PLY_Dreamyroom_Cocos/assets/scripts/item/OpenItem.ts as cce:/internal/x/cc.
debug: Resolve cc from file:///F:/CocosProject/PLY_Dreamyroom_Cocos/assets/scripts/item/OpenItem.ts as cce:/internal/x/cc.
debug: Resolve cc from file:///F:/CocosProject/PLY_Dreamyroom_Cocos/assets/scripts/item/OpenItem.ts as cce:/internal/x/cc.
debug: Resolve ../managers/ItemManager from file:///F:/CocosProject/PLY_Dreamyroom_Cocos/assets/scripts/item/ItemController.ts as file:///F:/CocosProject/PLY_Dreamyroom_Cocos/assets/scripts/managers/ItemManager.ts.
debug: Resolve ../managers/WorldScrollManager from file:///F:/CocosProject/PLY_Dreamyroom_Cocos/assets/scripts/item/ItemController.ts as file:///F:/CocosProject/PLY_Dreamyroom_Cocos/assets/scripts/managers/WorldScrollManager.ts.
debug: Resolve cce:/internal/code-quality/cr.mjs from file:///F:/CocosProject/PLY_Dreamyroom_Cocos/assets/scripts/managers/WorldScrollManager.ts as cce:/internal/code-quality/cr.mjs.
debug: Resolve cc from file:///F:/CocosProject/PLY_Dreamyroom_Cocos/assets/scripts/managers/WorldScrollManager.ts as cce:/internal/x/cc.
debug: Resolve cc from file:///F:/CocosProject/PLY_Dreamyroom_Cocos/assets/scripts/managers/WorldScrollManager.ts as cce:/internal/x/cc.
debug: Resolve cc from file:///F:/CocosProject/PLY_Dreamyroom_Cocos/assets/scripts/managers/WorldScrollManager.ts as cce:/internal/x/cc.
debug: Resolve ../item/ItemController from file:///F:/CocosProject/PLY_Dreamyroom_Cocos/assets/scripts/managers/WorldScrollManager.ts as file:///F:/CocosProject/PLY_Dreamyroom_Cocos/assets/scripts/item/ItemController.ts.
debug: Resolve ../core/InputManager from file:///F:/CocosProject/PLY_Dreamyroom_Cocos/assets/scripts/managers/WorldScrollManager.ts as file:///F:/CocosProject/PLY_Dreamyroom_Cocos/assets/scripts/core/InputManager.ts.
debug: Resolve ../core/TweenUtil from file:///F:/CocosProject/PLY_Dreamyroom_Cocos/assets/scripts/managers/WorldScrollManager.ts as file:///F:/CocosProject/PLY_Dreamyroom_Cocos/assets/scripts/core/TweenUtil.ts.
debug: Resolve cc from file:///F:/CocosProject/PLY_Dreamyroom_Cocos/assets/scripts/core/TweenUtil.ts as cce:/internal/x/cc.
debug: Resolve cc from file:///F:/CocosProject/PLY_Dreamyroom_Cocos/assets/scripts/core/TweenUtil.ts as cce:/internal/x/cc.
debug: Resolve cc from file:///F:/CocosProject/PLY_Dreamyroom_Cocos/assets/scripts/core/TweenUtil.ts as cce:/internal/x/cc.
debug: Resolve ../utils/SeatHandler from file:///F:/CocosProject/PLY_Dreamyroom_Cocos/assets/scripts/item/ItemController.ts as file:///F:/CocosProject/PLY_Dreamyroom_Cocos/assets/scripts/utils/SeatHandler.ts.
debug: Resolve cc from file:///F:/CocosProject/PLY_Dreamyroom_Cocos/assets/scripts/utils/SeatHandler.ts as cce:/internal/x/cc.
debug: Resolve cc from file:///F:/CocosProject/PLY_Dreamyroom_Cocos/assets/scripts/utils/SeatHandler.ts as cce:/internal/x/cc.
debug: Resolve cc from file:///F:/CocosProject/PLY_Dreamyroom_Cocos/assets/scripts/utils/SeatHandler.ts as cce:/internal/x/cc.
debug: Resolve ../utils/TurnOnSpine from file:///F:/CocosProject/PLY_Dreamyroom_Cocos/assets/scripts/item/ItemController.ts as file:///F:/CocosProject/PLY_Dreamyroom_Cocos/assets/scripts/utils/TurnOnSpine.ts.
debug: Resolve cc from file:///F:/CocosProject/PLY_Dreamyroom_Cocos/assets/scripts/utils/TurnOnSpine.ts as cce:/internal/x/cc.
debug: Resolve cc from file:///F:/CocosProject/PLY_Dreamyroom_Cocos/assets/scripts/utils/TurnOnSpine.ts as cce:/internal/x/cc.
debug: Resolve cc from file:///F:/CocosProject/PLY_Dreamyroom_Cocos/assets/scripts/utils/TurnOnSpine.ts as cce:/internal/x/cc.
debug: Resolve ../utils/ChangeLight from file:///F:/CocosProject/PLY_Dreamyroom_Cocos/assets/scripts/item/ItemController.ts as file:///F:/CocosProject/PLY_Dreamyroom_Cocos/assets/scripts/utils/ChangeLight.ts.
debug: Resolve cc from file:///F:/CocosProject/PLY_Dreamyroom_Cocos/assets/scripts/utils/ChangeLight.ts as cce:/internal/x/cc.
debug: Resolve cc from file:///F:/CocosProject/PLY_Dreamyroom_Cocos/assets/scripts/utils/ChangeLight.ts as cce:/internal/x/cc.
debug: Resolve cc from file:///F:/CocosProject/PLY_Dreamyroom_Cocos/assets/scripts/utils/ChangeLight.ts as cce:/internal/x/cc.
debug: Resolve ../core/SoundManager from file:///F:/CocosProject/PLY_Dreamyroom_Cocos/assets/scripts/item/ItemController.ts as file:///F:/CocosProject/PLY_Dreamyroom_Cocos/assets/scripts/core/SoundManager.ts.
debug: Resolve cc from file:///F:/CocosProject/PLY_Dreamyroom_Cocos/assets/scripts/core/SoundManager.ts as cce:/internal/x/cc.
debug: Resolve cc from file:///F:/CocosProject/PLY_Dreamyroom_Cocos/assets/scripts/core/SoundManager.ts as cce:/internal/x/cc.
debug: Resolve cc from file:///F:/CocosProject/PLY_Dreamyroom_Cocos/assets/scripts/core/SoundManager.ts as cce:/internal/x/cc.
debug: Resolve ../core/ObjectPool from file:///F:/CocosProject/PLY_Dreamyroom_Cocos/assets/scripts/item/ItemController.ts as file:///F:/CocosProject/PLY_Dreamyroom_Cocos/assets/scripts/core/ObjectPool.ts.
debug: Resolve cc from file:///F:/CocosProject/PLY_Dreamyroom_Cocos/assets/scripts/core/ObjectPool.ts as cce:/internal/x/cc.
debug: Resolve cc from file:///F:/CocosProject/PLY_Dreamyroom_Cocos/assets/scripts/core/ObjectPool.ts as cce:/internal/x/cc.
debug: Resolve cc from file:///F:/CocosProject/PLY_Dreamyroom_Cocos/assets/scripts/core/ObjectPool.ts as cce:/internal/x/cc.
debug: Resolve ../effects/BlinkEffect from file:///F:/CocosProject/PLY_Dreamyroom_Cocos/assets/scripts/item/ItemController.ts as file:///F:/CocosProject/PLY_Dreamyroom_Cocos/assets/scripts/effects/BlinkEffect.ts.
debug: Resolve cce:/internal/code-quality/cr.mjs from file:///F:/CocosProject/PLY_Dreamyroom_Cocos/assets/scripts/effects/BlinkEffect.ts as cce:/internal/code-quality/cr.mjs.
debug: Resolve cc from file:///F:/CocosProject/PLY_Dreamyroom_Cocos/assets/scripts/effects/BlinkEffect.ts as cce:/internal/x/cc.
debug: Resolve cc from file:///F:/CocosProject/PLY_Dreamyroom_Cocos/assets/scripts/effects/BlinkEffect.ts as cce:/internal/x/cc.
debug: Resolve cc from file:///F:/CocosProject/PLY_Dreamyroom_Cocos/assets/scripts/effects/BlinkEffect.ts as cce:/internal/x/cc.
debug: Resolve ../core/ObjectPool from file:///F:/CocosProject/PLY_Dreamyroom_Cocos/assets/scripts/effects/BlinkEffect.ts as file:///F:/CocosProject/PLY_Dreamyroom_Cocos/assets/scripts/core/ObjectPool.ts.
debug: Resolve ../item/ItemGraphic from file:///F:/CocosProject/PLY_Dreamyroom_Cocos/assets/scripts/managers/ItemManager.ts as file:///F:/CocosProject/PLY_Dreamyroom_Cocos/assets/scripts/item/ItemGraphic.ts.
debug: Resolve ../utils/HolderSlot from file:///F:/CocosProject/PLY_Dreamyroom_Cocos/assets/scripts/managers/ItemManager.ts as file:///F:/CocosProject/PLY_Dreamyroom_Cocos/assets/scripts/utils/HolderSlot.ts.
debug: Resolve cc from file:///F:/CocosProject/PLY_Dreamyroom_Cocos/assets/scripts/utils/HolderSlot.ts as cce:/internal/x/cc.
debug: Resolve cc from file:///F:/CocosProject/PLY_Dreamyroom_Cocos/assets/scripts/utils/HolderSlot.ts as cce:/internal/x/cc.
debug: Resolve cc from file:///F:/CocosProject/PLY_Dreamyroom_Cocos/assets/scripts/utils/HolderSlot.ts as cce:/internal/x/cc.
debug: Resolve ../utils/SeatHandler from file:///F:/CocosProject/PLY_Dreamyroom_Cocos/assets/scripts/managers/ItemManager.ts as file:///F:/CocosProject/PLY_Dreamyroom_Cocos/assets/scripts/utils/SeatHandler.ts.
debug: Resolve ../core/TweenUtil from file:///F:/CocosProject/PLY_Dreamyroom_Cocos/assets/scripts/managers/ItemManager.ts as file:///F:/CocosProject/PLY_Dreamyroom_Cocos/assets/scripts/core/TweenUtil.ts.
debug: Resolve ./WorldScrollManager from file:///F:/CocosProject/PLY_Dreamyroom_Cocos/assets/scripts/managers/ItemManager.ts as file:///F:/CocosProject/PLY_Dreamyroom_Cocos/assets/scripts/managers/WorldScrollManager.ts.
debug: Resolve ./UIManager from file:///F:/CocosProject/PLY_Dreamyroom_Cocos/assets/scripts/managers/ItemManager.ts as file:///F:/CocosProject/PLY_Dreamyroom_Cocos/assets/scripts/managers/UIManager.ts.
debug: Resolve cce:/internal/code-quality/cr.mjs from file:///F:/CocosProject/PLY_Dreamyroom_Cocos/assets/scripts/managers/UIManager.ts as cce:/internal/code-quality/cr.mjs.
debug: Resolve cc from file:///F:/CocosProject/PLY_Dreamyroom_Cocos/assets/scripts/managers/UIManager.ts as cce:/internal/x/cc.
debug: Resolve cc from file:///F:/CocosProject/PLY_Dreamyroom_Cocos/assets/scripts/managers/UIManager.ts as cce:/internal/x/cc.
debug: Resolve cc from file:///F:/CocosProject/PLY_Dreamyroom_Cocos/assets/scripts/managers/UIManager.ts as cce:/internal/x/cc.
debug: Resolve ../core/InputManager from file:///F:/CocosProject/PLY_Dreamyroom_Cocos/assets/scripts/managers/UIManager.ts as file:///F:/CocosProject/PLY_Dreamyroom_Cocos/assets/scripts/core/InputManager.ts.
debug: Resolve ./ItemManager from file:///F:/CocosProject/PLY_Dreamyroom_Cocos/assets/scripts/managers/UIManager.ts as file:///F:/CocosProject/PLY_Dreamyroom_Cocos/assets/scripts/managers/ItemManager.ts.
debug: Resolve ../utils/BallFollowFill from file:///F:/CocosProject/PLY_Dreamyroom_Cocos/assets/scripts/managers/UIManager.ts as file:///F:/CocosProject/PLY_Dreamyroom_Cocos/assets/scripts/utils/BallFollowFill.ts.
debug: Resolve cce:/internal/code-quality/cr.mjs from file:///F:/CocosProject/PLY_Dreamyroom_Cocos/assets/scripts/utils/BallFollowFill.ts as cce:/internal/code-quality/cr.mjs.
debug: Resolve cc from file:///F:/CocosProject/PLY_Dreamyroom_Cocos/assets/scripts/utils/BallFollowFill.ts as cce:/internal/x/cc.
debug: Resolve cc from file:///F:/CocosProject/PLY_Dreamyroom_Cocos/assets/scripts/utils/BallFollowFill.ts as cce:/internal/x/cc.
debug: Resolve cc from file:///F:/CocosProject/PLY_Dreamyroom_Cocos/assets/scripts/utils/BallFollowFill.ts as cce:/internal/x/cc.
debug: Resolve ../core/TweenUtil from file:///F:/CocosProject/PLY_Dreamyroom_Cocos/assets/scripts/utils/BallFollowFill.ts as file:///F:/CocosProject/PLY_Dreamyroom_Cocos/assets/scripts/core/TweenUtil.ts.
debug: Resolve ../core/TweenUtil from file:///F:/CocosProject/PLY_Dreamyroom_Cocos/assets/scripts/managers/UIManager.ts as file:///F:/CocosProject/PLY_Dreamyroom_Cocos/assets/scripts/core/TweenUtil.ts.
debug: Resolve ./BoxManager from file:///F:/CocosProject/PLY_Dreamyroom_Cocos/assets/scripts/managers/ItemManager.ts as file:///F:/CocosProject/PLY_Dreamyroom_Cocos/assets/scripts/managers/BoxManager.ts.
debug: Resolve cce:/internal/code-quality/cr.mjs from file:///F:/CocosProject/PLY_Dreamyroom_Cocos/assets/scripts/managers/BoxManager.ts as cce:/internal/code-quality/cr.mjs.
debug: Resolve cc from file:///F:/CocosProject/PLY_Dreamyroom_Cocos/assets/scripts/managers/BoxManager.ts as cce:/internal/x/cc.
debug: Resolve cc from file:///F:/CocosProject/PLY_Dreamyroom_Cocos/assets/scripts/managers/BoxManager.ts as cce:/internal/x/cc.
debug: Resolve cc from file:///F:/CocosProject/PLY_Dreamyroom_Cocos/assets/scripts/managers/BoxManager.ts as cce:/internal/x/cc.
debug: Resolve ../box/BoxController from file:///F:/CocosProject/PLY_Dreamyroom_Cocos/assets/scripts/managers/BoxManager.ts as file:///F:/CocosProject/PLY_Dreamyroom_Cocos/assets/scripts/box/BoxController.ts.
debug: Resolve ../box/BoxGraphic from file:///F:/CocosProject/PLY_Dreamyroom_Cocos/assets/scripts/managers/BoxManager.ts as file:///F:/CocosProject/PLY_Dreamyroom_Cocos/assets/scripts/box/BoxGraphic.ts.
debug: Resolve cc from file:///F:/CocosProject/PLY_Dreamyroom_Cocos/assets/scripts/box/BoxGraphic.ts as cce:/internal/x/cc.
debug: Resolve cc from file:///F:/CocosProject/PLY_Dreamyroom_Cocos/assets/scripts/box/BoxGraphic.ts as cce:/internal/x/cc.
debug: Resolve cc from file:///F:/CocosProject/PLY_Dreamyroom_Cocos/assets/scripts/box/BoxGraphic.ts as cce:/internal/x/cc.
debug: Resolve ./BoxGraphic from file:///F:/CocosProject/PLY_Dreamyroom_Cocos/assets/scripts/box/BoxController.ts as file:///F:/CocosProject/PLY_Dreamyroom_Cocos/assets/scripts/box/BoxGraphic.ts.
debug: Resolve ../managers/ItemManager from file:///F:/CocosProject/PLY_Dreamyroom_Cocos/assets/scripts/box/BoxController.ts as file:///F:/CocosProject/PLY_Dreamyroom_Cocos/assets/scripts/managers/ItemManager.ts.
debug: Resolve ../managers/UIManager from file:///F:/CocosProject/PLY_Dreamyroom_Cocos/assets/scripts/box/BoxController.ts as file:///F:/CocosProject/PLY_Dreamyroom_Cocos/assets/scripts/managers/UIManager.ts.
debug: Resolve ../managers/BaseRoomManager from file:///F:/CocosProject/PLY_Dreamyroom_Cocos/assets/scripts/box/BoxController.ts as file:///F:/CocosProject/PLY_Dreamyroom_Cocos/assets/scripts/managers/BaseRoomManager.ts.
debug: Resolve cce:/internal/code-quality/cr.mjs from file:///F:/CocosProject/PLY_Dreamyroom_Cocos/assets/scripts/managers/BaseRoomManager.ts as cce:/internal/code-quality/cr.mjs.
debug: Resolve cc from file:///F:/CocosProject/PLY_Dreamyroom_Cocos/assets/scripts/managers/BaseRoomManager.ts as cce:/internal/x/cc.
debug: Resolve cc from file:///F:/CocosProject/PLY_Dreamyroom_Cocos/assets/scripts/managers/BaseRoomManager.ts as cce:/internal/x/cc.
debug: Resolve cc from file:///F:/CocosProject/PLY_Dreamyroom_Cocos/assets/scripts/managers/BaseRoomManager.ts as cce:/internal/x/cc.
debug: Resolve ../utils/BaseRoom from file:///F:/CocosProject/PLY_Dreamyroom_Cocos/assets/scripts/managers/BaseRoomManager.ts as file:///F:/CocosProject/PLY_Dreamyroom_Cocos/assets/scripts/utils/BaseRoom.ts.
debug: Resolve cce:/internal/code-quality/cr.mjs from file:///F:/CocosProject/PLY_Dreamyroom_Cocos/assets/scripts/utils/BaseRoom.ts as cce:/internal/code-quality/cr.mjs.
debug: Resolve cc from file:///F:/CocosProject/PLY_Dreamyroom_Cocos/assets/scripts/utils/BaseRoom.ts as cce:/internal/x/cc.
debug: Resolve cc from file:///F:/CocosProject/PLY_Dreamyroom_Cocos/assets/scripts/utils/BaseRoom.ts as cce:/internal/x/cc.
debug: Resolve cc from file:///F:/CocosProject/PLY_Dreamyroom_Cocos/assets/scripts/utils/BaseRoom.ts as cce:/internal/x/cc.
debug: Resolve ../core/InputManager from file:///F:/CocosProject/PLY_Dreamyroom_Cocos/assets/scripts/utils/BaseRoom.ts as file:///F:/CocosProject/PLY_Dreamyroom_Cocos/assets/scripts/core/InputManager.ts.
debug: Resolve ../item/ItemController from file:///F:/CocosProject/PLY_Dreamyroom_Cocos/assets/scripts/box/BoxController.ts as file:///F:/CocosProject/PLY_Dreamyroom_Cocos/assets/scripts/item/ItemController.ts.
debug: Resolve ../utils/HolderSlot from file:///F:/CocosProject/PLY_Dreamyroom_Cocos/assets/scripts/box/BoxController.ts as file:///F:/CocosProject/PLY_Dreamyroom_Cocos/assets/scripts/utils/HolderSlot.ts.
debug: Resolve ../utils/HandOfBox from file:///F:/CocosProject/PLY_Dreamyroom_Cocos/assets/scripts/box/BoxController.ts as file:///F:/CocosProject/PLY_Dreamyroom_Cocos/assets/scripts/utils/HandOfBox.ts.
debug: Resolve cce:/internal/code-quality/cr.mjs from file:///F:/CocosProject/PLY_Dreamyroom_Cocos/assets/scripts/utils/HandOfBox.ts as cce:/internal/code-quality/cr.mjs.
debug: Resolve cc from file:///F:/CocosProject/PLY_Dreamyroom_Cocos/assets/scripts/utils/HandOfBox.ts as cce:/internal/x/cc.
debug: Resolve cc from file:///F:/CocosProject/PLY_Dreamyroom_Cocos/assets/scripts/utils/HandOfBox.ts as cce:/internal/x/cc.
debug: Resolve cc from file:///F:/CocosProject/PLY_Dreamyroom_Cocos/assets/scripts/utils/HandOfBox.ts as cce:/internal/x/cc.
debug: Resolve ../core/TweenUtil from file:///F:/CocosProject/PLY_Dreamyroom_Cocos/assets/scripts/utils/HandOfBox.ts as file:///F:/CocosProject/PLY_Dreamyroom_Cocos/assets/scripts/core/TweenUtil.ts.
debug: Resolve ../core/SoundManager from file:///F:/CocosProject/PLY_Dreamyroom_Cocos/assets/scripts/box/BoxController.ts as file:///F:/CocosProject/PLY_Dreamyroom_Cocos/assets/scripts/core/SoundManager.ts.
debug: Resolve ../core/TweenUtil from file:///F:/CocosProject/PLY_Dreamyroom_Cocos/assets/scripts/box/BoxController.ts as file:///F:/CocosProject/PLY_Dreamyroom_Cocos/assets/scripts/core/TweenUtil.ts.
debug: Resolve file:///F:/CocosProject/PLY_Dreamyroom_Cocos/assets/scripts/box/BoxGraphic.ts from cce:/internal/x/prerequisite-imports as file:///F:/CocosProject/PLY_Dreamyroom_Cocos/assets/scripts/box/BoxGraphic.ts.
debug: Resolve file:///F:/CocosProject/PLY_Dreamyroom_Cocos/assets/scripts/core/InputManager.ts from cce:/internal/x/prerequisite-imports as file:///F:/CocosProject/PLY_Dreamyroom_Cocos/assets/scripts/core/InputManager.ts.
debug: Resolve file:///F:/CocosProject/PLY_Dreamyroom_Cocos/assets/scripts/core/ObjectPool.ts from cce:/internal/x/prerequisite-imports as file:///F:/CocosProject/PLY_Dreamyroom_Cocos/assets/scripts/core/ObjectPool.ts.
debug: Resolve file:///F:/CocosProject/PLY_Dreamyroom_Cocos/assets/scripts/core/SoundManager.ts from cce:/internal/x/prerequisite-imports as file:///F:/CocosProject/PLY_Dreamyroom_Cocos/assets/scripts/core/SoundManager.ts.
debug: Resolve file:///F:/CocosProject/PLY_Dreamyroom_Cocos/assets/scripts/core/TweenUtil.ts from cce:/internal/x/prerequisite-imports as file:///F:/CocosProject/PLY_Dreamyroom_Cocos/assets/scripts/core/TweenUtil.ts.
debug: Resolve file:///F:/CocosProject/PLY_Dreamyroom_Cocos/assets/scripts/effects/BlinkEffect.ts from cce:/internal/x/prerequisite-imports as file:///F:/CocosProject/PLY_Dreamyroom_Cocos/assets/scripts/effects/BlinkEffect.ts.
debug: Resolve file:///F:/CocosProject/PLY_Dreamyroom_Cocos/assets/scripts/item/ItemController.ts from cce:/internal/x/prerequisite-imports as file:///F:/CocosProject/PLY_Dreamyroom_Cocos/assets/scripts/item/ItemController.ts.
debug: Resolve file:///F:/CocosProject/PLY_Dreamyroom_Cocos/assets/scripts/item/ItemGraphic.ts from cce:/internal/x/prerequisite-imports as file:///F:/CocosProject/PLY_Dreamyroom_Cocos/assets/scripts/item/ItemGraphic.ts.
debug: Resolve file:///F:/CocosProject/PLY_Dreamyroom_Cocos/assets/scripts/item/ItemMovement.ts from cce:/internal/x/prerequisite-imports as file:///F:/CocosProject/PLY_Dreamyroom_Cocos/assets/scripts/item/ItemMovement.ts.
debug: Resolve file:///F:/CocosProject/PLY_Dreamyroom_Cocos/assets/scripts/item/OpenItem.ts from cce:/internal/x/prerequisite-imports as file:///F:/CocosProject/PLY_Dreamyroom_Cocos/assets/scripts/item/OpenItem.ts.
debug: Resolve file:///F:/CocosProject/PLY_Dreamyroom_Cocos/assets/scripts/managers/BaseRoomManager.ts from cce:/internal/x/prerequisite-imports as file:///F:/CocosProject/PLY_Dreamyroom_Cocos/assets/scripts/managers/BaseRoomManager.ts.
debug: Resolve file:///F:/CocosProject/PLY_Dreamyroom_Cocos/assets/scripts/managers/BoxManager.ts from cce:/internal/x/prerequisite-imports as file:///F:/CocosProject/PLY_Dreamyroom_Cocos/assets/scripts/managers/BoxManager.ts.
debug: Resolve file:///F:/CocosProject/PLY_Dreamyroom_Cocos/assets/scripts/managers/ItemManager.ts from cce:/internal/x/prerequisite-imports as file:///F:/CocosProject/PLY_Dreamyroom_Cocos/assets/scripts/managers/ItemManager.ts.
debug: Resolve file:///F:/CocosProject/PLY_Dreamyroom_Cocos/assets/scripts/managers/ProgressTrackingManager.ts from cce:/internal/x/prerequisite-imports as file:///F:/CocosProject/PLY_Dreamyroom_Cocos/assets/scripts/managers/ProgressTrackingManager.ts.
debug: Resolve cce:/internal/code-quality/cr.mjs from file:///F:/CocosProject/PLY_Dreamyroom_Cocos/assets/scripts/managers/ProgressTrackingManager.ts as cce:/internal/code-quality/cr.mjs.
debug: Resolve cc from file:///F:/CocosProject/PLY_Dreamyroom_Cocos/assets/scripts/managers/ProgressTrackingManager.ts as cce:/internal/x/cc.
debug: Resolve cc from file:///F:/CocosProject/PLY_Dreamyroom_Cocos/assets/scripts/managers/ProgressTrackingManager.ts as cce:/internal/x/cc.
debug: Resolve cc from file:///F:/CocosProject/PLY_Dreamyroom_Cocos/assets/scripts/managers/ProgressTrackingManager.ts as cce:/internal/x/cc.
debug: Resolve ../sdk/PlayableSDK from file:///F:/CocosProject/PLY_Dreamyroom_Cocos/assets/scripts/managers/ProgressTrackingManager.ts as file:///F:/CocosProject/PLY_Dreamyroom_Cocos/assets/scripts/sdk/PlayableSDK.ts.
debug: Resolve cc from file:///F:/CocosProject/PLY_Dreamyroom_Cocos/assets/scripts/sdk/PlayableSDK.ts as cce:/internal/x/cc.
debug: Resolve ./UIManager from file:///F:/CocosProject/PLY_Dreamyroom_Cocos/assets/scripts/managers/ProgressTrackingManager.ts as file:///F:/CocosProject/PLY_Dreamyroom_Cocos/assets/scripts/managers/UIManager.ts.
debug: Resolve ./ItemManager from file:///F:/CocosProject/PLY_Dreamyroom_Cocos/assets/scripts/managers/ProgressTrackingManager.ts as file:///F:/CocosProject/PLY_Dreamyroom_Cocos/assets/scripts/managers/ItemManager.ts.
debug: Resolve file:///F:/CocosProject/PLY_Dreamyroom_Cocos/assets/scripts/managers/UIManager.ts from cce:/internal/x/prerequisite-imports as file:///F:/CocosProject/PLY_Dreamyroom_Cocos/assets/scripts/managers/UIManager.ts.
debug: Resolve file:///F:/CocosProject/PLY_Dreamyroom_Cocos/assets/scripts/managers/WorldScrollManager.ts from cce:/internal/x/prerequisite-imports as file:///F:/CocosProject/PLY_Dreamyroom_Cocos/assets/scripts/managers/WorldScrollManager.ts.
debug: Resolve file:///F:/CocosProject/PLY_Dreamyroom_Cocos/assets/scripts/pipeline/SceneBuilder.ts from cce:/internal/x/prerequisite-imports as file:///F:/CocosProject/PLY_Dreamyroom_Cocos/assets/scripts/pipeline/SceneBuilder.ts.
debug: Resolve cc from file:///F:/CocosProject/PLY_Dreamyroom_Cocos/assets/scripts/pipeline/SceneBuilder.ts as cce:/internal/x/cc.
debug: Resolve cc from file:///F:/CocosProject/PLY_Dreamyroom_Cocos/assets/scripts/pipeline/SceneBuilder.ts as cce:/internal/x/cc.
debug: Resolve cc from file:///F:/CocosProject/PLY_Dreamyroom_Cocos/assets/scripts/pipeline/SceneBuilder.ts as cce:/internal/x/cc.
debug: Resolve cc/env from file:///F:/CocosProject/PLY_Dreamyroom_Cocos/assets/scripts/pipeline/SceneBuilder.ts as external dependency cc/env.
debug: Resolve file:///F:/CocosProject/PLY_Dreamyroom_Cocos/assets/scripts/sdk/PlayableSDK.ts from cce:/internal/x/prerequisite-imports as file:///F:/CocosProject/PLY_Dreamyroom_Cocos/assets/scripts/sdk/PlayableSDK.ts.
debug: Resolve file:///F:/CocosProject/PLY_Dreamyroom_Cocos/assets/scripts/utils/BallFollowFill.ts from cce:/internal/x/prerequisite-imports as file:///F:/CocosProject/PLY_Dreamyroom_Cocos/assets/scripts/utils/BallFollowFill.ts.
debug: Resolve file:///F:/CocosProject/PLY_Dreamyroom_Cocos/assets/scripts/utils/BaseRoom.ts from cce:/internal/x/prerequisite-imports as file:///F:/CocosProject/PLY_Dreamyroom_Cocos/assets/scripts/utils/BaseRoom.ts.
debug: Resolve file:///F:/CocosProject/PLY_Dreamyroom_Cocos/assets/scripts/utils/ChangeLight.ts from cce:/internal/x/prerequisite-imports as file:///F:/CocosProject/PLY_Dreamyroom_Cocos/assets/scripts/utils/ChangeLight.ts.
debug: Resolve file:///F:/CocosProject/PLY_Dreamyroom_Cocos/assets/scripts/utils/HandOfBox.ts from cce:/internal/x/prerequisite-imports as file:///F:/CocosProject/PLY_Dreamyroom_Cocos/assets/scripts/utils/HandOfBox.ts.
debug: Resolve file:///F:/CocosProject/PLY_Dreamyroom_Cocos/assets/scripts/utils/HolderSlot.ts from cce:/internal/x/prerequisite-imports as file:///F:/CocosProject/PLY_Dreamyroom_Cocos/assets/scripts/utils/HolderSlot.ts.
debug: Resolve file:///F:/CocosProject/PLY_Dreamyroom_Cocos/assets/scripts/utils/SeatHandler.ts from cce:/internal/x/prerequisite-imports as file:///F:/CocosProject/PLY_Dreamyroom_Cocos/assets/scripts/utils/SeatHandler.ts.
debug: Resolve file:///F:/CocosProject/PLY_Dreamyroom_Cocos/assets/scripts/utils/TurnOnSpine.ts from cce:/internal/x/prerequisite-imports as file:///F:/CocosProject/PLY_Dreamyroom_Cocos/assets/scripts/utils/TurnOnSpine.ts.
debug: Target(editor) ends with cost 185.3125ms.
debug: Target(preview) build started.
debug: Detected change: cce:/internal/x/cc. Last mtime: Thu Jan 01 1970 07:00:14 GMT+0700 (Indochina Time), Current mtime: Thu Jan 01 1970 07:00:05 GMT+0700 (Indochina Time)
debug: Inspect cce:/internal/x/cc
debug: Resolve cce:/internal/x/cc-fu/2d from cce:/internal/x/cc as external dependency cce:/internal/x/cc-fu/2d.
debug: Resolve cce:/internal/x/cc-fu/sorting from cce:/internal/x/cc as external dependency cce:/internal/x/cc-fu/sorting.
debug: Resolve cce:/internal/x/cc-fu/3d from cce:/internal/x/cc as external dependency cce:/internal/x/cc-fu/3d.
debug: Resolve cce:/internal/x/cc-fu/animation from cce:/internal/x/cc as external dependency cce:/internal/x/cc-fu/animation.
debug: Resolve cce:/internal/x/cc-fu/audio from cce:/internal/x/cc as external dependency cce:/internal/x/cc-fu/audio.
debug: Resolve cce:/internal/x/cc-fu/base from cce:/internal/x/cc as external dependency cce:/internal/x/cc-fu/base.
debug: Resolve cce:/internal/x/cc-fu/gfx-webgl from cce:/internal/x/cc as external dependency cce:/internal/x/cc-fu/gfx-webgl.
debug: Resolve cce:/internal/x/cc-fu/gfx-webgl2 from cce:/internal/x/cc as external dependency cce:/internal/x/cc-fu/gfx-webgl2.
debug: Resolve cce:/internal/x/cc-fu/particle from cce:/internal/x/cc as external dependency cce:/internal/x/cc-fu/particle.
debug: Resolve cce:/internal/x/cc-fu/particle-2d from cce:/internal/x/cc as external dependency cce:/internal/x/cc-fu/particle-2d.
debug: Resolve cce:/internal/x/cc-fu/profiler from cce:/internal/x/cc as external dependency cce:/internal/x/cc-fu/profiler.
debug: Resolve cce:/internal/x/cc-fu/spine from cce:/internal/x/cc as external dependency cce:/internal/x/cc-fu/spine.
debug: Resolve cce:/internal/x/cc-fu/tween from cce:/internal/x/cc as external dependency cce:/internal/x/cc-fu/tween.
debug: Resolve cce:/internal/x/cc-fu/ui from cce:/internal/x/cc as external dependency cce:/internal/x/cc-fu/ui.
debug: Resolve cce:/internal/x/cc-fu/webview from cce:/internal/x/cc as external dependency cce:/internal/x/cc-fu/webview.
debug: Detected change: cce:/internal/x/prerequisite-imports. Last mtime: Thu Jan 01 1970 09:11:42 GMT+0700 (Indochina Time), Current mtime: Thu Jan 01 1970 07:00:06 GMT+0700 (Indochina Time)
debug: Inspect cce:/internal/x/prerequisite-imports
debug: Resolve file:///C:/ProgramData/cocos/editors/Creator/3.7.4/resources/resources/3d/engine/editor/assets/tools/debug-view-runtime-control.ts from cce:/internal/x/prerequisite-imports as file:///C:/ProgramData/cocos/editors/Creator/3.7.4/resources/resources/3d/engine/editor/assets/tools/debug-view-runtime-control.ts.
debug: Resolve cc from file:///C:/ProgramData/cocos/editors/Creator/3.7.4/resources/resources/3d/engine/editor/assets/tools/debug-view-runtime-control.ts as cce:/internal/x/cc.
debug: Resolve cc from file:///C:/ProgramData/cocos/editors/Creator/3.7.4/resources/resources/3d/engine/editor/assets/tools/debug-view-runtime-control.ts as cce:/internal/x/cc.
debug: Resolve cc from file:///C:/ProgramData/cocos/editors/Creator/3.7.4/resources/resources/3d/engine/editor/assets/tools/debug-view-runtime-control.ts as cce:/internal/x/cc.
debug: Resolve file:///F:/CocosProject/PLY_Dreamyroom_Cocos/assets/7.Scripts/Manager/AssetsManagerCustom.ts from cce:/internal/x/prerequisite-imports as file:///F:/CocosProject/PLY_Dreamyroom_Cocos/assets/7.Scripts/Manager/AssetsManagerCustom.ts.
debug: Resolve cc from file:///F:/CocosProject/PLY_Dreamyroom_Cocos/assets/7.Scripts/Manager/AssetsManagerCustom.ts as cce:/internal/x/cc.
debug: Resolve cc from file:///F:/CocosProject/PLY_Dreamyroom_Cocos/assets/7.Scripts/Manager/AssetsManagerCustom.ts as cce:/internal/x/cc.
debug: Resolve cc from file:///F:/CocosProject/PLY_Dreamyroom_Cocos/assets/7.Scripts/Manager/AssetsManagerCustom.ts as cce:/internal/x/cc.
debug: Resolve file:///F:/CocosProject/PLY_Dreamyroom_Cocos/assets/7.Scripts/Manager/Clock.ts from cce:/internal/x/prerequisite-imports as file:///F:/CocosProject/PLY_Dreamyroom_Cocos/assets/7.Scripts/Manager/Clock.ts.
debug: Resolve cc from file:///F:/CocosProject/PLY_Dreamyroom_Cocos/assets/7.Scripts/Manager/Clock.ts as cce:/internal/x/cc.
debug: Resolve cc from file:///F:/CocosProject/PLY_Dreamyroom_Cocos/assets/7.Scripts/Manager/Clock.ts as cce:/internal/x/cc.
debug: Resolve cc from file:///F:/CocosProject/PLY_Dreamyroom_Cocos/assets/7.Scripts/Manager/Clock.ts as cce:/internal/x/cc.
debug: Resolve file:///F:/CocosProject/PLY_Dreamyroom_Cocos/assets/7.Scripts/Manager/InputManager.ts from cce:/internal/x/prerequisite-imports as file:///F:/CocosProject/PLY_Dreamyroom_Cocos/assets/7.Scripts/Manager/InputManager.ts.
debug: Resolve cce:/internal/code-quality/cr.mjs from file:///F:/CocosProject/PLY_Dreamyroom_Cocos/assets/7.Scripts/Manager/InputManager.ts as cce:/internal/code-quality/cr.mjs.
debug: Detected change: cce:/internal/code-quality/cr.mjs. Last mtime: Wed Aug 19 2026 11:23:56 GMT+0700 (Indochina Time), Current mtime: Wed Aug 19 2026 13:36:06 GMT+0700 (Indochina Time)
debug: Inspect cce:/internal/code-quality/cr.mjs
debug: Resolve cc from file:///F:/CocosProject/PLY_Dreamyroom_Cocos/assets/7.Scripts/Manager/InputManager.ts as cce:/internal/x/cc.
debug: Resolve cc from file:///F:/CocosProject/PLY_Dreamyroom_Cocos/assets/7.Scripts/Manager/InputManager.ts as cce:/internal/x/cc.
debug: Resolve cc from file:///F:/CocosProject/PLY_Dreamyroom_Cocos/assets/7.Scripts/Manager/InputManager.ts as cce:/internal/x/cc.
debug: Resolve ./UI from file:///F:/CocosProject/PLY_Dreamyroom_Cocos/assets/7.Scripts/Manager/InputManager.ts as file:///F:/CocosProject/PLY_Dreamyroom_Cocos/assets/7.Scripts/Manager/UI.ts.
debug: Resolve cce:/internal/code-quality/cr.mjs from file:///F:/CocosProject/PLY_Dreamyroom_Cocos/assets/7.Scripts/Manager/UI.ts as cce:/internal/code-quality/cr.mjs.
debug: Resolve cc from file:///F:/CocosProject/PLY_Dreamyroom_Cocos/assets/7.Scripts/Manager/UI.ts as cce:/internal/x/cc.
debug: Resolve cc from file:///F:/CocosProject/PLY_Dreamyroom_Cocos/assets/7.Scripts/Manager/UI.ts as cce:/internal/x/cc.
debug: Resolve cc from file:///F:/CocosProject/PLY_Dreamyroom_Cocos/assets/7.Scripts/Manager/UI.ts as cce:/internal/x/cc.
debug: Resolve ./World from file:///F:/CocosProject/PLY_Dreamyroom_Cocos/assets/7.Scripts/Manager/UI.ts as file:///F:/CocosProject/PLY_Dreamyroom_Cocos/assets/7.Scripts/Manager/World.ts.
debug: Resolve cce:/internal/code-quality/cr.mjs from file:///F:/CocosProject/PLY_Dreamyroom_Cocos/assets/7.Scripts/Manager/World.ts as cce:/internal/code-quality/cr.mjs.
debug: Resolve cc from file:///F:/CocosProject/PLY_Dreamyroom_Cocos/assets/7.Scripts/Manager/World.ts as cce:/internal/x/cc.
debug: Resolve cc from file:///F:/CocosProject/PLY_Dreamyroom_Cocos/assets/7.Scripts/Manager/World.ts as cce:/internal/x/cc.
debug: Resolve cc from file:///F:/CocosProject/PLY_Dreamyroom_Cocos/assets/7.Scripts/Manager/World.ts as cce:/internal/x/cc.
debug: Resolve ./UI from file:///F:/CocosProject/PLY_Dreamyroom_Cocos/assets/7.Scripts/Manager/World.ts as file:///F:/CocosProject/PLY_Dreamyroom_Cocos/assets/7.Scripts/Manager/UI.ts.
debug: Resolve ./SoundManager from file:///F:/CocosProject/PLY_Dreamyroom_Cocos/assets/7.Scripts/Manager/World.ts as file:///F:/CocosProject/PLY_Dreamyroom_Cocos/assets/7.Scripts/Manager/SoundManager.ts.
debug: Resolve cc from file:///F:/CocosProject/PLY_Dreamyroom_Cocos/assets/7.Scripts/Manager/SoundManager.ts as cce:/internal/x/cc.
debug: Resolve cc from file:///F:/CocosProject/PLY_Dreamyroom_Cocos/assets/7.Scripts/Manager/SoundManager.ts as cce:/internal/x/cc.
debug: Resolve cc from file:///F:/CocosProject/PLY_Dreamyroom_Cocos/assets/7.Scripts/Manager/SoundManager.ts as cce:/internal/x/cc.
debug: Resolve ./MainCamera from file:///F:/CocosProject/PLY_Dreamyroom_Cocos/assets/7.Scripts/Manager/World.ts as file:///F:/CocosProject/PLY_Dreamyroom_Cocos/assets/7.Scripts/Manager/MainCamera.ts.
debug: Resolve cc from file:///F:/CocosProject/PLY_Dreamyroom_Cocos/assets/7.Scripts/Manager/MainCamera.ts as cce:/internal/x/cc.
debug: Resolve cc from file:///F:/CocosProject/PLY_Dreamyroom_Cocos/assets/7.Scripts/Manager/MainCamera.ts as cce:/internal/x/cc.
debug: Resolve cc from file:///F:/CocosProject/PLY_Dreamyroom_Cocos/assets/7.Scripts/Manager/MainCamera.ts as cce:/internal/x/cc.
debug: Resolve ../Tool/GameController from file:///F:/CocosProject/PLY_Dreamyroom_Cocos/assets/7.Scripts/Manager/World.ts as file:///F:/CocosProject/PLY_Dreamyroom_Cocos/assets/7.Scripts/Tool/GameController.ts.
debug: Resolve cce:/internal/code-quality/cr.mjs from file:///F:/CocosProject/PLY_Dreamyroom_Cocos/assets/7.Scripts/Tool/GameController.ts as cce:/internal/code-quality/cr.mjs.
debug: Resolve cc from file:///F:/CocosProject/PLY_Dreamyroom_Cocos/assets/7.Scripts/Tool/GameController.ts as cce:/internal/x/cc.
debug: Resolve cc from file:///F:/CocosProject/PLY_Dreamyroom_Cocos/assets/7.Scripts/Tool/GameController.ts as cce:/internal/x/cc.
debug: Resolve cc from file:///F:/CocosProject/PLY_Dreamyroom_Cocos/assets/7.Scripts/Tool/GameController.ts as cce:/internal/x/cc.
debug: Resolve ./h5-helper from file:///F:/CocosProject/PLY_Dreamyroom_Cocos/assets/7.Scripts/Tool/GameController.ts as file:///F:/CocosProject/PLY_Dreamyroom_Cocos/assets/7.Scripts/Tool/h5-helper.ts.
debug: Resolve cc from file:///F:/CocosProject/PLY_Dreamyroom_Cocos/assets/7.Scripts/Tool/h5-helper.ts as cce:/internal/x/cc.
debug: Resolve ../Pool/PoolManager from file:///F:/CocosProject/PLY_Dreamyroom_Cocos/assets/7.Scripts/Manager/World.ts as file:///F:/CocosProject/PLY_Dreamyroom_Cocos/assets/7.Scripts/Pool/PoolManager.ts.
debug: Resolve cce:/internal/code-quality/cr.mjs from file:///F:/CocosProject/PLY_Dreamyroom_Cocos/assets/7.Scripts/Pool/PoolManager.ts as cce:/internal/code-quality/cr.mjs.
debug: Resolve cc from file:///F:/CocosProject/PLY_Dreamyroom_Cocos/assets/7.Scripts/Pool/PoolManager.ts as cce:/internal/x/cc.
debug: Resolve cc from file:///F:/CocosProject/PLY_Dreamyroom_Cocos/assets/7.Scripts/Pool/PoolManager.ts as cce:/internal/x/cc.
debug: Resolve cc from file:///F:/CocosProject/PLY_Dreamyroom_Cocos/assets/7.Scripts/Pool/PoolManager.ts as cce:/internal/x/cc.
debug: Resolve ./PoolMember from file:///F:/CocosProject/PLY_Dreamyroom_Cocos/assets/7.Scripts/Pool/PoolManager.ts as file:///F:/CocosProject/PLY_Dreamyroom_Cocos/assets/7.Scripts/Pool/PoolMember.ts.
debug: Resolve cc from file:///F:/CocosProject/PLY_Dreamyroom_Cocos/assets/7.Scripts/Pool/PoolMember.ts as cce:/internal/x/cc.
debug: Resolve cc from file:///F:/CocosProject/PLY_Dreamyroom_Cocos/assets/7.Scripts/Pool/PoolMember.ts as cce:/internal/x/cc.
debug: Resolve cc from file:///F:/CocosProject/PLY_Dreamyroom_Cocos/assets/7.Scripts/Pool/PoolMember.ts as cce:/internal/x/cc.
debug: Resolve ./PoolControl from file:///F:/CocosProject/PLY_Dreamyroom_Cocos/assets/7.Scripts/Pool/PoolManager.ts as file:///F:/CocosProject/PLY_Dreamyroom_Cocos/assets/7.Scripts/Pool/PoolControl.ts.
debug: Resolve cce:/internal/code-quality/cr.mjs from file:///F:/CocosProject/PLY_Dreamyroom_Cocos/assets/7.Scripts/Pool/PoolControl.ts as cce:/internal/code-quality/cr.mjs.
debug: Resolve cc from file:///F:/CocosProject/PLY_Dreamyroom_Cocos/assets/7.Scripts/Pool/PoolControl.ts as cce:/internal/x/cc.
debug: Resolve cc from file:///F:/CocosProject/PLY_Dreamyroom_Cocos/assets/7.Scripts/Pool/PoolControl.ts as cce:/internal/x/cc.
debug: Resolve cc from file:///F:/CocosProject/PLY_Dreamyroom_Cocos/assets/7.Scripts/Pool/PoolControl.ts as cce:/internal/x/cc.
debug: Resolve ./PoolManager from file:///F:/CocosProject/PLY_Dreamyroom_Cocos/assets/7.Scripts/Pool/PoolControl.ts as file:///F:/CocosProject/PLY_Dreamyroom_Cocos/assets/7.Scripts/Pool/PoolManager.ts.
debug: Resolve ../Pool/PoolMember from file:///F:/CocosProject/PLY_Dreamyroom_Cocos/assets/7.Scripts/Manager/World.ts as file:///F:/CocosProject/PLY_Dreamyroom_Cocos/assets/7.Scripts/Pool/PoolMember.ts.
debug: Resolve ./PointerController from file:///F:/CocosProject/PLY_Dreamyroom_Cocos/assets/7.Scripts/Manager/UI.ts as file:///F:/CocosProject/PLY_Dreamyroom_Cocos/assets/7.Scripts/Manager/PointerController.ts.
debug: Resolve cce:/internal/code-quality/cr.mjs from file:///F:/CocosProject/PLY_Dreamyroom_Cocos/assets/7.Scripts/Manager/PointerController.ts as cce:/internal/code-quality/cr.mjs.
debug: Resolve cc from file:///F:/CocosProject/PLY_Dreamyroom_Cocos/assets/7.Scripts/Manager/PointerController.ts as cce:/internal/x/cc.
debug: Resolve cc from file:///F:/CocosProject/PLY_Dreamyroom_Cocos/assets/7.Scripts/Manager/PointerController.ts as cce:/internal/x/cc.
debug: Resolve cc from file:///F:/CocosProject/PLY_Dreamyroom_Cocos/assets/7.Scripts/Manager/PointerController.ts as cce:/internal/x/cc.
debug: Resolve ./World from file:///F:/CocosProject/PLY_Dreamyroom_Cocos/assets/7.Scripts/Manager/PointerController.ts as file:///F:/CocosProject/PLY_Dreamyroom_Cocos/assets/7.Scripts/Manager/World.ts.
debug: Resolve ./SoundManager from file:///F:/CocosProject/PLY_Dreamyroom_Cocos/assets/7.Scripts/Manager/UI.ts as file:///F:/CocosProject/PLY_Dreamyroom_Cocos/assets/7.Scripts/Manager/SoundManager.ts.
debug: Resolve ./InputManager from file:///F:/CocosProject/PLY_Dreamyroom_Cocos/assets/7.Scripts/Manager/UI.ts as file:///F:/CocosProject/PLY_Dreamyroom_Cocos/assets/7.Scripts/Manager/InputManager.ts.
debug: Resolve ./SoundManager from file:///F:/CocosProject/PLY_Dreamyroom_Cocos/assets/7.Scripts/Manager/InputManager.ts as file:///F:/CocosProject/PLY_Dreamyroom_Cocos/assets/7.Scripts/Manager/SoundManager.ts.
debug: Resolve file:///F:/CocosProject/PLY_Dreamyroom_Cocos/assets/7.Scripts/Manager/Joystick.ts from cce:/internal/x/prerequisite-imports as file:///F:/CocosProject/PLY_Dreamyroom_Cocos/assets/7.Scripts/Manager/Joystick.ts.
debug: Resolve cc from file:///F:/CocosProject/PLY_Dreamyroom_Cocos/assets/7.Scripts/Manager/Joystick.ts as cce:/internal/x/cc.
debug: Resolve cc from file:///F:/CocosProject/PLY_Dreamyroom_Cocos/assets/7.Scripts/Manager/Joystick.ts as cce:/internal/x/cc.
debug: Resolve cc from file:///F:/CocosProject/PLY_Dreamyroom_Cocos/assets/7.Scripts/Manager/Joystick.ts as cce:/internal/x/cc.
debug: Resolve file:///F:/CocosProject/PLY_Dreamyroom_Cocos/assets/7.Scripts/Manager/MainCamera.ts from cce:/internal/x/prerequisite-imports as file:///F:/CocosProject/PLY_Dreamyroom_Cocos/assets/7.Scripts/Manager/MainCamera.ts.
debug: Resolve file:///F:/CocosProject/PLY_Dreamyroom_Cocos/assets/7.Scripts/Manager/PointerController.ts from cce:/internal/x/prerequisite-imports as file:///F:/CocosProject/PLY_Dreamyroom_Cocos/assets/7.Scripts/Manager/PointerController.ts.
debug: Resolve file:///F:/CocosProject/PLY_Dreamyroom_Cocos/assets/7.Scripts/Manager/SoundManager.ts from cce:/internal/x/prerequisite-imports as file:///F:/CocosProject/PLY_Dreamyroom_Cocos/assets/7.Scripts/Manager/SoundManager.ts.
debug: Resolve file:///F:/CocosProject/PLY_Dreamyroom_Cocos/assets/7.Scripts/Manager/UI.ts from cce:/internal/x/prerequisite-imports as file:///F:/CocosProject/PLY_Dreamyroom_Cocos/assets/7.Scripts/Manager/UI.ts.
debug: Resolve file:///F:/CocosProject/PLY_Dreamyroom_Cocos/assets/7.Scripts/Manager/VFX.ts from cce:/internal/x/prerequisite-imports as file:///F:/CocosProject/PLY_Dreamyroom_Cocos/assets/7.Scripts/Manager/VFX.ts.
debug: Resolve cce:/internal/code-quality/cr.mjs from file:///F:/CocosProject/PLY_Dreamyroom_Cocos/assets/7.Scripts/Manager/VFX.ts as cce:/internal/code-quality/cr.mjs.
debug: Resolve cc from file:///F:/CocosProject/PLY_Dreamyroom_Cocos/assets/7.Scripts/Manager/VFX.ts as cce:/internal/x/cc.
debug: Resolve cc from file:///F:/CocosProject/PLY_Dreamyroom_Cocos/assets/7.Scripts/Manager/VFX.ts as cce:/internal/x/cc.
debug: Resolve cc from file:///F:/CocosProject/PLY_Dreamyroom_Cocos/assets/7.Scripts/Manager/VFX.ts as cce:/internal/x/cc.
debug: Resolve ../Pool/PoolMember from file:///F:/CocosProject/PLY_Dreamyroom_Cocos/assets/7.Scripts/Manager/VFX.ts as file:///F:/CocosProject/PLY_Dreamyroom_Cocos/assets/7.Scripts/Pool/PoolMember.ts.
debug: Resolve ./World from file:///F:/CocosProject/PLY_Dreamyroom_Cocos/assets/7.Scripts/Manager/VFX.ts as file:///F:/CocosProject/PLY_Dreamyroom_Cocos/assets/7.Scripts/Manager/World.ts.
debug: Resolve file:///F:/CocosProject/PLY_Dreamyroom_Cocos/assets/7.Scripts/Manager/World.ts from cce:/internal/x/prerequisite-imports as file:///F:/CocosProject/PLY_Dreamyroom_Cocos/assets/7.Scripts/Manager/World.ts.
debug: Resolve file:///F:/CocosProject/PLY_Dreamyroom_Cocos/assets/7.Scripts/MatchAsset/MatchSprite.ts from cce:/internal/x/prerequisite-imports as file:///F:/CocosProject/PLY_Dreamyroom_Cocos/assets/7.Scripts/MatchAsset/MatchSprite.ts.
debug: Resolve cce:/internal/code-quality/cr.mjs from file:///F:/CocosProject/PLY_Dreamyroom_Cocos/assets/7.Scripts/MatchAsset/MatchSprite.ts as cce:/internal/code-quality/cr.mjs.
debug: Resolve cc from file:///F:/CocosProject/PLY_Dreamyroom_Cocos/assets/7.Scripts/MatchAsset/MatchSprite.ts as cce:/internal/x/cc.
debug: Resolve cc from file:///F:/CocosProject/PLY_Dreamyroom_Cocos/assets/7.Scripts/MatchAsset/MatchSprite.ts as cce:/internal/x/cc.
debug: Resolve cc from file:///F:/CocosProject/PLY_Dreamyroom_Cocos/assets/7.Scripts/MatchAsset/MatchSprite.ts as cce:/internal/x/cc.
debug: Resolve ./NodeOrder from file:///F:/CocosProject/PLY_Dreamyroom_Cocos/assets/7.Scripts/MatchAsset/MatchSprite.ts as file:///F:/CocosProject/PLY_Dreamyroom_Cocos/assets/7.Scripts/MatchAsset/NodeOrder.ts.
debug: Resolve cc from file:///F:/CocosProject/PLY_Dreamyroom_Cocos/assets/7.Scripts/MatchAsset/NodeOrder.ts as cce:/internal/x/cc.
debug: Resolve cc from file:///F:/CocosProject/PLY_Dreamyroom_Cocos/assets/7.Scripts/MatchAsset/NodeOrder.ts as cce:/internal/x/cc.
debug: Resolve cc from file:///F:/CocosProject/PLY_Dreamyroom_Cocos/assets/7.Scripts/MatchAsset/NodeOrder.ts as cce:/internal/x/cc.
debug: Resolve file:///F:/CocosProject/PLY_Dreamyroom_Cocos/assets/7.Scripts/MatchAsset/NodeOrder.ts from cce:/internal/x/prerequisite-imports as file:///F:/CocosProject/PLY_Dreamyroom_Cocos/assets/7.Scripts/MatchAsset/NodeOrder.ts.
debug: Resolve file:///F:/CocosProject/PLY_Dreamyroom_Cocos/assets/7.Scripts/MatchAsset/ReadImagePixel.ts from cce:/internal/x/prerequisite-imports as file:///F:/CocosProject/PLY_Dreamyroom_Cocos/assets/7.Scripts/MatchAsset/ReadImagePixel.ts.
debug: Resolve cc from file:///F:/CocosProject/PLY_Dreamyroom_Cocos/assets/7.Scripts/MatchAsset/ReadImagePixel.ts as cce:/internal/x/cc.
debug: Resolve cc from file:///F:/CocosProject/PLY_Dreamyroom_Cocos/assets/7.Scripts/MatchAsset/ReadImagePixel.ts as cce:/internal/x/cc.
debug: Resolve cc from file:///F:/CocosProject/PLY_Dreamyroom_Cocos/assets/7.Scripts/MatchAsset/ReadImagePixel.ts as cce:/internal/x/cc.
debug: Resolve file:///F:/CocosProject/PLY_Dreamyroom_Cocos/assets/7.Scripts/MatchAsset/SpriteSizeSetter.ts from cce:/internal/x/prerequisite-imports as file:///F:/CocosProject/PLY_Dreamyroom_Cocos/assets/7.Scripts/MatchAsset/SpriteSizeSetter.ts.
debug: Resolve cc from file:///F:/CocosProject/PLY_Dreamyroom_Cocos/assets/7.Scripts/MatchAsset/SpriteSizeSetter.ts as cce:/internal/x/cc.
debug: Resolve cc from file:///F:/CocosProject/PLY_Dreamyroom_Cocos/assets/7.Scripts/MatchAsset/SpriteSizeSetter.ts as cce:/internal/x/cc.
debug: Resolve cc from file:///F:/CocosProject/PLY_Dreamyroom_Cocos/assets/7.Scripts/MatchAsset/SpriteSizeSetter.ts as cce:/internal/x/cc.
debug: Resolve file:///F:/CocosProject/PLY_Dreamyroom_Cocos/assets/7.Scripts/MatchAsset/Ulis.ts from cce:/internal/x/prerequisite-imports as file:///F:/CocosProject/PLY_Dreamyroom_Cocos/assets/7.Scripts/MatchAsset/Ulis.ts.
debug: Resolve cc from file:///F:/CocosProject/PLY_Dreamyroom_Cocos/assets/7.Scripts/MatchAsset/Ulis.ts as cce:/internal/x/cc.
debug: Resolve cc from file:///F:/CocosProject/PLY_Dreamyroom_Cocos/assets/7.Scripts/MatchAsset/Ulis.ts as cce:/internal/x/cc.
debug: Resolve cc from file:///F:/CocosProject/PLY_Dreamyroom_Cocos/assets/7.Scripts/MatchAsset/Ulis.ts as cce:/internal/x/cc.
debug: Resolve file:///F:/CocosProject/PLY_Dreamyroom_Cocos/assets/7.Scripts/Misc/AStar.ts from cce:/internal/x/prerequisite-imports as file:///F:/CocosProject/PLY_Dreamyroom_Cocos/assets/7.Scripts/Misc/AStar.ts.
debug: Resolve cce:/internal/code-quality/cr.mjs from file:///F:/CocosProject/PLY_Dreamyroom_Cocos/assets/7.Scripts/Misc/AStar.ts as cce:/internal/code-quality/cr.mjs.
debug: Resolve cc from file:///F:/CocosProject/PLY_Dreamyroom_Cocos/assets/7.Scripts/Misc/AStar.ts as cce:/internal/x/cc.
debug: Resolve cc from file:///F:/CocosProject/PLY_Dreamyroom_Cocos/assets/7.Scripts/Misc/AStar.ts as cce:/internal/x/cc.
debug: Resolve cc from file:///F:/CocosProject/PLY_Dreamyroom_Cocos/assets/7.Scripts/Misc/AStar.ts as cce:/internal/x/cc.
debug: Resolve ./Ulis from file:///F:/CocosProject/PLY_Dreamyroom_Cocos/assets/7.Scripts/Misc/AStar.ts as file:///F:/CocosProject/PLY_Dreamyroom_Cocos/assets/7.Scripts/Misc/Ulis.ts.
debug: Resolve cce:/internal/code-quality/cr.mjs from file:///F:/CocosProject/PLY_Dreamyroom_Cocos/assets/7.Scripts/Misc/Ulis.ts as cce:/internal/code-quality/cr.mjs.
debug: Resolve cc from file:///F:/CocosProject/PLY_Dreamyroom_Cocos/assets/7.Scripts/Misc/Ulis.ts as cce:/internal/x/cc.
debug: Resolve cc from file:///F:/CocosProject/PLY_Dreamyroom_Cocos/assets/7.Scripts/Misc/Ulis.ts as cce:/internal/x/cc.
debug: Resolve cc from file:///F:/CocosProject/PLY_Dreamyroom_Cocos/assets/7.Scripts/Misc/Ulis.ts as cce:/internal/x/cc.
debug: Resolve ../Manager/PointerController from file:///F:/CocosProject/PLY_Dreamyroom_Cocos/assets/7.Scripts/Misc/Ulis.ts as file:///F:/CocosProject/PLY_Dreamyroom_Cocos/assets/7.Scripts/Manager/PointerController.ts.
debug: Resolve ../Manager/UI from file:///F:/CocosProject/PLY_Dreamyroom_Cocos/assets/7.Scripts/Misc/Ulis.ts as file:///F:/CocosProject/PLY_Dreamyroom_Cocos/assets/7.Scripts/Manager/UI.ts.
debug: Resolve file:///F:/CocosProject/PLY_Dreamyroom_Cocos/assets/7.Scripts/Misc/Black.ts from cce:/internal/x/prerequisite-imports as file:///F:/CocosProject/PLY_Dreamyroom_Cocos/assets/7.Scripts/Misc/Black.ts.
debug: Resolve cce:/internal/code-quality/cr.mjs from file:///F:/CocosProject/PLY_Dreamyroom_Cocos/assets/7.Scripts/Misc/Black.ts as cce:/internal/code-quality/cr.mjs.
debug: Resolve cc from file:///F:/CocosProject/PLY_Dreamyroom_Cocos/assets/7.Scripts/Misc/Black.ts as cce:/internal/x/cc.
debug: Resolve cc from file:///F:/CocosProject/PLY_Dreamyroom_Cocos/assets/7.Scripts/Misc/Black.ts as cce:/internal/x/cc.
debug: Resolve cc from file:///F:/CocosProject/PLY_Dreamyroom_Cocos/assets/7.Scripts/Misc/Black.ts as cce:/internal/x/cc.
debug: Resolve ../Pool/PoolMember from file:///F:/CocosProject/PLY_Dreamyroom_Cocos/assets/7.Scripts/Misc/Black.ts as file:///F:/CocosProject/PLY_Dreamyroom_Cocos/assets/7.Scripts/Pool/PoolMember.ts.
debug: Resolve db://assets/7.Scripts/Manager/World from file:///F:/CocosProject/PLY_Dreamyroom_Cocos/assets/7.Scripts/Misc/Black.ts as file:///F:/CocosProject/PLY_Dreamyroom_Cocos/assets/7.Scripts/Manager/World.ts.
debug: Resolve ./Ulis from file:///F:/CocosProject/PLY_Dreamyroom_Cocos/assets/7.Scripts/Misc/Black.ts as file:///F:/CocosProject/PLY_Dreamyroom_Cocos/assets/7.Scripts/Misc/Ulis.ts.
debug: Resolve file:///F:/CocosProject/PLY_Dreamyroom_Cocos/assets/7.Scripts/Misc/Cloud.ts from cce:/internal/x/prerequisite-imports as file:///F:/CocosProject/PLY_Dreamyroom_Cocos/assets/7.Scripts/Misc/Cloud.ts.
debug: Resolve cce:/internal/code-quality/cr.mjs from file:///F:/CocosProject/PLY_Dreamyroom_Cocos/assets/7.Scripts/Misc/Cloud.ts as cce:/internal/code-quality/cr.mjs.
debug: Resolve cc from file:///F:/CocosProject/PLY_Dreamyroom_Cocos/assets/7.Scripts/Misc/Cloud.ts as cce:/internal/x/cc.
debug: Resolve cc from file:///F:/CocosProject/PLY_Dreamyroom_Cocos/assets/7.Scripts/Misc/Cloud.ts as cce:/internal/x/cc.
debug: Resolve cc from file:///F:/CocosProject/PLY_Dreamyroom_Cocos/assets/7.Scripts/Misc/Cloud.ts as cce:/internal/x/cc.
debug: Resolve ../Pool/PoolMember from file:///F:/CocosProject/PLY_Dreamyroom_Cocos/assets/7.Scripts/Misc/Cloud.ts as file:///F:/CocosProject/PLY_Dreamyroom_Cocos/assets/7.Scripts/Pool/PoolMember.ts.
debug: Resolve file:///F:/CocosProject/PLY_Dreamyroom_Cocos/assets/7.Scripts/Misc/IQ.ts from cce:/internal/x/prerequisite-imports as file:///F:/CocosProject/PLY_Dreamyroom_Cocos/assets/7.Scripts/Misc/IQ.ts.
debug: Resolve cc from file:///F:/CocosProject/PLY_Dreamyroom_Cocos/assets/7.Scripts/Misc/IQ.ts as cce:/internal/x/cc.
debug: Resolve cc from file:///F:/CocosProject/PLY_Dreamyroom_Cocos/assets/7.Scripts/Misc/IQ.ts as cce:/internal/x/cc.
debug: Resolve cc from file:///F:/CocosProject/PLY_Dreamyroom_Cocos/assets/7.Scripts/Misc/IQ.ts as cce:/internal/x/cc.
debug: Resolve file:///F:/CocosProject/PLY_Dreamyroom_Cocos/assets/7.Scripts/Misc/MeshLoader.ts from cce:/internal/x/prerequisite-imports as file:///F:/CocosProject/PLY_Dreamyroom_Cocos/assets/7.Scripts/Misc/MeshLoader.ts.
debug: Resolve cce:/internal/code-quality/cr.mjs from file:///F:/CocosProject/PLY_Dreamyroom_Cocos/assets/7.Scripts/Misc/MeshLoader.ts as cce:/internal/code-quality/cr.mjs.
debug: Resolve cc from file:///F:/CocosProject/PLY_Dreamyroom_Cocos/assets/7.Scripts/Misc/MeshLoader.ts as cce:/internal/x/cc.
debug: Resolve cc from file:///F:/CocosProject/PLY_Dreamyroom_Cocos/assets/7.Scripts/Misc/MeshLoader.ts as cce:/internal/x/cc.
debug: Resolve cc from file:///F:/CocosProject/PLY_Dreamyroom_Cocos/assets/7.Scripts/Misc/MeshLoader.ts as cce:/internal/x/cc.
debug: Resolve ../Pool/PoolMember from file:///F:/CocosProject/PLY_Dreamyroom_Cocos/assets/7.Scripts/Misc/MeshLoader.ts as file:///F:/CocosProject/PLY_Dreamyroom_Cocos/assets/7.Scripts/Pool/PoolMember.ts.
debug: Resolve file:///F:/CocosProject/PLY_Dreamyroom_Cocos/assets/7.Scripts/Misc/SkinManager.ts from cce:/internal/x/prerequisite-imports as file:///F:/CocosProject/PLY_Dreamyroom_Cocos/assets/7.Scripts/Misc/SkinManager.ts.
debug: Resolve cce:/internal/code-quality/cr.mjs from file:///F:/CocosProject/PLY_Dreamyroom_Cocos/assets/7.Scripts/Misc/SkinManager.ts as cce:/internal/code-quality/cr.mjs.
debug: Resolve cc from file:///F:/CocosProject/PLY_Dreamyroom_Cocos/assets/7.Scripts/Misc/SkinManager.ts as cce:/internal/x/cc.
debug: Resolve cc from file:///F:/CocosProject/PLY_Dreamyroom_Cocos/assets/7.Scripts/Misc/SkinManager.ts as cce:/internal/x/cc.
debug: Resolve cc from file:///F:/CocosProject/PLY_Dreamyroom_Cocos/assets/7.Scripts/Misc/SkinManager.ts as cce:/internal/x/cc.
debug: Resolve db://assets/7.Scripts/Manager/World from file:///F:/CocosProject/PLY_Dreamyroom_Cocos/assets/7.Scripts/Misc/SkinManager.ts as file:///F:/CocosProject/PLY_Dreamyroom_Cocos/assets/7.Scripts/Manager/World.ts.
debug: Resolve file:///F:/CocosProject/PLY_Dreamyroom_Cocos/assets/7.Scripts/Misc/SplineLineRenderer.ts from cce:/internal/x/prerequisite-imports as file:///F:/CocosProject/PLY_Dreamyroom_Cocos/assets/7.Scripts/Misc/SplineLineRenderer.ts.
debug: Resolve cc from file:///F:/CocosProject/PLY_Dreamyroom_Cocos/assets/7.Scripts/Misc/SplineLineRenderer.ts as cce:/internal/x/cc.
debug: Resolve cc from file:///F:/CocosProject/PLY_Dreamyroom_Cocos/assets/7.Scripts/Misc/SplineLineRenderer.ts as cce:/internal/x/cc.
debug: Resolve cc from file:///F:/CocosProject/PLY_Dreamyroom_Cocos/assets/7.Scripts/Misc/SplineLineRenderer.ts as cce:/internal/x/cc.
debug: Resolve file:///F:/CocosProject/PLY_Dreamyroom_Cocos/assets/7.Scripts/Misc/Tooth.ts from cce:/internal/x/prerequisite-imports as file:///F:/CocosProject/PLY_Dreamyroom_Cocos/assets/7.Scripts/Misc/Tooth.ts.
debug: Resolve cce:/internal/code-quality/cr.mjs from file:///F:/CocosProject/PLY_Dreamyroom_Cocos/assets/7.Scripts/Misc/Tooth.ts as cce:/internal/code-quality/cr.mjs.
debug: Resolve cc from file:///F:/CocosProject/PLY_Dreamyroom_Cocos/assets/7.Scripts/Misc/Tooth.ts as cce:/internal/x/cc.
debug: Resolve cc from file:///F:/CocosProject/PLY_Dreamyroom_Cocos/assets/7.Scripts/Misc/Tooth.ts as cce:/internal/x/cc.
debug: Resolve cc from file:///F:/CocosProject/PLY_Dreamyroom_Cocos/assets/7.Scripts/Misc/Tooth.ts as cce:/internal/x/cc.
debug: Resolve ./MeshLoader from file:///F:/CocosProject/PLY_Dreamyroom_Cocos/assets/7.Scripts/Misc/Tooth.ts as file:///F:/CocosProject/PLY_Dreamyroom_Cocos/assets/7.Scripts/Misc/MeshLoader.ts.
debug: Resolve ../Manager/AssetsManagerCustom from file:///F:/CocosProject/PLY_Dreamyroom_Cocos/assets/7.Scripts/Misc/Tooth.ts as file:///F:/CocosProject/PLY_Dreamyroom_Cocos/assets/7.Scripts/Manager/AssetsManagerCustom.ts.
debug: Resolve file:///F:/CocosProject/PLY_Dreamyroom_Cocos/assets/7.Scripts/Misc/Ulis.ts from cce:/internal/x/prerequisite-imports as file:///F:/CocosProject/PLY_Dreamyroom_Cocos/assets/7.Scripts/Misc/Ulis.ts.
debug: Resolve file:///F:/CocosProject/PLY_Dreamyroom_Cocos/assets/7.Scripts/Pool/PoolControl.ts from cce:/internal/x/prerequisite-imports as file:///F:/CocosProject/PLY_Dreamyroom_Cocos/assets/7.Scripts/Pool/PoolControl.ts.
debug: Resolve file:///F:/CocosProject/PLY_Dreamyroom_Cocos/assets/7.Scripts/Pool/PoolManager.ts from cce:/internal/x/prerequisite-imports as file:///F:/CocosProject/PLY_Dreamyroom_Cocos/assets/7.Scripts/Pool/PoolManager.ts.
debug: Resolve file:///F:/CocosProject/PLY_Dreamyroom_Cocos/assets/7.Scripts/Pool/PoolMember.ts from cce:/internal/x/prerequisite-imports as file:///F:/CocosProject/PLY_Dreamyroom_Cocos/assets/7.Scripts/Pool/PoolMember.ts.
debug: Resolve file:///F:/CocosProject/PLY_Dreamyroom_Cocos/assets/7.Scripts/Tool/AppLovinAnalytics.ts from cce:/internal/x/prerequisite-imports as file:///F:/CocosProject/PLY_Dreamyroom_Cocos/assets/7.Scripts/Tool/AppLovinAnalytics.ts.
debug: Resolve cc from file:///F:/CocosProject/PLY_Dreamyroom_Cocos/assets/7.Scripts/Tool/AppLovinAnalytics.ts as cce:/internal/x/cc.
debug: Resolve cc from file:///F:/CocosProject/PLY_Dreamyroom_Cocos/assets/7.Scripts/Tool/AppLovinAnalytics.ts as cce:/internal/x/cc.
debug: Resolve cc from file:///F:/CocosProject/PLY_Dreamyroom_Cocos/assets/7.Scripts/Tool/AppLovinAnalytics.ts as cce:/internal/x/cc.
debug: Resolve file:///F:/CocosProject/PLY_Dreamyroom_Cocos/assets/7.Scripts/Tool/GameController.ts from cce:/internal/x/prerequisite-imports as file:///F:/CocosProject/PLY_Dreamyroom_Cocos/assets/7.Scripts/Tool/GameController.ts.
debug: Resolve file:///F:/CocosProject/PLY_Dreamyroom_Cocos/assets/7.Scripts/Tool/h5-helper.ts from cce:/internal/x/prerequisite-imports as file:///F:/CocosProject/PLY_Dreamyroom_Cocos/assets/7.Scripts/Tool/h5-helper.ts.
debug: Resolve file:///F:/CocosProject/PLY_Dreamyroom_Cocos/assets/scripts/box/BoxController.ts from cce:/internal/x/prerequisite-imports as file:///F:/CocosProject/PLY_Dreamyroom_Cocos/assets/scripts/box/BoxController.ts.
debug: Resolve cce:/internal/code-quality/cr.mjs from file:///F:/CocosProject/PLY_Dreamyroom_Cocos/assets/scripts/box/BoxController.ts as cce:/internal/code-quality/cr.mjs.
debug: Resolve cc from file:///F:/CocosProject/PLY_Dreamyroom_Cocos/assets/scripts/box/BoxController.ts as cce:/internal/x/cc.
debug: Resolve cc from file:///F:/CocosProject/PLY_Dreamyroom_Cocos/assets/scripts/box/BoxController.ts as cce:/internal/x/cc.
debug: Resolve cc from file:///F:/CocosProject/PLY_Dreamyroom_Cocos/assets/scripts/box/BoxController.ts as cce:/internal/x/cc.
debug: Resolve ../core/InputManager from file:///F:/CocosProject/PLY_Dreamyroom_Cocos/assets/scripts/box/BoxController.ts as file:///F:/CocosProject/PLY_Dreamyroom_Cocos/assets/scripts/core/InputManager.ts.
debug: Resolve cce:/internal/code-quality/cr.mjs from file:///F:/CocosProject/PLY_Dreamyroom_Cocos/assets/scripts/core/InputManager.ts as cce:/internal/code-quality/cr.mjs.
debug: Resolve cc from file:///F:/CocosProject/PLY_Dreamyroom_Cocos/assets/scripts/core/InputManager.ts as cce:/internal/x/cc.
debug: Resolve cc from file:///F:/CocosProject/PLY_Dreamyroom_Cocos/assets/scripts/core/InputManager.ts as cce:/internal/x/cc.
debug: Resolve cc from file:///F:/CocosProject/PLY_Dreamyroom_Cocos/assets/scripts/core/InputManager.ts as cce:/internal/x/cc.
debug: Resolve ../item/ItemGraphic from file:///F:/CocosProject/PLY_Dreamyroom_Cocos/assets/scripts/core/InputManager.ts as file:///F:/CocosProject/PLY_Dreamyroom_Cocos/assets/scripts/item/ItemGraphic.ts.
debug: Resolve cc from file:///F:/CocosProject/PLY_Dreamyroom_Cocos/assets/scripts/item/ItemGraphic.ts as cce:/internal/x/cc.
debug: Resolve cc from file:///F:/CocosProject/PLY_Dreamyroom_Cocos/assets/scripts/item/ItemGraphic.ts as cce:/internal/x/cc.
debug: Resolve cc from file:///F:/CocosProject/PLY_Dreamyroom_Cocos/assets/scripts/item/ItemGraphic.ts as cce:/internal/x/cc.
debug: Resolve ../managers/ItemManager from file:///F:/CocosProject/PLY_Dreamyroom_Cocos/assets/scripts/core/InputManager.ts as file:///F:/CocosProject/PLY_Dreamyroom_Cocos/assets/scripts/managers/ItemManager.ts.
debug: Resolve cce:/internal/code-quality/cr.mjs from file:///F:/CocosProject/PLY_Dreamyroom_Cocos/assets/scripts/managers/ItemManager.ts as cce:/internal/code-quality/cr.mjs.
debug: Resolve cc from file:///F:/CocosProject/PLY_Dreamyroom_Cocos/assets/scripts/managers/ItemManager.ts as cce:/internal/x/cc.
debug: Resolve cc from file:///F:/CocosProject/PLY_Dreamyroom_Cocos/assets/scripts/managers/ItemManager.ts as cce:/internal/x/cc.
debug: Resolve cc from file:///F:/CocosProject/PLY_Dreamyroom_Cocos/assets/scripts/managers/ItemManager.ts as cce:/internal/x/cc.
debug: Resolve ../item/ItemController from file:///F:/CocosProject/PLY_Dreamyroom_Cocos/assets/scripts/managers/ItemManager.ts as file:///F:/CocosProject/PLY_Dreamyroom_Cocos/assets/scripts/item/ItemController.ts.
debug: Resolve cce:/internal/code-quality/cr.mjs from file:///F:/CocosProject/PLY_Dreamyroom_Cocos/assets/scripts/item/ItemController.ts as cce:/internal/code-quality/cr.mjs.
debug: Resolve cc from file:///F:/CocosProject/PLY_Dreamyroom_Cocos/assets/scripts/item/ItemController.ts as cce:/internal/x/cc.
debug: Resolve cc from file:///F:/CocosProject/PLY_Dreamyroom_Cocos/assets/scripts/item/ItemController.ts as cce:/internal/x/cc.
debug: Resolve cc from file:///F:/CocosProject/PLY_Dreamyroom_Cocos/assets/scripts/item/ItemController.ts as cce:/internal/x/cc.
debug: Resolve ../core/InputManager from file:///F:/CocosProject/PLY_Dreamyroom_Cocos/assets/scripts/item/ItemController.ts as file:///F:/CocosProject/PLY_Dreamyroom_Cocos/assets/scripts/core/InputManager.ts.
debug: Resolve ./ItemGraphic from file:///F:/CocosProject/PLY_Dreamyroom_Cocos/assets/scripts/item/ItemController.ts as file:///F:/CocosProject/PLY_Dreamyroom_Cocos/assets/scripts/item/ItemGraphic.ts.
debug: Resolve ./ItemMovement from file:///F:/CocosProject/PLY_Dreamyroom_Cocos/assets/scripts/item/ItemController.ts as file:///F:/CocosProject/PLY_Dreamyroom_Cocos/assets/scripts/item/ItemMovement.ts.
debug: Resolve cc from file:///F:/CocosProject/PLY_Dreamyroom_Cocos/assets/scripts/item/ItemMovement.ts as cce:/internal/x/cc.
debug: Resolve cc from file:///F:/CocosProject/PLY_Dreamyroom_Cocos/assets/scripts/item/ItemMovement.ts as cce:/internal/x/cc.
debug: Resolve cc from file:///F:/CocosProject/PLY_Dreamyroom_Cocos/assets/scripts/item/ItemMovement.ts as cce:/internal/x/cc.
debug: Resolve ./OpenItem from file:///F:/CocosProject/PLY_Dreamyroom_Cocos/assets/scripts/item/ItemController.ts as file:///F:/CocosProject/PLY_Dreamyroom_Cocos/assets/scripts/item/OpenItem.ts.
debug: Resolve cc from file:///F:/CocosProject/PLY_Dreamyroom_Cocos/assets/scripts/item/OpenItem.ts as cce:/internal/x/cc.
debug: Resolve cc from file:///F:/CocosProject/PLY_Dreamyroom_Cocos/assets/scripts/item/OpenItem.ts as cce:/internal/x/cc.
debug: Resolve cc from file:///F:/CocosProject/PLY_Dreamyroom_Cocos/assets/scripts/item/OpenItem.ts as cce:/internal/x/cc.
debug: Resolve ../managers/ItemManager from file:///F:/CocosProject/PLY_Dreamyroom_Cocos/assets/scripts/item/ItemController.ts as file:///F:/CocosProject/PLY_Dreamyroom_Cocos/assets/scripts/managers/ItemManager.ts.
debug: Resolve ../managers/WorldScrollManager from file:///F:/CocosProject/PLY_Dreamyroom_Cocos/assets/scripts/item/ItemController.ts as file:///F:/CocosProject/PLY_Dreamyroom_Cocos/assets/scripts/managers/WorldScrollManager.ts.
debug: Resolve cce:/internal/code-quality/cr.mjs from file:///F:/CocosProject/PLY_Dreamyroom_Cocos/assets/scripts/managers/WorldScrollManager.ts as cce:/internal/code-quality/cr.mjs.
debug: Resolve cc from file:///F:/CocosProject/PLY_Dreamyroom_Cocos/assets/scripts/managers/WorldScrollManager.ts as cce:/internal/x/cc.
debug: Resolve cc from file:///F:/CocosProject/PLY_Dreamyroom_Cocos/assets/scripts/managers/WorldScrollManager.ts as cce:/internal/x/cc.
debug: Resolve cc from file:///F:/CocosProject/PLY_Dreamyroom_Cocos/assets/scripts/managers/WorldScrollManager.ts as cce:/internal/x/cc.
debug: Resolve ../item/ItemController from file:///F:/CocosProject/PLY_Dreamyroom_Cocos/assets/scripts/managers/WorldScrollManager.ts as file:///F:/CocosProject/PLY_Dreamyroom_Cocos/assets/scripts/item/ItemController.ts.
debug: Resolve ../core/InputManager from file:///F:/CocosProject/PLY_Dreamyroom_Cocos/assets/scripts/managers/WorldScrollManager.ts as file:///F:/CocosProject/PLY_Dreamyroom_Cocos/assets/scripts/core/InputManager.ts.
debug: Resolve ../core/TweenUtil from file:///F:/CocosProject/PLY_Dreamyroom_Cocos/assets/scripts/managers/WorldScrollManager.ts as file:///F:/CocosProject/PLY_Dreamyroom_Cocos/assets/scripts/core/TweenUtil.ts.
debug: Resolve cc from file:///F:/CocosProject/PLY_Dreamyroom_Cocos/assets/scripts/core/TweenUtil.ts as cce:/internal/x/cc.
debug: Resolve cc from file:///F:/CocosProject/PLY_Dreamyroom_Cocos/assets/scripts/core/TweenUtil.ts as cce:/internal/x/cc.
debug: Resolve cc from file:///F:/CocosProject/PLY_Dreamyroom_Cocos/assets/scripts/core/TweenUtil.ts as cce:/internal/x/cc.
debug: Resolve ../utils/SeatHandler from file:///F:/CocosProject/PLY_Dreamyroom_Cocos/assets/scripts/item/ItemController.ts as file:///F:/CocosProject/PLY_Dreamyroom_Cocos/assets/scripts/utils/SeatHandler.ts.
debug: Resolve cc from file:///F:/CocosProject/PLY_Dreamyroom_Cocos/assets/scripts/utils/SeatHandler.ts as cce:/internal/x/cc.
debug: Resolve cc from file:///F:/CocosProject/PLY_Dreamyroom_Cocos/assets/scripts/utils/SeatHandler.ts as cce:/internal/x/cc.
debug: Resolve cc from file:///F:/CocosProject/PLY_Dreamyroom_Cocos/assets/scripts/utils/SeatHandler.ts as cce:/internal/x/cc.
debug: Resolve ../utils/TurnOnSpine from file:///F:/CocosProject/PLY_Dreamyroom_Cocos/assets/scripts/item/ItemController.ts as file:///F:/CocosProject/PLY_Dreamyroom_Cocos/assets/scripts/utils/TurnOnSpine.ts.
debug: Resolve cc from file:///F:/CocosProject/PLY_Dreamyroom_Cocos/assets/scripts/utils/TurnOnSpine.ts as cce:/internal/x/cc.
debug: Resolve cc from file:///F:/CocosProject/PLY_Dreamyroom_Cocos/assets/scripts/utils/TurnOnSpine.ts as cce:/internal/x/cc.
debug: Resolve cc from file:///F:/CocosProject/PLY_Dreamyroom_Cocos/assets/scripts/utils/TurnOnSpine.ts as cce:/internal/x/cc.
debug: Resolve ../utils/ChangeLight from file:///F:/CocosProject/PLY_Dreamyroom_Cocos/assets/scripts/item/ItemController.ts as file:///F:/CocosProject/PLY_Dreamyroom_Cocos/assets/scripts/utils/ChangeLight.ts.
debug: Resolve cc from file:///F:/CocosProject/PLY_Dreamyroom_Cocos/assets/scripts/utils/ChangeLight.ts as cce:/internal/x/cc.
debug: Resolve cc from file:///F:/CocosProject/PLY_Dreamyroom_Cocos/assets/scripts/utils/ChangeLight.ts as cce:/internal/x/cc.
debug: Resolve cc from file:///F:/CocosProject/PLY_Dreamyroom_Cocos/assets/scripts/utils/ChangeLight.ts as cce:/internal/x/cc.
debug: Resolve ../core/SoundManager from file:///F:/CocosProject/PLY_Dreamyroom_Cocos/assets/scripts/item/ItemController.ts as file:///F:/CocosProject/PLY_Dreamyroom_Cocos/assets/scripts/core/SoundManager.ts.
debug: Resolve cc from file:///F:/CocosProject/PLY_Dreamyroom_Cocos/assets/scripts/core/SoundManager.ts as cce:/internal/x/cc.
debug: Resolve cc from file:///F:/CocosProject/PLY_Dreamyroom_Cocos/assets/scripts/core/SoundManager.ts as cce:/internal/x/cc.
debug: Resolve cc from file:///F:/CocosProject/PLY_Dreamyroom_Cocos/assets/scripts/core/SoundManager.ts as cce:/internal/x/cc.
debug: Resolve ../core/ObjectPool from file:///F:/CocosProject/PLY_Dreamyroom_Cocos/assets/scripts/item/ItemController.ts as file:///F:/CocosProject/PLY_Dreamyroom_Cocos/assets/scripts/core/ObjectPool.ts.
debug: Resolve cc from file:///F:/CocosProject/PLY_Dreamyroom_Cocos/assets/scripts/core/ObjectPool.ts as cce:/internal/x/cc.
debug: Resolve cc from file:///F:/CocosProject/PLY_Dreamyroom_Cocos/assets/scripts/core/ObjectPool.ts as cce:/internal/x/cc.
debug: Resolve cc from file:///F:/CocosProject/PLY_Dreamyroom_Cocos/assets/scripts/core/ObjectPool.ts as cce:/internal/x/cc.
debug: Resolve ../effects/BlinkEffect from file:///F:/CocosProject/PLY_Dreamyroom_Cocos/assets/scripts/item/ItemController.ts as file:///F:/CocosProject/PLY_Dreamyroom_Cocos/assets/scripts/effects/BlinkEffect.ts.
debug: Resolve cce:/internal/code-quality/cr.mjs from file:///F:/CocosProject/PLY_Dreamyroom_Cocos/assets/scripts/effects/BlinkEffect.ts as cce:/internal/code-quality/cr.mjs.
debug: Resolve cc from file:///F:/CocosProject/PLY_Dreamyroom_Cocos/assets/scripts/effects/BlinkEffect.ts as cce:/internal/x/cc.
debug: Resolve cc from file:///F:/CocosProject/PLY_Dreamyroom_Cocos/assets/scripts/effects/BlinkEffect.ts as cce:/internal/x/cc.
debug: Resolve cc from file:///F:/CocosProject/PLY_Dreamyroom_Cocos/assets/scripts/effects/BlinkEffect.ts as cce:/internal/x/cc.
debug: Resolve ../core/ObjectPool from file:///F:/CocosProject/PLY_Dreamyroom_Cocos/assets/scripts/effects/BlinkEffect.ts as file:///F:/CocosProject/PLY_Dreamyroom_Cocos/assets/scripts/core/ObjectPool.ts.
debug: Resolve ../item/ItemGraphic from file:///F:/CocosProject/PLY_Dreamyroom_Cocos/assets/scripts/managers/ItemManager.ts as file:///F:/CocosProject/PLY_Dreamyroom_Cocos/assets/scripts/item/ItemGraphic.ts.
debug: Resolve ../utils/HolderSlot from file:///F:/CocosProject/PLY_Dreamyroom_Cocos/assets/scripts/managers/ItemManager.ts as file:///F:/CocosProject/PLY_Dreamyroom_Cocos/assets/scripts/utils/HolderSlot.ts.
debug: Resolve cc from file:///F:/CocosProject/PLY_Dreamyroom_Cocos/assets/scripts/utils/HolderSlot.ts as cce:/internal/x/cc.
debug: Resolve cc from file:///F:/CocosProject/PLY_Dreamyroom_Cocos/assets/scripts/utils/HolderSlot.ts as cce:/internal/x/cc.
debug: Resolve cc from file:///F:/CocosProject/PLY_Dreamyroom_Cocos/assets/scripts/utils/HolderSlot.ts as cce:/internal/x/cc.
debug: Resolve ../utils/SeatHandler from file:///F:/CocosProject/PLY_Dreamyroom_Cocos/assets/scripts/managers/ItemManager.ts as file:///F:/CocosProject/PLY_Dreamyroom_Cocos/assets/scripts/utils/SeatHandler.ts.
debug: Resolve ../core/TweenUtil from file:///F:/CocosProject/PLY_Dreamyroom_Cocos/assets/scripts/managers/ItemManager.ts as file:///F:/CocosProject/PLY_Dreamyroom_Cocos/assets/scripts/core/TweenUtil.ts.
debug: Resolve ./WorldScrollManager from file:///F:/CocosProject/PLY_Dreamyroom_Cocos/assets/scripts/managers/ItemManager.ts as file:///F:/CocosProject/PLY_Dreamyroom_Cocos/assets/scripts/managers/WorldScrollManager.ts.
debug: Resolve ./UIManager from file:///F:/CocosProject/PLY_Dreamyroom_Cocos/assets/scripts/managers/ItemManager.ts as file:///F:/CocosProject/PLY_Dreamyroom_Cocos/assets/scripts/managers/UIManager.ts.
debug: Resolve cce:/internal/code-quality/cr.mjs from file:///F:/CocosProject/PLY_Dreamyroom_Cocos/assets/scripts/managers/UIManager.ts as cce:/internal/code-quality/cr.mjs.
debug: Resolve cc from file:///F:/CocosProject/PLY_Dreamyroom_Cocos/assets/scripts/managers/UIManager.ts as cce:/internal/x/cc.
debug: Resolve cc from file:///F:/CocosProject/PLY_Dreamyroom_Cocos/assets/scripts/managers/UIManager.ts as cce:/internal/x/cc.
debug: Resolve cc from file:///F:/CocosProject/PLY_Dreamyroom_Cocos/assets/scripts/managers/UIManager.ts as cce:/internal/x/cc.
debug: Resolve ../core/InputManager from file:///F:/CocosProject/PLY_Dreamyroom_Cocos/assets/scripts/managers/UIManager.ts as file:///F:/CocosProject/PLY_Dreamyroom_Cocos/assets/scripts/core/InputManager.ts.
debug: Resolve ./ItemManager from file:///F:/CocosProject/PLY_Dreamyroom_Cocos/assets/scripts/managers/UIManager.ts as file:///F:/CocosProject/PLY_Dreamyroom_Cocos/assets/scripts/managers/ItemManager.ts.
debug: Resolve ../utils/BallFollowFill from file:///F:/CocosProject/PLY_Dreamyroom_Cocos/assets/scripts/managers/UIManager.ts as file:///F:/CocosProject/PLY_Dreamyroom_Cocos/assets/scripts/utils/BallFollowFill.ts.
debug: Resolve cce:/internal/code-quality/cr.mjs from file:///F:/CocosProject/PLY_Dreamyroom_Cocos/assets/scripts/utils/BallFollowFill.ts as cce:/internal/code-quality/cr.mjs.
debug: Resolve cc from file:///F:/CocosProject/PLY_Dreamyroom_Cocos/assets/scripts/utils/BallFollowFill.ts as cce:/internal/x/cc.
debug: Resolve cc from file:///F:/CocosProject/PLY_Dreamyroom_Cocos/assets/scripts/utils/BallFollowFill.ts as cce:/internal/x/cc.
debug: Resolve cc from file:///F:/CocosProject/PLY_Dreamyroom_Cocos/assets/scripts/utils/BallFollowFill.ts as cce:/internal/x/cc.
debug: Resolve ../core/TweenUtil from file:///F:/CocosProject/PLY_Dreamyroom_Cocos/assets/scripts/utils/BallFollowFill.ts as file:///F:/CocosProject/PLY_Dreamyroom_Cocos/assets/scripts/core/TweenUtil.ts.
debug: Resolve ../core/TweenUtil from file:///F:/CocosProject/PLY_Dreamyroom_Cocos/assets/scripts/managers/UIManager.ts as file:///F:/CocosProject/PLY_Dreamyroom_Cocos/assets/scripts/core/TweenUtil.ts.
debug: Resolve ./BoxManager from file:///F:/CocosProject/PLY_Dreamyroom_Cocos/assets/scripts/managers/ItemManager.ts as file:///F:/CocosProject/PLY_Dreamyroom_Cocos/assets/scripts/managers/BoxManager.ts.
debug: Resolve cce:/internal/code-quality/cr.mjs from file:///F:/CocosProject/PLY_Dreamyroom_Cocos/assets/scripts/managers/BoxManager.ts as cce:/internal/code-quality/cr.mjs.
debug: Resolve cc from file:///F:/CocosProject/PLY_Dreamyroom_Cocos/assets/scripts/managers/BoxManager.ts as cce:/internal/x/cc.
debug: Resolve cc from file:///F:/CocosProject/PLY_Dreamyroom_Cocos/assets/scripts/managers/BoxManager.ts as cce:/internal/x/cc.
debug: Resolve cc from file:///F:/CocosProject/PLY_Dreamyroom_Cocos/assets/scripts/managers/BoxManager.ts as cce:/internal/x/cc.
debug: Resolve ../box/BoxController from file:///F:/CocosProject/PLY_Dreamyroom_Cocos/assets/scripts/managers/BoxManager.ts as file:///F:/CocosProject/PLY_Dreamyroom_Cocos/assets/scripts/box/BoxController.ts.
debug: Resolve ../box/BoxGraphic from file:///F:/CocosProject/PLY_Dreamyroom_Cocos/assets/scripts/managers/BoxManager.ts as file:///F:/CocosProject/PLY_Dreamyroom_Cocos/assets/scripts/box/BoxGraphic.ts.
debug: Resolve cc from file:///F:/CocosProject/PLY_Dreamyroom_Cocos/assets/scripts/box/BoxGraphic.ts as cce:/internal/x/cc.
debug: Resolve cc from file:///F:/CocosProject/PLY_Dreamyroom_Cocos/assets/scripts/box/BoxGraphic.ts as cce:/internal/x/cc.
debug: Resolve cc from file:///F:/CocosProject/PLY_Dreamyroom_Cocos/assets/scripts/box/BoxGraphic.ts as cce:/internal/x/cc.
debug: Resolve ./BoxGraphic from file:///F:/CocosProject/PLY_Dreamyroom_Cocos/assets/scripts/box/BoxController.ts as file:///F:/CocosProject/PLY_Dreamyroom_Cocos/assets/scripts/box/BoxGraphic.ts.
debug: Resolve ../managers/ItemManager from file:///F:/CocosProject/PLY_Dreamyroom_Cocos/assets/scripts/box/BoxController.ts as file:///F:/CocosProject/PLY_Dreamyroom_Cocos/assets/scripts/managers/ItemManager.ts.
debug: Resolve ../managers/UIManager from file:///F:/CocosProject/PLY_Dreamyroom_Cocos/assets/scripts/box/BoxController.ts as file:///F:/CocosProject/PLY_Dreamyroom_Cocos/assets/scripts/managers/UIManager.ts.
debug: Resolve ../managers/BaseRoomManager from file:///F:/CocosProject/PLY_Dreamyroom_Cocos/assets/scripts/box/BoxController.ts as file:///F:/CocosProject/PLY_Dreamyroom_Cocos/assets/scripts/managers/BaseRoomManager.ts.
debug: Resolve cce:/internal/code-quality/cr.mjs from file:///F:/CocosProject/PLY_Dreamyroom_Cocos/assets/scripts/managers/BaseRoomManager.ts as cce:/internal/code-quality/cr.mjs.
debug: Resolve cc from file:///F:/CocosProject/PLY_Dreamyroom_Cocos/assets/scripts/managers/BaseRoomManager.ts as cce:/internal/x/cc.
debug: Resolve cc from file:///F:/CocosProject/PLY_Dreamyroom_Cocos/assets/scripts/managers/BaseRoomManager.ts as cce:/internal/x/cc.
debug: Resolve cc from file:///F:/CocosProject/PLY_Dreamyroom_Cocos/assets/scripts/managers/BaseRoomManager.ts as cce:/internal/x/cc.
debug: Resolve ../utils/BaseRoom from file:///F:/CocosProject/PLY_Dreamyroom_Cocos/assets/scripts/managers/BaseRoomManager.ts as file:///F:/CocosProject/PLY_Dreamyroom_Cocos/assets/scripts/utils/BaseRoom.ts.
debug: Resolve cce:/internal/code-quality/cr.mjs from file:///F:/CocosProject/PLY_Dreamyroom_Cocos/assets/scripts/utils/BaseRoom.ts as cce:/internal/code-quality/cr.mjs.
debug: Resolve cc from file:///F:/CocosProject/PLY_Dreamyroom_Cocos/assets/scripts/utils/BaseRoom.ts as cce:/internal/x/cc.
debug: Resolve cc from file:///F:/CocosProject/PLY_Dreamyroom_Cocos/assets/scripts/utils/BaseRoom.ts as cce:/internal/x/cc.
debug: Resolve cc from file:///F:/CocosProject/PLY_Dreamyroom_Cocos/assets/scripts/utils/BaseRoom.ts as cce:/internal/x/cc.
debug: Resolve ../core/InputManager from file:///F:/CocosProject/PLY_Dreamyroom_Cocos/assets/scripts/utils/BaseRoom.ts as file:///F:/CocosProject/PLY_Dreamyroom_Cocos/assets/scripts/core/InputManager.ts.
debug: Resolve ../item/ItemController from file:///F:/CocosProject/PLY_Dreamyroom_Cocos/assets/scripts/box/BoxController.ts as file:///F:/CocosProject/PLY_Dreamyroom_Cocos/assets/scripts/item/ItemController.ts.
debug: Resolve ../utils/HolderSlot from file:///F:/CocosProject/PLY_Dreamyroom_Cocos/assets/scripts/box/BoxController.ts as file:///F:/CocosProject/PLY_Dreamyroom_Cocos/assets/scripts/utils/HolderSlot.ts.
debug: Resolve ../utils/HandOfBox from file:///F:/CocosProject/PLY_Dreamyroom_Cocos/assets/scripts/box/BoxController.ts as file:///F:/CocosProject/PLY_Dreamyroom_Cocos/assets/scripts/utils/HandOfBox.ts.
debug: Resolve cce:/internal/code-quality/cr.mjs from file:///F:/CocosProject/PLY_Dreamyroom_Cocos/assets/scripts/utils/HandOfBox.ts as cce:/internal/code-quality/cr.mjs.
debug: Resolve cc from file:///F:/CocosProject/PLY_Dreamyroom_Cocos/assets/scripts/utils/HandOfBox.ts as cce:/internal/x/cc.
debug: Resolve cc from file:///F:/CocosProject/PLY_Dreamyroom_Cocos/assets/scripts/utils/HandOfBox.ts as cce:/internal/x/cc.
debug: Resolve cc from file:///F:/CocosProject/PLY_Dreamyroom_Cocos/assets/scripts/utils/HandOfBox.ts as cce:/internal/x/cc.
debug: Resolve ../core/TweenUtil from file:///F:/CocosProject/PLY_Dreamyroom_Cocos/assets/scripts/utils/HandOfBox.ts as file:///F:/CocosProject/PLY_Dreamyroom_Cocos/assets/scripts/core/TweenUtil.ts.
debug: Resolve ../core/SoundManager from file:///F:/CocosProject/PLY_Dreamyroom_Cocos/assets/scripts/box/BoxController.ts as file:///F:/CocosProject/PLY_Dreamyroom_Cocos/assets/scripts/core/SoundManager.ts.
debug: Resolve ../core/TweenUtil from file:///F:/CocosProject/PLY_Dreamyroom_Cocos/assets/scripts/box/BoxController.ts as file:///F:/CocosProject/PLY_Dreamyroom_Cocos/assets/scripts/core/TweenUtil.ts.
debug: Resolve file:///F:/CocosProject/PLY_Dreamyroom_Cocos/assets/scripts/box/BoxGraphic.ts from cce:/internal/x/prerequisite-imports as file:///F:/CocosProject/PLY_Dreamyroom_Cocos/assets/scripts/box/BoxGraphic.ts.
debug: Resolve file:///F:/CocosProject/PLY_Dreamyroom_Cocos/assets/scripts/core/InputManager.ts from cce:/internal/x/prerequisite-imports as file:///F:/CocosProject/PLY_Dreamyroom_Cocos/assets/scripts/core/InputManager.ts.
debug: Resolve file:///F:/CocosProject/PLY_Dreamyroom_Cocos/assets/scripts/core/ObjectPool.ts from cce:/internal/x/prerequisite-imports as file:///F:/CocosProject/PLY_Dreamyroom_Cocos/assets/scripts/core/ObjectPool.ts.
debug: Resolve file:///F:/CocosProject/PLY_Dreamyroom_Cocos/assets/scripts/core/SoundManager.ts from cce:/internal/x/prerequisite-imports as file:///F:/CocosProject/PLY_Dreamyroom_Cocos/assets/scripts/core/SoundManager.ts.
debug: Resolve file:///F:/CocosProject/PLY_Dreamyroom_Cocos/assets/scripts/core/TweenUtil.ts from cce:/internal/x/prerequisite-imports as file:///F:/CocosProject/PLY_Dreamyroom_Cocos/assets/scripts/core/TweenUtil.ts.
debug: Resolve file:///F:/CocosProject/PLY_Dreamyroom_Cocos/assets/scripts/effects/BlinkEffect.ts from cce:/internal/x/prerequisite-imports as file:///F:/CocosProject/PLY_Dreamyroom_Cocos/assets/scripts/effects/BlinkEffect.ts.
debug: Resolve file:///F:/CocosProject/PLY_Dreamyroom_Cocos/assets/scripts/item/ItemController.ts from cce:/internal/x/prerequisite-imports as file:///F:/CocosProject/PLY_Dreamyroom_Cocos/assets/scripts/item/ItemController.ts.
debug: Resolve file:///F:/CocosProject/PLY_Dreamyroom_Cocos/assets/scripts/item/ItemGraphic.ts from cce:/internal/x/prerequisite-imports as file:///F:/CocosProject/PLY_Dreamyroom_Cocos/assets/scripts/item/ItemGraphic.ts.
debug: Resolve file:///F:/CocosProject/PLY_Dreamyroom_Cocos/assets/scripts/item/ItemMovement.ts from cce:/internal/x/prerequisite-imports as file:///F:/CocosProject/PLY_Dreamyroom_Cocos/assets/scripts/item/ItemMovement.ts.
debug: Resolve file:///F:/CocosProject/PLY_Dreamyroom_Cocos/assets/scripts/item/OpenItem.ts from cce:/internal/x/prerequisite-imports as file:///F:/CocosProject/PLY_Dreamyroom_Cocos/assets/scripts/item/OpenItem.ts.
debug: Resolve file:///F:/CocosProject/PLY_Dreamyroom_Cocos/assets/scripts/managers/BaseRoomManager.ts from cce:/internal/x/prerequisite-imports as file:///F:/CocosProject/PLY_Dreamyroom_Cocos/assets/scripts/managers/BaseRoomManager.ts.
debug: Resolve file:///F:/CocosProject/PLY_Dreamyroom_Cocos/assets/scripts/managers/BoxManager.ts from cce:/internal/x/prerequisite-imports as file:///F:/CocosProject/PLY_Dreamyroom_Cocos/assets/scripts/managers/BoxManager.ts.
debug: Resolve file:///F:/CocosProject/PLY_Dreamyroom_Cocos/assets/scripts/managers/ItemManager.ts from cce:/internal/x/prerequisite-imports as file:///F:/CocosProject/PLY_Dreamyroom_Cocos/assets/scripts/managers/ItemManager.ts.
debug: Resolve file:///F:/CocosProject/PLY_Dreamyroom_Cocos/assets/scripts/managers/ProgressTrackingManager.ts from cce:/internal/x/prerequisite-imports as file:///F:/CocosProject/PLY_Dreamyroom_Cocos/assets/scripts/managers/ProgressTrackingManager.ts.
debug: Resolve cce:/internal/code-quality/cr.mjs from file:///F:/CocosProject/PLY_Dreamyroom_Cocos/assets/scripts/managers/ProgressTrackingManager.ts as cce:/internal/code-quality/cr.mjs.
debug: Resolve cc from file:///F:/CocosProject/PLY_Dreamyroom_Cocos/assets/scripts/managers/ProgressTrackingManager.ts as cce:/internal/x/cc.
debug: Resolve cc from file:///F:/CocosProject/PLY_Dreamyroom_Cocos/assets/scripts/managers/ProgressTrackingManager.ts as cce:/internal/x/cc.
debug: Resolve cc from file:///F:/CocosProject/PLY_Dreamyroom_Cocos/assets/scripts/managers/ProgressTrackingManager.ts as cce:/internal/x/cc.
debug: Resolve ../sdk/PlayableSDK from file:///F:/CocosProject/PLY_Dreamyroom_Cocos/assets/scripts/managers/ProgressTrackingManager.ts as file:///F:/CocosProject/PLY_Dreamyroom_Cocos/assets/scripts/sdk/PlayableSDK.ts.
debug: Resolve cc from file:///F:/CocosProject/PLY_Dreamyroom_Cocos/assets/scripts/sdk/PlayableSDK.ts as cce:/internal/x/cc.
debug: Resolve ./UIManager from file:///F:/CocosProject/PLY_Dreamyroom_Cocos/assets/scripts/managers/ProgressTrackingManager.ts as file:///F:/CocosProject/PLY_Dreamyroom_Cocos/assets/scripts/managers/UIManager.ts.
debug: Resolve ./ItemManager from file:///F:/CocosProject/PLY_Dreamyroom_Cocos/assets/scripts/managers/ProgressTrackingManager.ts as file:///F:/CocosProject/PLY_Dreamyroom_Cocos/assets/scripts/managers/ItemManager.ts.
debug: Resolve file:///F:/CocosProject/PLY_Dreamyroom_Cocos/assets/scripts/managers/UIManager.ts from cce:/internal/x/prerequisite-imports as file:///F:/CocosProject/PLY_Dreamyroom_Cocos/assets/scripts/managers/UIManager.ts.
debug: Resolve file:///F:/CocosProject/PLY_Dreamyroom_Cocos/assets/scripts/managers/WorldScrollManager.ts from cce:/internal/x/prerequisite-imports as file:///F:/CocosProject/PLY_Dreamyroom_Cocos/assets/scripts/managers/WorldScrollManager.ts.
debug: Resolve file:///F:/CocosProject/PLY_Dreamyroom_Cocos/assets/scripts/pipeline/SceneBuilder.ts from cce:/internal/x/prerequisite-imports as file:///F:/CocosProject/PLY_Dreamyroom_Cocos/assets/scripts/pipeline/SceneBuilder.ts.
debug: Resolve cc from file:///F:/CocosProject/PLY_Dreamyroom_Cocos/assets/scripts/pipeline/SceneBuilder.ts as cce:/internal/x/cc.
debug: Resolve cc from file:///F:/CocosProject/PLY_Dreamyroom_Cocos/assets/scripts/pipeline/SceneBuilder.ts as cce:/internal/x/cc.
debug: Resolve cc from file:///F:/CocosProject/PLY_Dreamyroom_Cocos/assets/scripts/pipeline/SceneBuilder.ts as cce:/internal/x/cc.
debug: Resolve cc/env from file:///F:/CocosProject/PLY_Dreamyroom_Cocos/assets/scripts/pipeline/SceneBuilder.ts as external dependency cc/env.
debug: Resolve file:///F:/CocosProject/PLY_Dreamyroom_Cocos/assets/scripts/sdk/PlayableSDK.ts from cce:/internal/x/prerequisite-imports as file:///F:/CocosProject/PLY_Dreamyroom_Cocos/assets/scripts/sdk/PlayableSDK.ts.
debug: Resolve file:///F:/CocosProject/PLY_Dreamyroom_Cocos/assets/scripts/utils/BallFollowFill.ts from cce:/internal/x/prerequisite-imports as file:///F:/CocosProject/PLY_Dreamyroom_Cocos/assets/scripts/utils/BallFollowFill.ts.
debug: Resolve file:///F:/CocosProject/PLY_Dreamyroom_Cocos/assets/scripts/utils/BaseRoom.ts from cce:/internal/x/prerequisite-imports as file:///F:/CocosProject/PLY_Dreamyroom_Cocos/assets/scripts/utils/BaseRoom.ts.
debug: Resolve file:///F:/CocosProject/PLY_Dreamyroom_Cocos/assets/scripts/utils/ChangeLight.ts from cce:/internal/x/prerequisite-imports as file:///F:/CocosProject/PLY_Dreamyroom_Cocos/assets/scripts/utils/ChangeLight.ts.
debug: Resolve file:///F:/CocosProject/PLY_Dreamyroom_Cocos/assets/scripts/utils/HandOfBox.ts from cce:/internal/x/prerequisite-imports as file:///F:/CocosProject/PLY_Dreamyroom_Cocos/assets/scripts/utils/HandOfBox.ts.
debug: Resolve file:///F:/CocosProject/PLY_Dreamyroom_Cocos/assets/scripts/utils/HolderSlot.ts from cce:/internal/x/prerequisite-imports as file:///F:/CocosProject/PLY_Dreamyroom_Cocos/assets/scripts/utils/HolderSlot.ts.
debug: Resolve file:///F:/CocosProject/PLY_Dreamyroom_Cocos/assets/scripts/utils/SeatHandler.ts from cce:/internal/x/prerequisite-imports as file:///F:/CocosProject/PLY_Dreamyroom_Cocos/assets/scripts/utils/SeatHandler.ts.
debug: Resolve file:///F:/CocosProject/PLY_Dreamyroom_Cocos/assets/scripts/utils/TurnOnSpine.ts from cce:/internal/x/prerequisite-imports as file:///F:/CocosProject/PLY_Dreamyroom_Cocos/assets/scripts/utils/TurnOnSpine.ts.
debug: Target(preview) ends with cost 160.81980001926422ms.
debug: Pulling asset-db.
debug: Fetch asset-db cost: 1276.061999976635ms.
debug: Build iteration starts.
Number of accumulated asset changes: 57
Feature changed: false
debug: Target(editor) build started.
debug: Detected change: cce:/internal/x/prerequisite-imports. Last mtime: Thu Jan 01 1970 07:00:06 GMT+0700 (Indochina Time), Current mtime: Thu Jan 01 1970 07:00:09 GMT+0700 (Indochina Time)
debug: Inspect cce:/internal/x/prerequisite-imports
debug: Resolve file:///C:/ProgramData/cocos/editors/Creator/3.7.4/resources/resources/3d/engine/editor/assets/tools/debug-view-runtime-control.ts from cce:/internal/x/prerequisite-imports as file:///C:/ProgramData/cocos/editors/Creator/3.7.4/resources/resources/3d/engine/editor/assets/tools/debug-view-runtime-control.ts.
debug: Resolve file:///F:/CocosProject/PLY_Dreamyroom_Cocos/assets/7.Scripts/Manager/AssetsManagerCustom.ts from cce:/internal/x/prerequisite-imports as file:///F:/CocosProject/PLY_Dreamyroom_Cocos/assets/7.Scripts/Manager/AssetsManagerCustom.ts.
debug: Resolve file:///F:/CocosProject/PLY_Dreamyroom_Cocos/assets/7.Scripts/Manager/Clock.ts from cce:/internal/x/prerequisite-imports as file:///F:/CocosProject/PLY_Dreamyroom_Cocos/assets/7.Scripts/Manager/Clock.ts.
debug: Resolve file:///F:/CocosProject/PLY_Dreamyroom_Cocos/assets/7.Scripts/Manager/InputManager.ts from cce:/internal/x/prerequisite-imports as file:///F:/CocosProject/PLY_Dreamyroom_Cocos/assets/7.Scripts/Manager/InputManager.ts.
debug: Resolve file:///F:/CocosProject/PLY_Dreamyroom_Cocos/assets/7.Scripts/Manager/Joystick.ts from cce:/internal/x/prerequisite-imports as file:///F:/CocosProject/PLY_Dreamyroom_Cocos/assets/7.Scripts/Manager/Joystick.ts.
debug: Resolve file:///F:/CocosProject/PLY_Dreamyroom_Cocos/assets/7.Scripts/Manager/MainCamera.ts from cce:/internal/x/prerequisite-imports as file:///F:/CocosProject/PLY_Dreamyroom_Cocos/assets/7.Scripts/Manager/MainCamera.ts.
debug: Resolve file:///F:/CocosProject/PLY_Dreamyroom_Cocos/assets/7.Scripts/Manager/PointerController.ts from cce:/internal/x/prerequisite-imports as file:///F:/CocosProject/PLY_Dreamyroom_Cocos/assets/7.Scripts/Manager/PointerController.ts.
debug: Resolve file:///F:/CocosProject/PLY_Dreamyroom_Cocos/assets/7.Scripts/Manager/SoundManager.ts from cce:/internal/x/prerequisite-imports as file:///F:/CocosProject/PLY_Dreamyroom_Cocos/assets/7.Scripts/Manager/SoundManager.ts.
debug: Resolve file:///F:/CocosProject/PLY_Dreamyroom_Cocos/assets/7.Scripts/Manager/UI.ts from cce:/internal/x/prerequisite-imports as file:///F:/CocosProject/PLY_Dreamyroom_Cocos/assets/7.Scripts/Manager/UI.ts.
debug: Resolve file:///F:/CocosProject/PLY_Dreamyroom_Cocos/assets/7.Scripts/Manager/VFX.ts from cce:/internal/x/prerequisite-imports as file:///F:/CocosProject/PLY_Dreamyroom_Cocos/assets/7.Scripts/Manager/VFX.ts.
debug: Resolve file:///F:/CocosProject/PLY_Dreamyroom_Cocos/assets/7.Scripts/Manager/World.ts from cce:/internal/x/prerequisite-imports as file:///F:/CocosProject/PLY_Dreamyroom_Cocos/assets/7.Scripts/Manager/World.ts.
debug: Resolve file:///F:/CocosProject/PLY_Dreamyroom_Cocos/assets/7.Scripts/MatchAsset/MatchSprite.ts from cce:/internal/x/prerequisite-imports as file:///F:/CocosProject/PLY_Dreamyroom_Cocos/assets/7.Scripts/MatchAsset/MatchSprite.ts.
debug: Resolve file:///F:/CocosProject/PLY_Dreamyroom_Cocos/assets/7.Scripts/MatchAsset/NodeOrder.ts from cce:/internal/x/prerequisite-imports as file:///F:/CocosProject/PLY_Dreamyroom_Cocos/assets/7.Scripts/MatchAsset/NodeOrder.ts.
debug: Resolve file:///F:/CocosProject/PLY_Dreamyroom_Cocos/assets/7.Scripts/MatchAsset/ReadImagePixel.ts from cce:/internal/x/prerequisite-imports as file:///F:/CocosProject/PLY_Dreamyroom_Cocos/assets/7.Scripts/MatchAsset/ReadImagePixel.ts.
debug: Resolve file:///F:/CocosProject/PLY_Dreamyroom_Cocos/assets/7.Scripts/MatchAsset/SpriteSizeSetter.ts from cce:/internal/x/prerequisite-imports as file:///F:/CocosProject/PLY_Dreamyroom_Cocos/assets/7.Scripts/MatchAsset/SpriteSizeSetter.ts.
debug: Resolve file:///F:/CocosProject/PLY_Dreamyroom_Cocos/assets/7.Scripts/MatchAsset/Ulis.ts from cce:/internal/x/prerequisite-imports as file:///F:/CocosProject/PLY_Dreamyroom_Cocos/assets/7.Scripts/MatchAsset/Ulis.ts.
debug: Resolve file:///F:/CocosProject/PLY_Dreamyroom_Cocos/assets/7.Scripts/Misc/AStar.ts from cce:/internal/x/prerequisite-imports as file:///F:/CocosProject/PLY_Dreamyroom_Cocos/assets/7.Scripts/Misc/AStar.ts.
debug: Resolve file:///F:/CocosProject/PLY_Dreamyroom_Cocos/assets/7.Scripts/Misc/Black.ts from cce:/internal/x/prerequisite-imports as file:///F:/CocosProject/PLY_Dreamyroom_Cocos/assets/7.Scripts/Misc/Black.ts.
debug: Resolve file:///F:/CocosProject/PLY_Dreamyroom_Cocos/assets/7.Scripts/Misc/Cloud.ts from cce:/internal/x/prerequisite-imports as file:///F:/CocosProject/PLY_Dreamyroom_Cocos/assets/7.Scripts/Misc/Cloud.ts.
debug: Resolve file:///F:/CocosProject/PLY_Dreamyroom_Cocos/assets/7.Scripts/Misc/IQ.ts from cce:/internal/x/prerequisite-imports as file:///F:/CocosProject/PLY_Dreamyroom_Cocos/assets/7.Scripts/Misc/IQ.ts.
debug: Resolve file:///F:/CocosProject/PLY_Dreamyroom_Cocos/assets/7.Scripts/Misc/MeshLoader.ts from cce:/internal/x/prerequisite-imports as file:///F:/CocosProject/PLY_Dreamyroom_Cocos/assets/7.Scripts/Misc/MeshLoader.ts.
debug: Resolve file:///F:/CocosProject/PLY_Dreamyroom_Cocos/assets/7.Scripts/Misc/SkinManager.ts from cce:/internal/x/prerequisite-imports as file:///F:/CocosProject/PLY_Dreamyroom_Cocos/assets/7.Scripts/Misc/SkinManager.ts.
debug: Resolve file:///F:/CocosProject/PLY_Dreamyroom_Cocos/assets/7.Scripts/Misc/SplineLineRenderer.ts from cce:/internal/x/prerequisite-imports as file:///F:/CocosProject/PLY_Dreamyroom_Cocos/assets/7.Scripts/Misc/SplineLineRenderer.ts.
debug: Resolve file:///F:/CocosProject/PLY_Dreamyroom_Cocos/assets/7.Scripts/Misc/Tooth.ts from cce:/internal/x/prerequisite-imports as file:///F:/CocosProject/PLY_Dreamyroom_Cocos/assets/7.Scripts/Misc/Tooth.ts.
debug: Resolve file:///F:/CocosProject/PLY_Dreamyroom_Cocos/assets/7.Scripts/Misc/Ulis.ts from cce:/internal/x/prerequisite-imports as file:///F:/CocosProject/PLY_Dreamyroom_Cocos/assets/7.Scripts/Misc/Ulis.ts.
debug: Resolve file:///F:/CocosProject/PLY_Dreamyroom_Cocos/assets/7.Scripts/Pool/PoolControl.ts from cce:/internal/x/prerequisite-imports as file:///F:/CocosProject/PLY_Dreamyroom_Cocos/assets/7.Scripts/Pool/PoolControl.ts.
debug: Resolve file:///F:/CocosProject/PLY_Dreamyroom_Cocos/assets/7.Scripts/Pool/PoolManager.ts from cce:/internal/x/prerequisite-imports as file:///F:/CocosProject/PLY_Dreamyroom_Cocos/assets/7.Scripts/Pool/PoolManager.ts.
debug: Resolve file:///F:/CocosProject/PLY_Dreamyroom_Cocos/assets/7.Scripts/Pool/PoolMember.ts from cce:/internal/x/prerequisite-imports as file:///F:/CocosProject/PLY_Dreamyroom_Cocos/assets/7.Scripts/Pool/PoolMember.ts.
debug: Resolve file:///F:/CocosProject/PLY_Dreamyroom_Cocos/assets/7.Scripts/Tool/AppLovinAnalytics.ts from cce:/internal/x/prerequisite-imports as file:///F:/CocosProject/PLY_Dreamyroom_Cocos/assets/7.Scripts/Tool/AppLovinAnalytics.ts.
debug: Resolve file:///F:/CocosProject/PLY_Dreamyroom_Cocos/assets/7.Scripts/Tool/GameController.ts from cce:/internal/x/prerequisite-imports as file:///F:/CocosProject/PLY_Dreamyroom_Cocos/assets/7.Scripts/Tool/GameController.ts.
debug: Resolve file:///F:/CocosProject/PLY_Dreamyroom_Cocos/assets/7.Scripts/Tool/h5-helper.ts from cce:/internal/x/prerequisite-imports as file:///F:/CocosProject/PLY_Dreamyroom_Cocos/assets/7.Scripts/Tool/h5-helper.ts.
debug: Resolve file:///F:/CocosProject/PLY_Dreamyroom_Cocos/assets/scripts/box/BoxController.ts from cce:/internal/x/prerequisite-imports as file:///F:/CocosProject/PLY_Dreamyroom_Cocos/assets/scripts/box/BoxController.ts.
debug: Resolve file:///F:/CocosProject/PLY_Dreamyroom_Cocos/assets/scripts/box/BoxGraphic.ts from cce:/internal/x/prerequisite-imports as file:///F:/CocosProject/PLY_Dreamyroom_Cocos/assets/scripts/box/BoxGraphic.ts.
debug: Resolve file:///F:/CocosProject/PLY_Dreamyroom_Cocos/assets/scripts/core/InputManager.ts from cce:/internal/x/prerequisite-imports as file:///F:/CocosProject/PLY_Dreamyroom_Cocos/assets/scripts/core/InputManager.ts.
debug: Resolve file:///F:/CocosProject/PLY_Dreamyroom_Cocos/assets/scripts/core/ObjectPool.ts from cce:/internal/x/prerequisite-imports as file:///F:/CocosProject/PLY_Dreamyroom_Cocos/assets/scripts/core/ObjectPool.ts.
debug: Resolve file:///F:/CocosProject/PLY_Dreamyroom_Cocos/assets/scripts/core/SoundManager.ts from cce:/internal/x/prerequisite-imports as file:///F:/CocosProject/PLY_Dreamyroom_Cocos/assets/scripts/core/SoundManager.ts.
debug: Resolve file:///F:/CocosProject/PLY_Dreamyroom_Cocos/assets/scripts/core/TweenUtil.ts from cce:/internal/x/prerequisite-imports as file:///F:/CocosProject/PLY_Dreamyroom_Cocos/assets/scripts/core/TweenUtil.ts.
debug: Resolve file:///F:/CocosProject/PLY_Dreamyroom_Cocos/assets/scripts/effects/BlinkEffect.ts from cce:/internal/x/prerequisite-imports as file:///F:/CocosProject/PLY_Dreamyroom_Cocos/assets/scripts/effects/BlinkEffect.ts.
debug: Resolve file:///F:/CocosProject/PLY_Dreamyroom_Cocos/assets/scripts/item/ItemController.ts from cce:/internal/x/prerequisite-imports as file:///F:/CocosProject/PLY_Dreamyroom_Cocos/assets/scripts/item/ItemController.ts.
debug: Resolve file:///F:/CocosProject/PLY_Dreamyroom_Cocos/assets/scripts/item/ItemGraphic.ts from cce:/internal/x/prerequisite-imports as file:///F:/CocosProject/PLY_Dreamyroom_Cocos/assets/scripts/item/ItemGraphic.ts.
debug: Resolve file:///F:/CocosProject/PLY_Dreamyroom_Cocos/assets/scripts/item/ItemMovement.ts from cce:/internal/x/prerequisite-imports as file:///F:/CocosProject/PLY_Dreamyroom_Cocos/assets/scripts/item/ItemMovement.ts.
debug: Resolve file:///F:/CocosProject/PLY_Dreamyroom_Cocos/assets/scripts/item/OpenItem.ts from cce:/internal/x/prerequisite-imports as file:///F:/CocosProject/PLY_Dreamyroom_Cocos/assets/scripts/item/OpenItem.ts.
debug: Resolve file:///F:/CocosProject/PLY_Dreamyroom_Cocos/assets/scripts/managers/BaseRoomManager.ts from cce:/internal/x/prerequisite-imports as file:///F:/CocosProject/PLY_Dreamyroom_Cocos/assets/scripts/managers/BaseRoomManager.ts.
debug: Resolve file:///F:/CocosProject/PLY_Dreamyroom_Cocos/assets/scripts/managers/BoxManager.ts from cce:/internal/x/prerequisite-imports as file:///F:/CocosProject/PLY_Dreamyroom_Cocos/assets/scripts/managers/BoxManager.ts.
debug: Resolve file:///F:/CocosProject/PLY_Dreamyroom_Cocos/assets/scripts/managers/ItemManager.ts from cce:/internal/x/prerequisite-imports as file:///F:/CocosProject/PLY_Dreamyroom_Cocos/assets/scripts/managers/ItemManager.ts.
debug: Resolve file:///F:/CocosProject/PLY_Dreamyroom_Cocos/assets/scripts/managers/ProgressTrackingManager.ts from cce:/internal/x/prerequisite-imports as file:///F:/CocosProject/PLY_Dreamyroom_Cocos/assets/scripts/managers/ProgressTrackingManager.ts.
debug: Resolve file:///F:/CocosProject/PLY_Dreamyroom_Cocos/assets/scripts/managers/UIManager.ts from cce:/internal/x/prerequisite-imports as file:///F:/CocosProject/PLY_Dreamyroom_Cocos/assets/scripts/managers/UIManager.ts.
debug: Resolve file:///F:/CocosProject/PLY_Dreamyroom_Cocos/assets/scripts/managers/WorldScrollManager.ts from cce:/internal/x/prerequisite-imports as file:///F:/CocosProject/PLY_Dreamyroom_Cocos/assets/scripts/managers/WorldScrollManager.ts.
debug: Resolve file:///F:/CocosProject/PLY_Dreamyroom_Cocos/assets/scripts/pipeline/SceneBuilder.ts from cce:/internal/x/prerequisite-imports as file:///F:/CocosProject/PLY_Dreamyroom_Cocos/assets/scripts/pipeline/SceneBuilder.ts.
debug: Resolve file:///F:/CocosProject/PLY_Dreamyroom_Cocos/assets/scripts/sdk/PlayableSDK.ts from cce:/internal/x/prerequisite-imports as file:///F:/CocosProject/PLY_Dreamyroom_Cocos/assets/scripts/sdk/PlayableSDK.ts.
debug: Resolve file:///F:/CocosProject/PLY_Dreamyroom_Cocos/assets/scripts/utils/BallFollowFill.ts from cce:/internal/x/prerequisite-imports as file:///F:/CocosProject/PLY_Dreamyroom_Cocos/assets/scripts/utils/BallFollowFill.ts.
debug: Resolve file:///F:/CocosProject/PLY_Dreamyroom_Cocos/assets/scripts/utils/BaseRoom.ts from cce:/internal/x/prerequisite-imports as file:///F:/CocosProject/PLY_Dreamyroom_Cocos/assets/scripts/utils/BaseRoom.ts.
debug: Resolve file:///F:/CocosProject/PLY_Dreamyroom_Cocos/assets/scripts/utils/ChangeLight.ts from cce:/internal/x/prerequisite-imports as file:///F:/CocosProject/PLY_Dreamyroom_Cocos/assets/scripts/utils/ChangeLight.ts.
debug: Resolve file:///F:/CocosProject/PLY_Dreamyroom_Cocos/assets/scripts/utils/HandOfBox.ts from cce:/internal/x/prerequisite-imports as file:///F:/CocosProject/PLY_Dreamyroom_Cocos/assets/scripts/utils/HandOfBox.ts.
debug: Resolve file:///F:/CocosProject/PLY_Dreamyroom_Cocos/assets/scripts/utils/HolderSlot.ts from cce:/internal/x/prerequisite-imports as file:///F:/CocosProject/PLY_Dreamyroom_Cocos/assets/scripts/utils/HolderSlot.ts.
debug: Resolve file:///F:/CocosProject/PLY_Dreamyroom_Cocos/assets/scripts/utils/SeatHandler.ts from cce:/internal/x/prerequisite-imports as file:///F:/CocosProject/PLY_Dreamyroom_Cocos/assets/scripts/utils/SeatHandler.ts.
debug: Resolve file:///F:/CocosProject/PLY_Dreamyroom_Cocos/assets/scripts/utils/TurnOnSpine.ts from cce:/internal/x/prerequisite-imports as file:///F:/CocosProject/PLY_Dreamyroom_Cocos/assets/scripts/utils/TurnOnSpine.ts.
debug: Target(editor) ends with cost 88.15100002288818ms.
debug: Target(preview) build started.
debug: Detected change: cce:/internal/x/prerequisite-imports. Last mtime: Thu Jan 01 1970 07:00:06 GMT+0700 (Indochina Time), Current mtime: Thu Jan 01 1970 07:00:09 GMT+0700 (Indochina Time)
debug: Inspect cce:/internal/x/prerequisite-imports
debug: Resolve file:///C:/ProgramData/cocos/editors/Creator/3.7.4/resources/resources/3d/engine/editor/assets/tools/debug-view-runtime-control.ts from cce:/internal/x/prerequisite-imports as file:///C:/ProgramData/cocos/editors/Creator/3.7.4/resources/resources/3d/engine/editor/assets/tools/debug-view-runtime-control.ts.
debug: Resolve file:///F:/CocosProject/PLY_Dreamyroom_Cocos/assets/7.Scripts/Manager/AssetsManagerCustom.ts from cce:/internal/x/prerequisite-imports as file:///F:/CocosProject/PLY_Dreamyroom_Cocos/assets/7.Scripts/Manager/AssetsManagerCustom.ts.
debug: Resolve file:///F:/CocosProject/PLY_Dreamyroom_Cocos/assets/7.Scripts/Manager/Clock.ts from cce:/internal/x/prerequisite-imports as file:///F:/CocosProject/PLY_Dreamyroom_Cocos/assets/7.Scripts/Manager/Clock.ts.
debug: Resolve file:///F:/CocosProject/PLY_Dreamyroom_Cocos/assets/7.Scripts/Manager/InputManager.ts from cce:/internal/x/prerequisite-imports as file:///F:/CocosProject/PLY_Dreamyroom_Cocos/assets/7.Scripts/Manager/InputManager.ts.
debug: Resolve file:///F:/CocosProject/PLY_Dreamyroom_Cocos/assets/7.Scripts/Manager/Joystick.ts from cce:/internal/x/prerequisite-imports as file:///F:/CocosProject/PLY_Dreamyroom_Cocos/assets/7.Scripts/Manager/Joystick.ts.
debug: Resolve file:///F:/CocosProject/PLY_Dreamyroom_Cocos/assets/7.Scripts/Manager/MainCamera.ts from cce:/internal/x/prerequisite-imports as file:///F:/CocosProject/PLY_Dreamyroom_Cocos/assets/7.Scripts/Manager/MainCamera.ts.
debug: Resolve file:///F:/CocosProject/PLY_Dreamyroom_Cocos/assets/7.Scripts/Manager/PointerController.ts from cce:/internal/x/prerequisite-imports as file:///F:/CocosProject/PLY_Dreamyroom_Cocos/assets/7.Scripts/Manager/PointerController.ts.
debug: Resolve file:///F:/CocosProject/PLY_Dreamyroom_Cocos/assets/7.Scripts/Manager/SoundManager.ts from cce:/internal/x/prerequisite-imports as file:///F:/CocosProject/PLY_Dreamyroom_Cocos/assets/7.Scripts/Manager/SoundManager.ts.
debug: Resolve file:///F:/CocosProject/PLY_Dreamyroom_Cocos/assets/7.Scripts/Manager/UI.ts from cce:/internal/x/prerequisite-imports as file:///F:/CocosProject/PLY_Dreamyroom_Cocos/assets/7.Scripts/Manager/UI.ts.
debug: Resolve file:///F:/CocosProject/PLY_Dreamyroom_Cocos/assets/7.Scripts/Manager/VFX.ts from cce:/internal/x/prerequisite-imports as file:///F:/CocosProject/PLY_Dreamyroom_Cocos/assets/7.Scripts/Manager/VFX.ts.
debug: Resolve file:///F:/CocosProject/PLY_Dreamyroom_Cocos/assets/7.Scripts/Manager/World.ts from cce:/internal/x/prerequisite-imports as file:///F:/CocosProject/PLY_Dreamyroom_Cocos/assets/7.Scripts/Manager/World.ts.
debug: Resolve file:///F:/CocosProject/PLY_Dreamyroom_Cocos/assets/7.Scripts/MatchAsset/MatchSprite.ts from cce:/internal/x/prerequisite-imports as file:///F:/CocosProject/PLY_Dreamyroom_Cocos/assets/7.Scripts/MatchAsset/MatchSprite.ts.
debug: Resolve file:///F:/CocosProject/PLY_Dreamyroom_Cocos/assets/7.Scripts/MatchAsset/NodeOrder.ts from cce:/internal/x/prerequisite-imports as file:///F:/CocosProject/PLY_Dreamyroom_Cocos/assets/7.Scripts/MatchAsset/NodeOrder.ts.
debug: Resolve file:///F:/CocosProject/PLY_Dreamyroom_Cocos/assets/7.Scripts/MatchAsset/ReadImagePixel.ts from cce:/internal/x/prerequisite-imports as file:///F:/CocosProject/PLY_Dreamyroom_Cocos/assets/7.Scripts/MatchAsset/ReadImagePixel.ts.
debug: Resolve file:///F:/CocosProject/PLY_Dreamyroom_Cocos/assets/7.Scripts/MatchAsset/SpriteSizeSetter.ts from cce:/internal/x/prerequisite-imports as file:///F:/CocosProject/PLY_Dreamyroom_Cocos/assets/7.Scripts/MatchAsset/SpriteSizeSetter.ts.
debug: Resolve file:///F:/CocosProject/PLY_Dreamyroom_Cocos/assets/7.Scripts/MatchAsset/Ulis.ts from cce:/internal/x/prerequisite-imports as file:///F:/CocosProject/PLY_Dreamyroom_Cocos/assets/7.Scripts/MatchAsset/Ulis.ts.
debug: Resolve file:///F:/CocosProject/PLY_Dreamyroom_Cocos/assets/7.Scripts/Misc/AStar.ts from cce:/internal/x/prerequisite-imports as file:///F:/CocosProject/PLY_Dreamyroom_Cocos/assets/7.Scripts/Misc/AStar.ts.
debug: Resolve file:///F:/CocosProject/PLY_Dreamyroom_Cocos/assets/7.Scripts/Misc/Black.ts from cce:/internal/x/prerequisite-imports as file:///F:/CocosProject/PLY_Dreamyroom_Cocos/assets/7.Scripts/Misc/Black.ts.
debug: Resolve file:///F:/CocosProject/PLY_Dreamyroom_Cocos/assets/7.Scripts/Misc/Cloud.ts from cce:/internal/x/prerequisite-imports as file:///F:/CocosProject/PLY_Dreamyroom_Cocos/assets/7.Scripts/Misc/Cloud.ts.
debug: Resolve file:///F:/CocosProject/PLY_Dreamyroom_Cocos/assets/7.Scripts/Misc/IQ.ts from cce:/internal/x/prerequisite-imports as file:///F:/CocosProject/PLY_Dreamyroom_Cocos/assets/7.Scripts/Misc/IQ.ts.
debug: Resolve file:///F:/CocosProject/PLY_Dreamyroom_Cocos/assets/7.Scripts/Misc/MeshLoader.ts from cce:/internal/x/prerequisite-imports as file:///F:/CocosProject/PLY_Dreamyroom_Cocos/assets/7.Scripts/Misc/MeshLoader.ts.
debug: Resolve file:///F:/CocosProject/PLY_Dreamyroom_Cocos/assets/7.Scripts/Misc/SkinManager.ts from cce:/internal/x/prerequisite-imports as file:///F:/CocosProject/PLY_Dreamyroom_Cocos/assets/7.Scripts/Misc/SkinManager.ts.
debug: Resolve file:///F:/CocosProject/PLY_Dreamyroom_Cocos/assets/7.Scripts/Misc/SplineLineRenderer.ts from cce:/internal/x/prerequisite-imports as file:///F:/CocosProject/PLY_Dreamyroom_Cocos/assets/7.Scripts/Misc/SplineLineRenderer.ts.
debug: Resolve file:///F:/CocosProject/PLY_Dreamyroom_Cocos/assets/7.Scripts/Misc/Tooth.ts from cce:/internal/x/prerequisite-imports as file:///F:/CocosProject/PLY_Dreamyroom_Cocos/assets/7.Scripts/Misc/Tooth.ts.
debug: Resolve file:///F:/CocosProject/PLY_Dreamyroom_Cocos/assets/7.Scripts/Misc/Ulis.ts from cce:/internal/x/prerequisite-imports as file:///F:/CocosProject/PLY_Dreamyroom_Cocos/assets/7.Scripts/Misc/Ulis.ts.
debug: Resolve file:///F:/CocosProject/PLY_Dreamyroom_Cocos/assets/7.Scripts/Pool/PoolControl.ts from cce:/internal/x/prerequisite-imports as file:///F:/CocosProject/PLY_Dreamyroom_Cocos/assets/7.Scripts/Pool/PoolControl.ts.
debug: Resolve file:///F:/CocosProject/PLY_Dreamyroom_Cocos/assets/7.Scripts/Pool/PoolManager.ts from cce:/internal/x/prerequisite-imports as file:///F:/CocosProject/PLY_Dreamyroom_Cocos/assets/7.Scripts/Pool/PoolManager.ts.
debug: Resolve file:///F:/CocosProject/PLY_Dreamyroom_Cocos/assets/7.Scripts/Pool/PoolMember.ts from cce:/internal/x/prerequisite-imports as file:///F:/CocosProject/PLY_Dreamyroom_Cocos/assets/7.Scripts/Pool/PoolMember.ts.
debug: Resolve file:///F:/CocosProject/PLY_Dreamyroom_Cocos/assets/7.Scripts/Tool/AppLovinAnalytics.ts from cce:/internal/x/prerequisite-imports as file:///F:/CocosProject/PLY_Dreamyroom_Cocos/assets/7.Scripts/Tool/AppLovinAnalytics.ts.
debug: Resolve file:///F:/CocosProject/PLY_Dreamyroom_Cocos/assets/7.Scripts/Tool/GameController.ts from cce:/internal/x/prerequisite-imports as file:///F:/CocosProject/PLY_Dreamyroom_Cocos/assets/7.Scripts/Tool/GameController.ts.
debug: Resolve file:///F:/CocosProject/PLY_Dreamyroom_Cocos/assets/7.Scripts/Tool/h5-helper.ts from cce:/internal/x/prerequisite-imports as file:///F:/CocosProject/PLY_Dreamyroom_Cocos/assets/7.Scripts/Tool/h5-helper.ts.
debug: Resolve file:///F:/CocosProject/PLY_Dreamyroom_Cocos/assets/scripts/box/BoxController.ts from cce:/internal/x/prerequisite-imports as file:///F:/CocosProject/PLY_Dreamyroom_Cocos/assets/scripts/box/BoxController.ts.
debug: Resolve file:///F:/CocosProject/PLY_Dreamyroom_Cocos/assets/scripts/box/BoxGraphic.ts from cce:/internal/x/prerequisite-imports as file:///F:/CocosProject/PLY_Dreamyroom_Cocos/assets/scripts/box/BoxGraphic.ts.
debug: Resolve file:///F:/CocosProject/PLY_Dreamyroom_Cocos/assets/scripts/core/InputManager.ts from cce:/internal/x/prerequisite-imports as file:///F:/CocosProject/PLY_Dreamyroom_Cocos/assets/scripts/core/InputManager.ts.
debug: Resolve file:///F:/CocosProject/PLY_Dreamyroom_Cocos/assets/scripts/core/ObjectPool.ts from cce:/internal/x/prerequisite-imports as file:///F:/CocosProject/PLY_Dreamyroom_Cocos/assets/scripts/core/ObjectPool.ts.
debug: Resolve file:///F:/CocosProject/PLY_Dreamyroom_Cocos/assets/scripts/core/SoundManager.ts from cce:/internal/x/prerequisite-imports as file:///F:/CocosProject/PLY_Dreamyroom_Cocos/assets/scripts/core/SoundManager.ts.
debug: Resolve file:///F:/CocosProject/PLY_Dreamyroom_Cocos/assets/scripts/core/TweenUtil.ts from cce:/internal/x/prerequisite-imports as file:///F:/CocosProject/PLY_Dreamyroom_Cocos/assets/scripts/core/TweenUtil.ts.
debug: Resolve file:///F:/CocosProject/PLY_Dreamyroom_Cocos/assets/scripts/effects/BlinkEffect.ts from cce:/internal/x/prerequisite-imports as file:///F:/CocosProject/PLY_Dreamyroom_Cocos/assets/scripts/effects/BlinkEffect.ts.
debug: Resolve file:///F:/CocosProject/PLY_Dreamyroom_Cocos/assets/scripts/item/ItemController.ts from cce:/internal/x/prerequisite-imports as file:///F:/CocosProject/PLY_Dreamyroom_Cocos/assets/scripts/item/ItemController.ts.
debug: Resolve file:///F:/CocosProject/PLY_Dreamyroom_Cocos/assets/scripts/item/ItemGraphic.ts from cce:/internal/x/prerequisite-imports as file:///F:/CocosProject/PLY_Dreamyroom_Cocos/assets/scripts/item/ItemGraphic.ts.
debug: Resolve file:///F:/CocosProject/PLY_Dreamyroom_Cocos/assets/scripts/item/ItemMovement.ts from cce:/internal/x/prerequisite-imports as file:///F:/CocosProject/PLY_Dreamyroom_Cocos/assets/scripts/item/ItemMovement.ts.
debug: Resolve file:///F:/CocosProject/PLY_Dreamyroom_Cocos/assets/scripts/item/OpenItem.ts from cce:/internal/x/prerequisite-imports as file:///F:/CocosProject/PLY_Dreamyroom_Cocos/assets/scripts/item/OpenItem.ts.
debug: Resolve file:///F:/CocosProject/PLY_Dreamyroom_Cocos/assets/scripts/managers/BaseRoomManager.ts from cce:/internal/x/prerequisite-imports as file:///F:/CocosProject/PLY_Dreamyroom_Cocos/assets/scripts/managers/BaseRoomManager.ts.
debug: Resolve file:///F:/CocosProject/PLY_Dreamyroom_Cocos/assets/scripts/managers/BoxManager.ts from cce:/internal/x/prerequisite-imports as file:///F:/CocosProject/PLY_Dreamyroom_Cocos/assets/scripts/managers/BoxManager.ts.
debug: Resolve file:///F:/CocosProject/PLY_Dreamyroom_Cocos/assets/scripts/managers/ItemManager.ts from cce:/internal/x/prerequisite-imports as file:///F:/CocosProject/PLY_Dreamyroom_Cocos/assets/scripts/managers/ItemManager.ts.
debug: Resolve file:///F:/CocosProject/PLY_Dreamyroom_Cocos/assets/scripts/managers/ProgressTrackingManager.ts from cce:/internal/x/prerequisite-imports as file:///F:/CocosProject/PLY_Dreamyroom_Cocos/assets/scripts/managers/ProgressTrackingManager.ts.
debug: Resolve file:///F:/CocosProject/PLY_Dreamyroom_Cocos/assets/scripts/managers/UIManager.ts from cce:/internal/x/prerequisite-imports as file:///F:/CocosProject/PLY_Dreamyroom_Cocos/assets/scripts/managers/UIManager.ts.
debug: Resolve file:///F:/CocosProject/PLY_Dreamyroom_Cocos/assets/scripts/managers/WorldScrollManager.ts from cce:/internal/x/prerequisite-imports as file:///F:/CocosProject/PLY_Dreamyroom_Cocos/assets/scripts/managers/WorldScrollManager.ts.
debug: Resolve file:///F:/CocosProject/PLY_Dreamyroom_Cocos/assets/scripts/pipeline/SceneBuilder.ts from cce:/internal/x/prerequisite-imports as file:///F:/CocosProject/PLY_Dreamyroom_Cocos/assets/scripts/pipeline/SceneBuilder.ts.
debug: Resolve file:///F:/CocosProject/PLY_Dreamyroom_Cocos/assets/scripts/sdk/PlayableSDK.ts from cce:/internal/x/prerequisite-imports as file:///F:/CocosProject/PLY_Dreamyroom_Cocos/assets/scripts/sdk/PlayableSDK.ts.
debug: Resolve file:///F:/CocosProject/PLY_Dreamyroom_Cocos/assets/scripts/utils/BallFollowFill.ts from cce:/internal/x/prerequisite-imports as file:///F:/CocosProject/PLY_Dreamyroom_Cocos/assets/scripts/utils/BallFollowFill.ts.
debug: Resolve file:///F:/CocosProject/PLY_Dreamyroom_Cocos/assets/scripts/utils/BaseRoom.ts from cce:/internal/x/prerequisite-imports as file:///F:/CocosProject/PLY_Dreamyroom_Cocos/assets/scripts/utils/BaseRoom.ts.
debug: Resolve file:///F:/CocosProject/PLY_Dreamyroom_Cocos/assets/scripts/utils/ChangeLight.ts from cce:/internal/x/prerequisite-imports as file:///F:/CocosProject/PLY_Dreamyroom_Cocos/assets/scripts/utils/ChangeLight.ts.
debug: Resolve file:///F:/CocosProject/PLY_Dreamyroom_Cocos/assets/scripts/utils/HandOfBox.ts from cce:/internal/x/prerequisite-imports as file:///F:/CocosProject/PLY_Dreamyroom_Cocos/assets/scripts/utils/HandOfBox.ts.
debug: Resolve file:///F:/CocosProject/PLY_Dreamyroom_Cocos/assets/scripts/utils/HolderSlot.ts from cce:/internal/x/prerequisite-imports as file:///F:/CocosProject/PLY_Dreamyroom_Cocos/assets/scripts/utils/HolderSlot.ts.
debug: Resolve file:///F:/CocosProject/PLY_Dreamyroom_Cocos/assets/scripts/utils/SeatHandler.ts from cce:/internal/x/prerequisite-imports as file:///F:/CocosProject/PLY_Dreamyroom_Cocos/assets/scripts/utils/SeatHandler.ts.
debug: Resolve file:///F:/CocosProject/PLY_Dreamyroom_Cocos/assets/scripts/utils/TurnOnSpine.ts from cce:/internal/x/prerequisite-imports as file:///F:/CocosProject/PLY_Dreamyroom_Cocos/assets/scripts/utils/TurnOnSpine.ts.
debug: Target(preview) ends with cost 90.91910004615784ms.
debug: Dispatch build request for time accumulated 1 asset changes.
debug: Build iteration starts.
Number of accumulated asset changes: 1
Feature changed: false
debug: Target(editor) build started.
debug: Detected change: cce:/internal/x/prerequisite-imports. Last mtime: Thu Jan 01 1970 07:00:09 GMT+0700 (Indochina Time), Current mtime: Thu Jan 01 1970 07:02:26 GMT+0700 (Indochina Time)
debug: Inspect cce:/internal/x/prerequisite-imports
debug: Resolve file:///C:/ProgramData/cocos/editors/Creator/3.7.4/resources/resources/3d/engine/editor/assets/tools/debug-view-runtime-control.ts from cce:/internal/x/prerequisite-imports as file:///C:/ProgramData/cocos/editors/Creator/3.7.4/resources/resources/3d/engine/editor/assets/tools/debug-view-runtime-control.ts.
debug: Resolve file:///F:/CocosProject/PLY_Dreamyroom_Cocos/assets/7.Scripts/Manager/AssetsManagerCustom.ts from cce:/internal/x/prerequisite-imports as file:///F:/CocosProject/PLY_Dreamyroom_Cocos/assets/7.Scripts/Manager/AssetsManagerCustom.ts.
debug: Resolve file:///F:/CocosProject/PLY_Dreamyroom_Cocos/assets/7.Scripts/Manager/Clock.ts from cce:/internal/x/prerequisite-imports as file:///F:/CocosProject/PLY_Dreamyroom_Cocos/assets/7.Scripts/Manager/Clock.ts.
debug: Resolve file:///F:/CocosProject/PLY_Dreamyroom_Cocos/assets/7.Scripts/Manager/InputManager.ts from cce:/internal/x/prerequisite-imports as file:///F:/CocosProject/PLY_Dreamyroom_Cocos/assets/7.Scripts/Manager/InputManager.ts.
debug: Resolve file:///F:/CocosProject/PLY_Dreamyroom_Cocos/assets/7.Scripts/Manager/Joystick.ts from cce:/internal/x/prerequisite-imports as file:///F:/CocosProject/PLY_Dreamyroom_Cocos/assets/7.Scripts/Manager/Joystick.ts.
debug: Resolve file:///F:/CocosProject/PLY_Dreamyroom_Cocos/assets/7.Scripts/Manager/MainCamera.ts from cce:/internal/x/prerequisite-imports as file:///F:/CocosProject/PLY_Dreamyroom_Cocos/assets/7.Scripts/Manager/MainCamera.ts.
debug: Resolve file:///F:/CocosProject/PLY_Dreamyroom_Cocos/assets/7.Scripts/Manager/PointerController.ts from cce:/internal/x/prerequisite-imports as file:///F:/CocosProject/PLY_Dreamyroom_Cocos/assets/7.Scripts/Manager/PointerController.ts.
debug: Resolve file:///F:/CocosProject/PLY_Dreamyroom_Cocos/assets/7.Scripts/Manager/SoundManager.ts from cce:/internal/x/prerequisite-imports as file:///F:/CocosProject/PLY_Dreamyroom_Cocos/assets/7.Scripts/Manager/SoundManager.ts.
debug: Resolve file:///F:/CocosProject/PLY_Dreamyroom_Cocos/assets/7.Scripts/Manager/UI.ts from cce:/internal/x/prerequisite-imports as file:///F:/CocosProject/PLY_Dreamyroom_Cocos/assets/7.Scripts/Manager/UI.ts.
debug: Resolve file:///F:/CocosProject/PLY_Dreamyroom_Cocos/assets/7.Scripts/Manager/VFX.ts from cce:/internal/x/prerequisite-imports as file:///F:/CocosProject/PLY_Dreamyroom_Cocos/assets/7.Scripts/Manager/VFX.ts.
debug: Resolve file:///F:/CocosProject/PLY_Dreamyroom_Cocos/assets/7.Scripts/Manager/World.ts from cce:/internal/x/prerequisite-imports as file:///F:/CocosProject/PLY_Dreamyroom_Cocos/assets/7.Scripts/Manager/World.ts.
debug: Resolve file:///F:/CocosProject/PLY_Dreamyroom_Cocos/assets/7.Scripts/MatchAsset/MatchSprite.ts from cce:/internal/x/prerequisite-imports as file:///F:/CocosProject/PLY_Dreamyroom_Cocos/assets/7.Scripts/MatchAsset/MatchSprite.ts.
debug: Resolve file:///F:/CocosProject/PLY_Dreamyroom_Cocos/assets/7.Scripts/MatchAsset/NodeOrder.ts from cce:/internal/x/prerequisite-imports as file:///F:/CocosProject/PLY_Dreamyroom_Cocos/assets/7.Scripts/MatchAsset/NodeOrder.ts.
debug: Resolve file:///F:/CocosProject/PLY_Dreamyroom_Cocos/assets/7.Scripts/MatchAsset/ReadImagePixel.ts from cce:/internal/x/prerequisite-imports as file:///F:/CocosProject/PLY_Dreamyroom_Cocos/assets/7.Scripts/MatchAsset/ReadImagePixel.ts.
debug: Resolve file:///F:/CocosProject/PLY_Dreamyroom_Cocos/assets/7.Scripts/MatchAsset/SpriteSizeSetter.ts from cce:/internal/x/prerequisite-imports as file:///F:/CocosProject/PLY_Dreamyroom_Cocos/assets/7.Scripts/MatchAsset/SpriteSizeSetter.ts.
debug: Resolve file:///F:/CocosProject/PLY_Dreamyroom_Cocos/assets/7.Scripts/MatchAsset/Ulis.ts from cce:/internal/x/prerequisite-imports as file:///F:/CocosProject/PLY_Dreamyroom_Cocos/assets/7.Scripts/MatchAsset/Ulis.ts.
debug: Resolve file:///F:/CocosProject/PLY_Dreamyroom_Cocos/assets/7.Scripts/Misc/AStar.ts from cce:/internal/x/prerequisite-imports as file:///F:/CocosProject/PLY_Dreamyroom_Cocos/assets/7.Scripts/Misc/AStar.ts.
debug: Resolve file:///F:/CocosProject/PLY_Dreamyroom_Cocos/assets/7.Scripts/Misc/Black.ts from cce:/internal/x/prerequisite-imports as file:///F:/CocosProject/PLY_Dreamyroom_Cocos/assets/7.Scripts/Misc/Black.ts.
debug: Resolve file:///F:/CocosProject/PLY_Dreamyroom_Cocos/assets/7.Scripts/Misc/Cloud.ts from cce:/internal/x/prerequisite-imports as file:///F:/CocosProject/PLY_Dreamyroom_Cocos/assets/7.Scripts/Misc/Cloud.ts.
debug: Resolve file:///F:/CocosProject/PLY_Dreamyroom_Cocos/assets/7.Scripts/Misc/IQ.ts from cce:/internal/x/prerequisite-imports as file:///F:/CocosProject/PLY_Dreamyroom_Cocos/assets/7.Scripts/Misc/IQ.ts.
debug: Resolve file:///F:/CocosProject/PLY_Dreamyroom_Cocos/assets/7.Scripts/Misc/MeshLoader.ts from cce:/internal/x/prerequisite-imports as file:///F:/CocosProject/PLY_Dreamyroom_Cocos/assets/7.Scripts/Misc/MeshLoader.ts.
debug: Resolve file:///F:/CocosProject/PLY_Dreamyroom_Cocos/assets/7.Scripts/Misc/SkinManager.ts from cce:/internal/x/prerequisite-imports as file:///F:/CocosProject/PLY_Dreamyroom_Cocos/assets/7.Scripts/Misc/SkinManager.ts.
debug: Resolve file:///F:/CocosProject/PLY_Dreamyroom_Cocos/assets/7.Scripts/Misc/SplineLineRenderer.ts from cce:/internal/x/prerequisite-imports as file:///F:/CocosProject/PLY_Dreamyroom_Cocos/assets/7.Scripts/Misc/SplineLineRenderer.ts.
debug: Resolve file:///F:/CocosProject/PLY_Dreamyroom_Cocos/assets/7.Scripts/Misc/Tooth.ts from cce:/internal/x/prerequisite-imports as file:///F:/CocosProject/PLY_Dreamyroom_Cocos/assets/7.Scripts/Misc/Tooth.ts.
debug: Resolve file:///F:/CocosProject/PLY_Dreamyroom_Cocos/assets/7.Scripts/Misc/Ulis.ts from cce:/internal/x/prerequisite-imports as file:///F:/CocosProject/PLY_Dreamyroom_Cocos/assets/7.Scripts/Misc/Ulis.ts.
debug: Resolve file:///F:/CocosProject/PLY_Dreamyroom_Cocos/assets/7.Scripts/Pool/PoolControl.ts from cce:/internal/x/prerequisite-imports as file:///F:/CocosProject/PLY_Dreamyroom_Cocos/assets/7.Scripts/Pool/PoolControl.ts.
debug: Resolve file:///F:/CocosProject/PLY_Dreamyroom_Cocos/assets/7.Scripts/Pool/PoolManager.ts from cce:/internal/x/prerequisite-imports as file:///F:/CocosProject/PLY_Dreamyroom_Cocos/assets/7.Scripts/Pool/PoolManager.ts.
debug: Resolve file:///F:/CocosProject/PLY_Dreamyroom_Cocos/assets/7.Scripts/Pool/PoolMember.ts from cce:/internal/x/prerequisite-imports as file:///F:/CocosProject/PLY_Dreamyroom_Cocos/assets/7.Scripts/Pool/PoolMember.ts.
debug: Resolve file:///F:/CocosProject/PLY_Dreamyroom_Cocos/assets/7.Scripts/Tool/AppLovinAnalytics.ts from cce:/internal/x/prerequisite-imports as file:///F:/CocosProject/PLY_Dreamyroom_Cocos/assets/7.Scripts/Tool/AppLovinAnalytics.ts.
debug: Resolve file:///F:/CocosProject/PLY_Dreamyroom_Cocos/assets/7.Scripts/Tool/GameController.ts from cce:/internal/x/prerequisite-imports as file:///F:/CocosProject/PLY_Dreamyroom_Cocos/assets/7.Scripts/Tool/GameController.ts.
debug: Resolve file:///F:/CocosProject/PLY_Dreamyroom_Cocos/assets/7.Scripts/Tool/h5-helper.ts from cce:/internal/x/prerequisite-imports as file:///F:/CocosProject/PLY_Dreamyroom_Cocos/assets/7.Scripts/Tool/h5-helper.ts.
debug: Resolve file:///F:/CocosProject/PLY_Dreamyroom_Cocos/assets/scripts/box/BoxController.ts from cce:/internal/x/prerequisite-imports as file:///F:/CocosProject/PLY_Dreamyroom_Cocos/assets/scripts/box/BoxController.ts.
debug: Resolve file:///F:/CocosProject/PLY_Dreamyroom_Cocos/assets/scripts/box/BoxGraphic.ts from cce:/internal/x/prerequisite-imports as file:///F:/CocosProject/PLY_Dreamyroom_Cocos/assets/scripts/box/BoxGraphic.ts.
debug: Resolve file:///F:/CocosProject/PLY_Dreamyroom_Cocos/assets/scripts/core/InputManager.ts from cce:/internal/x/prerequisite-imports as file:///F:/CocosProject/PLY_Dreamyroom_Cocos/assets/scripts/core/InputManager.ts.
debug: Resolve file:///F:/CocosProject/PLY_Dreamyroom_Cocos/assets/scripts/core/ObjectPool.ts from cce:/internal/x/prerequisite-imports as file:///F:/CocosProject/PLY_Dreamyroom_Cocos/assets/scripts/core/ObjectPool.ts.
debug: Resolve file:///F:/CocosProject/PLY_Dreamyroom_Cocos/assets/scripts/core/SoundManager.ts from cce:/internal/x/prerequisite-imports as file:///F:/CocosProject/PLY_Dreamyroom_Cocos/assets/scripts/core/SoundManager.ts.
debug: Resolve file:///F:/CocosProject/PLY_Dreamyroom_Cocos/assets/scripts/core/TweenUtil.ts from cce:/internal/x/prerequisite-imports as file:///F:/CocosProject/PLY_Dreamyroom_Cocos/assets/scripts/core/TweenUtil.ts.
debug: Resolve file:///F:/CocosProject/PLY_Dreamyroom_Cocos/assets/scripts/effects/BlinkEffect.ts from cce:/internal/x/prerequisite-imports as file:///F:/CocosProject/PLY_Dreamyroom_Cocos/assets/scripts/effects/BlinkEffect.ts.
debug: Resolve file:///F:/CocosProject/PLY_Dreamyroom_Cocos/assets/scripts/item/ItemController.ts from cce:/internal/x/prerequisite-imports as file:///F:/CocosProject/PLY_Dreamyroom_Cocos/assets/scripts/item/ItemController.ts.
debug: Resolve file:///F:/CocosProject/PLY_Dreamyroom_Cocos/assets/scripts/item/ItemGraphic.ts from cce:/internal/x/prerequisite-imports as file:///F:/CocosProject/PLY_Dreamyroom_Cocos/assets/scripts/item/ItemGraphic.ts.
debug: Resolve file:///F:/CocosProject/PLY_Dreamyroom_Cocos/assets/scripts/item/ItemMovement.ts from cce:/internal/x/prerequisite-imports as file:///F:/CocosProject/PLY_Dreamyroom_Cocos/assets/scripts/item/ItemMovement.ts.
debug: Resolve file:///F:/CocosProject/PLY_Dreamyroom_Cocos/assets/scripts/item/OpenItem.ts from cce:/internal/x/prerequisite-imports as file:///F:/CocosProject/PLY_Dreamyroom_Cocos/assets/scripts/item/OpenItem.ts.
debug: Resolve file:///F:/CocosProject/PLY_Dreamyroom_Cocos/assets/scripts/managers/BaseRoomManager.ts from cce:/internal/x/prerequisite-imports as file:///F:/CocosProject/PLY_Dreamyroom_Cocos/assets/scripts/managers/BaseRoomManager.ts.
debug: Resolve file:///F:/CocosProject/PLY_Dreamyroom_Cocos/assets/scripts/managers/BoxManager.ts from cce:/internal/x/prerequisite-imports as file:///F:/CocosProject/PLY_Dreamyroom_Cocos/assets/scripts/managers/BoxManager.ts.
debug: Resolve file:///F:/CocosProject/PLY_Dreamyroom_Cocos/assets/scripts/managers/ItemManager.ts from cce:/internal/x/prerequisite-imports as file:///F:/CocosProject/PLY_Dreamyroom_Cocos/assets/scripts/managers/ItemManager.ts.
debug: Resolve file:///F:/CocosProject/PLY_Dreamyroom_Cocos/assets/scripts/managers/ProgressTrackingManager.ts from cce:/internal/x/prerequisite-imports as file:///F:/CocosProject/PLY_Dreamyroom_Cocos/assets/scripts/managers/ProgressTrackingManager.ts.
debug: Failed to stat file 'file:///F:/CocosProject/PLY_Dreamyroom_Cocos/assets/scripts/sdk/PlayableSDK.ts' when get mtime:Error: ENOENT: no such file or directory, stat 'F:\CocosProject\PLY_Dreamyroom_Cocos\assets\scripts\sdk\PlayableSDK.ts'
debug: Detected change: file:///F:/CocosProject/PLY_Dreamyroom_Cocos/assets/scripts/sdk/PlayableSDK.ts. Last mtime: Wed Aug 19 2026 11:48:23 GMT+0700 (Indochina Time)@96ddf449-cd5a-4e21-a771-3dc4b9f5b8a5, Current mtime: Thu Jan 01 1970 07:00:00 GMT+0700 (Indochina Time)
debug: Inspect file:///F:/CocosProject/PLY_Dreamyroom_Cocos/assets/scripts/sdk/PlayableSDK.ts
debug: We encountered an load error: Error: Error when fetching file F:\CocosProject\PLY_Dreamyroom_Cocos\assets\scripts\sdk\PlayableSDK.ts: Error: ENOENT: no such file or directory, open 'F:\CocosProject\PLY_Dreamyroom_Cocos\assets\scripts\sdk\PlayableSDK.ts'
debug: Resolve file:///F:/CocosProject/PLY_Dreamyroom_Cocos/assets/scripts/managers/UIManager.ts from cce:/internal/x/prerequisite-imports as file:///F:/CocosProject/PLY_Dreamyroom_Cocos/assets/scripts/managers/UIManager.ts.
debug: Resolve file:///F:/CocosProject/PLY_Dreamyroom_Cocos/assets/scripts/managers/WorldScrollManager.ts from cce:/internal/x/prerequisite-imports as file:///F:/CocosProject/PLY_Dreamyroom_Cocos/assets/scripts/managers/WorldScrollManager.ts.
debug: Resolve file:///F:/CocosProject/PLY_Dreamyroom_Cocos/assets/scripts/pipeline/SceneBuilder.ts from cce:/internal/x/prerequisite-imports as file:///F:/CocosProject/PLY_Dreamyroom_Cocos/assets/scripts/pipeline/SceneBuilder.ts.
debug: Resolve file:///F:/CocosProject/PLY_Dreamyroom_Cocos/assets/scripts/utils/BallFollowFill.ts from cce:/internal/x/prerequisite-imports as file:///F:/CocosProject/PLY_Dreamyroom_Cocos/assets/scripts/utils/BallFollowFill.ts.
debug: Resolve file:///F:/CocosProject/PLY_Dreamyroom_Cocos/assets/scripts/utils/BaseRoom.ts from cce:/internal/x/prerequisite-imports as file:///F:/CocosProject/PLY_Dreamyroom_Cocos/assets/scripts/utils/BaseRoom.ts.
debug: Resolve file:///F:/CocosProject/PLY_Dreamyroom_Cocos/assets/scripts/utils/ChangeLight.ts from cce:/internal/x/prerequisite-imports as file:///F:/CocosProject/PLY_Dreamyroom_Cocos/assets/scripts/utils/ChangeLight.ts.
debug: Resolve file:///F:/CocosProject/PLY_Dreamyroom_Cocos/assets/scripts/utils/HandOfBox.ts from cce:/internal/x/prerequisite-imports as file:///F:/CocosProject/PLY_Dreamyroom_Cocos/assets/scripts/utils/HandOfBox.ts.
debug: Resolve file:///F:/CocosProject/PLY_Dreamyroom_Cocos/assets/scripts/utils/HolderSlot.ts from cce:/internal/x/prerequisite-imports as file:///F:/CocosProject/PLY_Dreamyroom_Cocos/assets/scripts/utils/HolderSlot.ts.
debug: Resolve file:///F:/CocosProject/PLY_Dreamyroom_Cocos/assets/scripts/utils/SeatHandler.ts from cce:/internal/x/prerequisite-imports as file:///F:/CocosProject/PLY_Dreamyroom_Cocos/assets/scripts/utils/SeatHandler.ts.
debug: Resolve file:///F:/CocosProject/PLY_Dreamyroom_Cocos/assets/scripts/utils/TurnOnSpine.ts from cce:/internal/x/prerequisite-imports as file:///F:/CocosProject/PLY_Dreamyroom_Cocos/assets/scripts/utils/TurnOnSpine.ts.
debug: Target(editor) ends with cost 119.20639997720718ms.
debug: Target(preview) build started.
debug: Detected change: cce:/internal/x/prerequisite-imports. Last mtime: Thu Jan 01 1970 07:00:09 GMT+0700 (Indochina Time), Current mtime: Thu Jan 01 1970 07:02:26 GMT+0700 (Indochina Time)
debug: Inspect cce:/internal/x/prerequisite-imports
debug: Resolve file:///C:/ProgramData/cocos/editors/Creator/3.7.4/resources/resources/3d/engine/editor/assets/tools/debug-view-runtime-control.ts from cce:/internal/x/prerequisite-imports as file:///C:/ProgramData/cocos/editors/Creator/3.7.4/resources/resources/3d/engine/editor/assets/tools/debug-view-runtime-control.ts.
debug: Resolve file:///F:/CocosProject/PLY_Dreamyroom_Cocos/assets/7.Scripts/Manager/AssetsManagerCustom.ts from cce:/internal/x/prerequisite-imports as file:///F:/CocosProject/PLY_Dreamyroom_Cocos/assets/7.Scripts/Manager/AssetsManagerCustom.ts.
debug: Resolve file:///F:/CocosProject/PLY_Dreamyroom_Cocos/assets/7.Scripts/Manager/Clock.ts from cce:/internal/x/prerequisite-imports as file:///F:/CocosProject/PLY_Dreamyroom_Cocos/assets/7.Scripts/Manager/Clock.ts.
debug: Resolve file:///F:/CocosProject/PLY_Dreamyroom_Cocos/assets/7.Scripts/Manager/InputManager.ts from cce:/internal/x/prerequisite-imports as file:///F:/CocosProject/PLY_Dreamyroom_Cocos/assets/7.Scripts/Manager/InputManager.ts.
debug: Resolve file:///F:/CocosProject/PLY_Dreamyroom_Cocos/assets/7.Scripts/Manager/Joystick.ts from cce:/internal/x/prerequisite-imports as file:///F:/CocosProject/PLY_Dreamyroom_Cocos/assets/7.Scripts/Manager/Joystick.ts.
debug: Resolve file:///F:/CocosProject/PLY_Dreamyroom_Cocos/assets/7.Scripts/Manager/MainCamera.ts from cce:/internal/x/prerequisite-imports as file:///F:/CocosProject/PLY_Dreamyroom_Cocos/assets/7.Scripts/Manager/MainCamera.ts.
debug: Resolve file:///F:/CocosProject/PLY_Dreamyroom_Cocos/assets/7.Scripts/Manager/PointerController.ts from cce:/internal/x/prerequisite-imports as file:///F:/CocosProject/PLY_Dreamyroom_Cocos/assets/7.Scripts/Manager/PointerController.ts.
debug: Resolve file:///F:/CocosProject/PLY_Dreamyroom_Cocos/assets/7.Scripts/Manager/SoundManager.ts from cce:/internal/x/prerequisite-imports as file:///F:/CocosProject/PLY_Dreamyroom_Cocos/assets/7.Scripts/Manager/SoundManager.ts.
debug: Resolve file:///F:/CocosProject/PLY_Dreamyroom_Cocos/assets/7.Scripts/Manager/UI.ts from cce:/internal/x/prerequisite-imports as file:///F:/CocosProject/PLY_Dreamyroom_Cocos/assets/7.Scripts/Manager/UI.ts.
debug: Resolve file:///F:/CocosProject/PLY_Dreamyroom_Cocos/assets/7.Scripts/Manager/VFX.ts from cce:/internal/x/prerequisite-imports as file:///F:/CocosProject/PLY_Dreamyroom_Cocos/assets/7.Scripts/Manager/VFX.ts.
debug: Resolve file:///F:/CocosProject/PLY_Dreamyroom_Cocos/assets/7.Scripts/Manager/World.ts from cce:/internal/x/prerequisite-imports as file:///F:/CocosProject/PLY_Dreamyroom_Cocos/assets/7.Scripts/Manager/World.ts.
debug: Resolve file:///F:/CocosProject/PLY_Dreamyroom_Cocos/assets/7.Scripts/MatchAsset/MatchSprite.ts from cce:/internal/x/prerequisite-imports as file:///F:/CocosProject/PLY_Dreamyroom_Cocos/assets/7.Scripts/MatchAsset/MatchSprite.ts.
debug: Resolve file:///F:/CocosProject/PLY_Dreamyroom_Cocos/assets/7.Scripts/MatchAsset/NodeOrder.ts from cce:/internal/x/prerequisite-imports as file:///F:/CocosProject/PLY_Dreamyroom_Cocos/assets/7.Scripts/MatchAsset/NodeOrder.ts.
debug: Resolve file:///F:/CocosProject/PLY_Dreamyroom_Cocos/assets/7.Scripts/MatchAsset/ReadImagePixel.ts from cce:/internal/x/prerequisite-imports as file:///F:/CocosProject/PLY_Dreamyroom_Cocos/assets/7.Scripts/MatchAsset/ReadImagePixel.ts.
debug: Resolve file:///F:/CocosProject/PLY_Dreamyroom_Cocos/assets/7.Scripts/MatchAsset/SpriteSizeSetter.ts from cce:/internal/x/prerequisite-imports as file:///F:/CocosProject/PLY_Dreamyroom_Cocos/assets/7.Scripts/MatchAsset/SpriteSizeSetter.ts.
debug: Resolve file:///F:/CocosProject/PLY_Dreamyroom_Cocos/assets/7.Scripts/MatchAsset/Ulis.ts from cce:/internal/x/prerequisite-imports as file:///F:/CocosProject/PLY_Dreamyroom_Cocos/assets/7.Scripts/MatchAsset/Ulis.ts.
debug: Resolve file:///F:/CocosProject/PLY_Dreamyroom_Cocos/assets/7.Scripts/Misc/AStar.ts from cce:/internal/x/prerequisite-imports as file:///F:/CocosProject/PLY_Dreamyroom_Cocos/assets/7.Scripts/Misc/AStar.ts.
debug: Resolve file:///F:/CocosProject/PLY_Dreamyroom_Cocos/assets/7.Scripts/Misc/Black.ts from cce:/internal/x/prerequisite-imports as file:///F:/CocosProject/PLY_Dreamyroom_Cocos/assets/7.Scripts/Misc/Black.ts.
debug: Resolve file:///F:/CocosProject/PLY_Dreamyroom_Cocos/assets/7.Scripts/Misc/Cloud.ts from cce:/internal/x/prerequisite-imports as file:///F:/CocosProject/PLY_Dreamyroom_Cocos/assets/7.Scripts/Misc/Cloud.ts.
debug: Resolve file:///F:/CocosProject/PLY_Dreamyroom_Cocos/assets/7.Scripts/Misc/IQ.ts from cce:/internal/x/prerequisite-imports as file:///F:/CocosProject/PLY_Dreamyroom_Cocos/assets/7.Scripts/Misc/IQ.ts.
debug: Resolve file:///F:/CocosProject/PLY_Dreamyroom_Cocos/assets/7.Scripts/Misc/MeshLoader.ts from cce:/internal/x/prerequisite-imports as file:///F:/CocosProject/PLY_Dreamyroom_Cocos/assets/7.Scripts/Misc/MeshLoader.ts.
debug: Resolve file:///F:/CocosProject/PLY_Dreamyroom_Cocos/assets/7.Scripts/Misc/SkinManager.ts from cce:/internal/x/prerequisite-imports as file:///F:/CocosProject/PLY_Dreamyroom_Cocos/assets/7.Scripts/Misc/SkinManager.ts.
debug: Resolve file:///F:/CocosProject/PLY_Dreamyroom_Cocos/assets/7.Scripts/Misc/SplineLineRenderer.ts from cce:/internal/x/prerequisite-imports as file:///F:/CocosProject/PLY_Dreamyroom_Cocos/assets/7.Scripts/Misc/SplineLineRenderer.ts.
debug: Resolve file:///F:/CocosProject/PLY_Dreamyroom_Cocos/assets/7.Scripts/Misc/Tooth.ts from cce:/internal/x/prerequisite-imports as file:///F:/CocosProject/PLY_Dreamyroom_Cocos/assets/7.Scripts/Misc/Tooth.ts.
debug: Resolve file:///F:/CocosProject/PLY_Dreamyroom_Cocos/assets/7.Scripts/Misc/Ulis.ts from cce:/internal/x/prerequisite-imports as file:///F:/CocosProject/PLY_Dreamyroom_Cocos/assets/7.Scripts/Misc/Ulis.ts.
debug: Resolve file:///F:/CocosProject/PLY_Dreamyroom_Cocos/assets/7.Scripts/Pool/PoolControl.ts from cce:/internal/x/prerequisite-imports as file:///F:/CocosProject/PLY_Dreamyroom_Cocos/assets/7.Scripts/Pool/PoolControl.ts.
debug: Resolve file:///F:/CocosProject/PLY_Dreamyroom_Cocos/assets/7.Scripts/Pool/PoolManager.ts from cce:/internal/x/prerequisite-imports as file:///F:/CocosProject/PLY_Dreamyroom_Cocos/assets/7.Scripts/Pool/PoolManager.ts.
debug: Resolve file:///F:/CocosProject/PLY_Dreamyroom_Cocos/assets/7.Scripts/Pool/PoolMember.ts from cce:/internal/x/prerequisite-imports as file:///F:/CocosProject/PLY_Dreamyroom_Cocos/assets/7.Scripts/Pool/PoolMember.ts.
debug: Resolve file:///F:/CocosProject/PLY_Dreamyroom_Cocos/assets/7.Scripts/Tool/AppLovinAnalytics.ts from cce:/internal/x/prerequisite-imports as file:///F:/CocosProject/PLY_Dreamyroom_Cocos/assets/7.Scripts/Tool/AppLovinAnalytics.ts.
debug: Resolve file:///F:/CocosProject/PLY_Dreamyroom_Cocos/assets/7.Scripts/Tool/GameController.ts from cce:/internal/x/prerequisite-imports as file:///F:/CocosProject/PLY_Dreamyroom_Cocos/assets/7.Scripts/Tool/GameController.ts.
debug: Resolve file:///F:/CocosProject/PLY_Dreamyroom_Cocos/assets/7.Scripts/Tool/h5-helper.ts from cce:/internal/x/prerequisite-imports as file:///F:/CocosProject/PLY_Dreamyroom_Cocos/assets/7.Scripts/Tool/h5-helper.ts.
debug: Resolve file:///F:/CocosProject/PLY_Dreamyroom_Cocos/assets/scripts/box/BoxController.ts from cce:/internal/x/prerequisite-imports as file:///F:/CocosProject/PLY_Dreamyroom_Cocos/assets/scripts/box/BoxController.ts.
debug: Resolve file:///F:/CocosProject/PLY_Dreamyroom_Cocos/assets/scripts/box/BoxGraphic.ts from cce:/internal/x/prerequisite-imports as file:///F:/CocosProject/PLY_Dreamyroom_Cocos/assets/scripts/box/BoxGraphic.ts.
debug: Resolve file:///F:/CocosProject/PLY_Dreamyroom_Cocos/assets/scripts/core/InputManager.ts from cce:/internal/x/prerequisite-imports as file:///F:/CocosProject/PLY_Dreamyroom_Cocos/assets/scripts/core/InputManager.ts.
debug: Resolve file:///F:/CocosProject/PLY_Dreamyroom_Cocos/assets/scripts/core/ObjectPool.ts from cce:/internal/x/prerequisite-imports as file:///F:/CocosProject/PLY_Dreamyroom_Cocos/assets/scripts/core/ObjectPool.ts.
debug: Resolve file:///F:/CocosProject/PLY_Dreamyroom_Cocos/assets/scripts/core/SoundManager.ts from cce:/internal/x/prerequisite-imports as file:///F:/CocosProject/PLY_Dreamyroom_Cocos/assets/scripts/core/SoundManager.ts.
debug: Resolve file:///F:/CocosProject/PLY_Dreamyroom_Cocos/assets/scripts/core/TweenUtil.ts from cce:/internal/x/prerequisite-imports as file:///F:/CocosProject/PLY_Dreamyroom_Cocos/assets/scripts/core/TweenUtil.ts.
debug: Resolve file:///F:/CocosProject/PLY_Dreamyroom_Cocos/assets/scripts/effects/BlinkEffect.ts from cce:/internal/x/prerequisite-imports as file:///F:/CocosProject/PLY_Dreamyroom_Cocos/assets/scripts/effects/BlinkEffect.ts.
debug: Resolve file:///F:/CocosProject/PLY_Dreamyroom_Cocos/assets/scripts/item/ItemController.ts from cce:/internal/x/prerequisite-imports as file:///F:/CocosProject/PLY_Dreamyroom_Cocos/assets/scripts/item/ItemController.ts.
debug: Resolve file:///F:/CocosProject/PLY_Dreamyroom_Cocos/assets/scripts/item/ItemGraphic.ts from cce:/internal/x/prerequisite-imports as file:///F:/CocosProject/PLY_Dreamyroom_Cocos/assets/scripts/item/ItemGraphic.ts.
debug: Resolve file:///F:/CocosProject/PLY_Dreamyroom_Cocos/assets/scripts/item/ItemMovement.ts from cce:/internal/x/prerequisite-imports as file:///F:/CocosProject/PLY_Dreamyroom_Cocos/assets/scripts/item/ItemMovement.ts.
debug: Resolve file:///F:/CocosProject/PLY_Dreamyroom_Cocos/assets/scripts/item/OpenItem.ts from cce:/internal/x/prerequisite-imports as file:///F:/CocosProject/PLY_Dreamyroom_Cocos/assets/scripts/item/OpenItem.ts.
debug: Resolve file:///F:/CocosProject/PLY_Dreamyroom_Cocos/assets/scripts/managers/BaseRoomManager.ts from cce:/internal/x/prerequisite-imports as file:///F:/CocosProject/PLY_Dreamyroom_Cocos/assets/scripts/managers/BaseRoomManager.ts.
debug: Resolve file:///F:/CocosProject/PLY_Dreamyroom_Cocos/assets/scripts/managers/BoxManager.ts from cce:/internal/x/prerequisite-imports as file:///F:/CocosProject/PLY_Dreamyroom_Cocos/assets/scripts/managers/BoxManager.ts.
debug: Resolve file:///F:/CocosProject/PLY_Dreamyroom_Cocos/assets/scripts/managers/ItemManager.ts from cce:/internal/x/prerequisite-imports as file:///F:/CocosProject/PLY_Dreamyroom_Cocos/assets/scripts/managers/ItemManager.ts.
debug: Resolve file:///F:/CocosProject/PLY_Dreamyroom_Cocos/assets/scripts/managers/ProgressTrackingManager.ts from cce:/internal/x/prerequisite-imports as file:///F:/CocosProject/PLY_Dreamyroom_Cocos/assets/scripts/managers/ProgressTrackingManager.ts.
debug: Failed to stat file 'file:///F:/CocosProject/PLY_Dreamyroom_Cocos/assets/scripts/sdk/PlayableSDK.ts' when get mtime:Error: ENOENT: no such file or directory, stat 'F:\CocosProject\PLY_Dreamyroom_Cocos\assets\scripts\sdk\PlayableSDK.ts'
debug: Detected change: file:///F:/CocosProject/PLY_Dreamyroom_Cocos/assets/scripts/sdk/PlayableSDK.ts. Last mtime: Wed Aug 19 2026 11:48:23 GMT+0700 (Indochina Time)@96ddf449-cd5a-4e21-a771-3dc4b9f5b8a5, Current mtime: Thu Jan 01 1970 07:00:00 GMT+0700 (Indochina Time)
debug: Inspect file:///F:/CocosProject/PLY_Dreamyroom_Cocos/assets/scripts/sdk/PlayableSDK.ts
debug: We encountered an load error: Error: Error when fetching file F:\CocosProject\PLY_Dreamyroom_Cocos\assets\scripts\sdk\PlayableSDK.ts: Error: ENOENT: no such file or directory, open 'F:\CocosProject\PLY_Dreamyroom_Cocos\assets\scripts\sdk\PlayableSDK.ts'
debug: Resolve file:///F:/CocosProject/PLY_Dreamyroom_Cocos/assets/scripts/managers/UIManager.ts from cce:/internal/x/prerequisite-imports as file:///F:/CocosProject/PLY_Dreamyroom_Cocos/assets/scripts/managers/UIManager.ts.
debug: Resolve file:///F:/CocosProject/PLY_Dreamyroom_Cocos/assets/scripts/managers/WorldScrollManager.ts from cce:/internal/x/prerequisite-imports as file:///F:/CocosProject/PLY_Dreamyroom_Cocos/assets/scripts/managers/WorldScrollManager.ts.
debug: Resolve file:///F:/CocosProject/PLY_Dreamyroom_Cocos/assets/scripts/pipeline/SceneBuilder.ts from cce:/internal/x/prerequisite-imports as file:///F:/CocosProject/PLY_Dreamyroom_Cocos/assets/scripts/pipeline/SceneBuilder.ts.
debug: Resolve file:///F:/CocosProject/PLY_Dreamyroom_Cocos/assets/scripts/utils/BallFollowFill.ts from cce:/internal/x/prerequisite-imports as file:///F:/CocosProject/PLY_Dreamyroom_Cocos/assets/scripts/utils/BallFollowFill.ts.
debug: Resolve file:///F:/CocosProject/PLY_Dreamyroom_Cocos/assets/scripts/utils/BaseRoom.ts from cce:/internal/x/prerequisite-imports as file:///F:/CocosProject/PLY_Dreamyroom_Cocos/assets/scripts/utils/BaseRoom.ts.
debug: Resolve file:///F:/CocosProject/PLY_Dreamyroom_Cocos/assets/scripts/utils/ChangeLight.ts from cce:/internal/x/prerequisite-imports as file:///F:/CocosProject/PLY_Dreamyroom_Cocos/assets/scripts/utils/ChangeLight.ts.
debug: Resolve file:///F:/CocosProject/PLY_Dreamyroom_Cocos/assets/scripts/utils/HandOfBox.ts from cce:/internal/x/prerequisite-imports as file:///F:/CocosProject/PLY_Dreamyroom_Cocos/assets/scripts/utils/HandOfBox.ts.
debug: Resolve file:///F:/CocosProject/PLY_Dreamyroom_Cocos/assets/scripts/utils/HolderSlot.ts from cce:/internal/x/prerequisite-imports as file:///F:/CocosProject/PLY_Dreamyroom_Cocos/assets/scripts/utils/HolderSlot.ts.
debug: Resolve file:///F:/CocosProject/PLY_Dreamyroom_Cocos/assets/scripts/utils/SeatHandler.ts from cce:/internal/x/prerequisite-imports as file:///F:/CocosProject/PLY_Dreamyroom_Cocos/assets/scripts/utils/SeatHandler.ts.
debug: Resolve file:///F:/CocosProject/PLY_Dreamyroom_Cocos/assets/scripts/utils/TurnOnSpine.ts from cce:/internal/x/prerequisite-imports as file:///F:/CocosProject/PLY_Dreamyroom_Cocos/assets/scripts/utils/TurnOnSpine.ts.
debug: Target(preview) ends with cost 101.93500000238419ms.
debug: Dispatch build request for time accumulated 25 asset changes.
debug: Build iteration starts.
Number of accumulated asset changes: 25
Feature changed: false
debug: Target(editor) build started.
debug: Detected change: cce:/internal/x/prerequisite-imports. Last mtime: Thu Jan 01 1970 07:02:26 GMT+0700 (Indochina Time), Current mtime: Thu Jan 01 1970 07:02:39 GMT+0700 (Indochina Time)
debug: Inspect cce:/internal/x/prerequisite-imports
debug: Resolve file:///C:/ProgramData/cocos/editors/Creator/3.7.4/resources/resources/3d/engine/editor/assets/tools/debug-view-runtime-control.ts from cce:/internal/x/prerequisite-imports as file:///C:/ProgramData/cocos/editors/Creator/3.7.4/resources/resources/3d/engine/editor/assets/tools/debug-view-runtime-control.ts.
debug: Resolve file:///F:/CocosProject/PLY_Dreamyroom_Cocos/assets/7.Scripts/Manager/AssetsManagerCustom.ts from cce:/internal/x/prerequisite-imports as file:///F:/CocosProject/PLY_Dreamyroom_Cocos/assets/7.Scripts/Manager/AssetsManagerCustom.ts.
debug: Resolve file:///F:/CocosProject/PLY_Dreamyroom_Cocos/assets/7.Scripts/Manager/Clock.ts from cce:/internal/x/prerequisite-imports as file:///F:/CocosProject/PLY_Dreamyroom_Cocos/assets/7.Scripts/Manager/Clock.ts.
debug: Resolve file:///F:/CocosProject/PLY_Dreamyroom_Cocos/assets/7.Scripts/Manager/InputManager.ts from cce:/internal/x/prerequisite-imports as file:///F:/CocosProject/PLY_Dreamyroom_Cocos/assets/7.Scripts/Manager/InputManager.ts.
debug: Resolve file:///F:/CocosProject/PLY_Dreamyroom_Cocos/assets/7.Scripts/Manager/Joystick.ts from cce:/internal/x/prerequisite-imports as file:///F:/CocosProject/PLY_Dreamyroom_Cocos/assets/7.Scripts/Manager/Joystick.ts.
debug: Resolve file:///F:/CocosProject/PLY_Dreamyroom_Cocos/assets/7.Scripts/Manager/MainCamera.ts from cce:/internal/x/prerequisite-imports as file:///F:/CocosProject/PLY_Dreamyroom_Cocos/assets/7.Scripts/Manager/MainCamera.ts.
debug: Resolve file:///F:/CocosProject/PLY_Dreamyroom_Cocos/assets/7.Scripts/Manager/PointerController.ts from cce:/internal/x/prerequisite-imports as file:///F:/CocosProject/PLY_Dreamyroom_Cocos/assets/7.Scripts/Manager/PointerController.ts.
debug: Resolve file:///F:/CocosProject/PLY_Dreamyroom_Cocos/assets/7.Scripts/Manager/SoundManager.ts from cce:/internal/x/prerequisite-imports as file:///F:/CocosProject/PLY_Dreamyroom_Cocos/assets/7.Scripts/Manager/SoundManager.ts.
debug: Resolve file:///F:/CocosProject/PLY_Dreamyroom_Cocos/assets/7.Scripts/Manager/UI.ts from cce:/internal/x/prerequisite-imports as file:///F:/CocosProject/PLY_Dreamyroom_Cocos/assets/7.Scripts/Manager/UI.ts.
debug: Resolve file:///F:/CocosProject/PLY_Dreamyroom_Cocos/assets/7.Scripts/Manager/VFX.ts from cce:/internal/x/prerequisite-imports as file:///F:/CocosProject/PLY_Dreamyroom_Cocos/assets/7.Scripts/Manager/VFX.ts.
debug: Resolve file:///F:/CocosProject/PLY_Dreamyroom_Cocos/assets/7.Scripts/Manager/World.ts from cce:/internal/x/prerequisite-imports as file:///F:/CocosProject/PLY_Dreamyroom_Cocos/assets/7.Scripts/Manager/World.ts.
debug: Resolve file:///F:/CocosProject/PLY_Dreamyroom_Cocos/assets/7.Scripts/MatchAsset/MatchSprite.ts from cce:/internal/x/prerequisite-imports as file:///F:/CocosProject/PLY_Dreamyroom_Cocos/assets/7.Scripts/MatchAsset/MatchSprite.ts.
debug: Resolve file:///F:/CocosProject/PLY_Dreamyroom_Cocos/assets/7.Scripts/MatchAsset/NodeOrder.ts from cce:/internal/x/prerequisite-imports as file:///F:/CocosProject/PLY_Dreamyroom_Cocos/assets/7.Scripts/MatchAsset/NodeOrder.ts.
debug: Resolve file:///F:/CocosProject/PLY_Dreamyroom_Cocos/assets/7.Scripts/MatchAsset/ReadImagePixel.ts from cce:/internal/x/prerequisite-imports as file:///F:/CocosProject/PLY_Dreamyroom_Cocos/assets/7.Scripts/MatchAsset/ReadImagePixel.ts.
debug: Resolve file:///F:/CocosProject/PLY_Dreamyroom_Cocos/assets/7.Scripts/MatchAsset/SpriteSizeSetter.ts from cce:/internal/x/prerequisite-imports as file:///F:/CocosProject/PLY_Dreamyroom_Cocos/assets/7.Scripts/MatchAsset/SpriteSizeSetter.ts.
debug: Resolve file:///F:/CocosProject/PLY_Dreamyroom_Cocos/assets/7.Scripts/MatchAsset/Ulis.ts from cce:/internal/x/prerequisite-imports as file:///F:/CocosProject/PLY_Dreamyroom_Cocos/assets/7.Scripts/MatchAsset/Ulis.ts.
debug: Resolve file:///F:/CocosProject/PLY_Dreamyroom_Cocos/assets/7.Scripts/Misc/AStar.ts from cce:/internal/x/prerequisite-imports as file:///F:/CocosProject/PLY_Dreamyroom_Cocos/assets/7.Scripts/Misc/AStar.ts.
debug: Resolve file:///F:/CocosProject/PLY_Dreamyroom_Cocos/assets/7.Scripts/Misc/Black.ts from cce:/internal/x/prerequisite-imports as file:///F:/CocosProject/PLY_Dreamyroom_Cocos/assets/7.Scripts/Misc/Black.ts.
debug: Resolve file:///F:/CocosProject/PLY_Dreamyroom_Cocos/assets/7.Scripts/Misc/Cloud.ts from cce:/internal/x/prerequisite-imports as file:///F:/CocosProject/PLY_Dreamyroom_Cocos/assets/7.Scripts/Misc/Cloud.ts.
debug: Resolve file:///F:/CocosProject/PLY_Dreamyroom_Cocos/assets/7.Scripts/Misc/IQ.ts from cce:/internal/x/prerequisite-imports as file:///F:/CocosProject/PLY_Dreamyroom_Cocos/assets/7.Scripts/Misc/IQ.ts.
debug: Resolve file:///F:/CocosProject/PLY_Dreamyroom_Cocos/assets/7.Scripts/Misc/MeshLoader.ts from cce:/internal/x/prerequisite-imports as file:///F:/CocosProject/PLY_Dreamyroom_Cocos/assets/7.Scripts/Misc/MeshLoader.ts.
debug: Resolve file:///F:/CocosProject/PLY_Dreamyroom_Cocos/assets/7.Scripts/Misc/SkinManager.ts from cce:/internal/x/prerequisite-imports as file:///F:/CocosProject/PLY_Dreamyroom_Cocos/assets/7.Scripts/Misc/SkinManager.ts.
debug: Resolve file:///F:/CocosProject/PLY_Dreamyroom_Cocos/assets/7.Scripts/Misc/SplineLineRenderer.ts from cce:/internal/x/prerequisite-imports as file:///F:/CocosProject/PLY_Dreamyroom_Cocos/assets/7.Scripts/Misc/SplineLineRenderer.ts.
debug: Resolve file:///F:/CocosProject/PLY_Dreamyroom_Cocos/assets/7.Scripts/Misc/Tooth.ts from cce:/internal/x/prerequisite-imports as file:///F:/CocosProject/PLY_Dreamyroom_Cocos/assets/7.Scripts/Misc/Tooth.ts.
debug: Resolve file:///F:/CocosProject/PLY_Dreamyroom_Cocos/assets/7.Scripts/Misc/Ulis.ts from cce:/internal/x/prerequisite-imports as file:///F:/CocosProject/PLY_Dreamyroom_Cocos/assets/7.Scripts/Misc/Ulis.ts.
debug: Resolve file:///F:/CocosProject/PLY_Dreamyroom_Cocos/assets/7.Scripts/MyScript/box/BoxController.ts from cce:/internal/x/prerequisite-imports as file:///F:/CocosProject/PLY_Dreamyroom_Cocos/assets/7.Scripts/MyScript/box/BoxController.ts.
debug: Inspect file:///F:/CocosProject/PLY_Dreamyroom_Cocos/assets/7.Scripts/MyScript/box/BoxController.ts
debug: Resolve cce:/internal/code-quality/cr.mjs from file:///F:/CocosProject/PLY_Dreamyroom_Cocos/assets/7.Scripts/MyScript/box/BoxController.ts as cce:/internal/code-quality/cr.mjs.
debug: Resolve cc from file:///F:/CocosProject/PLY_Dreamyroom_Cocos/assets/7.Scripts/MyScript/box/BoxController.ts as cce:/internal/x/cc.
debug: Resolve cc from file:///F:/CocosProject/PLY_Dreamyroom_Cocos/assets/7.Scripts/MyScript/box/BoxController.ts as cce:/internal/x/cc.
debug: Resolve cc from file:///F:/CocosProject/PLY_Dreamyroom_Cocos/assets/7.Scripts/MyScript/box/BoxController.ts as cce:/internal/x/cc.
debug: Resolve ../core/InputManager from file:///F:/CocosProject/PLY_Dreamyroom_Cocos/assets/7.Scripts/MyScript/box/BoxController.ts as file:///F:/CocosProject/PLY_Dreamyroom_Cocos/assets/7.Scripts/MyScript/core/InputManager.ts.
debug: Inspect file:///F:/CocosProject/PLY_Dreamyroom_Cocos/assets/7.Scripts/MyScript/core/InputManager.ts
debug: Resolve cce:/internal/code-quality/cr.mjs from file:///F:/CocosProject/PLY_Dreamyroom_Cocos/assets/7.Scripts/MyScript/core/InputManager.ts as cce:/internal/code-quality/cr.mjs.
debug: Resolve cc from file:///F:/CocosProject/PLY_Dreamyroom_Cocos/assets/7.Scripts/MyScript/core/InputManager.ts as cce:/internal/x/cc.
debug: Resolve cc from file:///F:/CocosProject/PLY_Dreamyroom_Cocos/assets/7.Scripts/MyScript/core/InputManager.ts as cce:/internal/x/cc.
debug: Resolve cc from file:///F:/CocosProject/PLY_Dreamyroom_Cocos/assets/7.Scripts/MyScript/core/InputManager.ts as cce:/internal/x/cc.
debug: Resolve ../item/ItemGraphic from file:///F:/CocosProject/PLY_Dreamyroom_Cocos/assets/7.Scripts/MyScript/core/InputManager.ts as file:///F:/CocosProject/PLY_Dreamyroom_Cocos/assets/7.Scripts/MyScript/item/ItemGraphic.ts.
debug: Inspect file:///F:/CocosProject/PLY_Dreamyroom_Cocos/assets/7.Scripts/MyScript/item/ItemGraphic.ts
debug: Resolve cc from file:///F:/CocosProject/PLY_Dreamyroom_Cocos/assets/7.Scripts/MyScript/item/ItemGraphic.ts as cce:/internal/x/cc.
debug: Resolve cc from file:///F:/CocosProject/PLY_Dreamyroom_Cocos/assets/7.Scripts/MyScript/item/ItemGraphic.ts as cce:/internal/x/cc.
debug: Resolve cc from file:///F:/CocosProject/PLY_Dreamyroom_Cocos/assets/7.Scripts/MyScript/item/ItemGraphic.ts as cce:/internal/x/cc.
debug: Resolve ../managers/ItemManager from file:///F:/CocosProject/PLY_Dreamyroom_Cocos/assets/7.Scripts/MyScript/core/InputManager.ts as file:///F:/CocosProject/PLY_Dreamyroom_Cocos/assets/7.Scripts/MyScript/managers/ItemManager.ts.
debug: Inspect file:///F:/CocosProject/PLY_Dreamyroom_Cocos/assets/7.Scripts/MyScript/managers/ItemManager.ts
debug: Resolve cce:/internal/code-quality/cr.mjs from file:///F:/CocosProject/PLY_Dreamyroom_Cocos/assets/7.Scripts/MyScript/managers/ItemManager.ts as cce:/internal/code-quality/cr.mjs.
debug: Resolve cc from file:///F:/CocosProject/PLY_Dreamyroom_Cocos/assets/7.Scripts/MyScript/managers/ItemManager.ts as cce:/internal/x/cc.
debug: Resolve cc from file:///F:/CocosProject/PLY_Dreamyroom_Cocos/assets/7.Scripts/MyScript/managers/ItemManager.ts as cce:/internal/x/cc.
debug: Resolve cc from file:///F:/CocosProject/PLY_Dreamyroom_Cocos/assets/7.Scripts/MyScript/managers/ItemManager.ts as cce:/internal/x/cc.
debug: Resolve ../item/ItemController from file:///F:/CocosProject/PLY_Dreamyroom_Cocos/assets/7.Scripts/MyScript/managers/ItemManager.ts as file:///F:/CocosProject/PLY_Dreamyroom_Cocos/assets/7.Scripts/MyScript/item/ItemController.ts.
debug: Inspect file:///F:/CocosProject/PLY_Dreamyroom_Cocos/assets/7.Scripts/MyScript/item/ItemController.ts
debug: Resolve cce:/internal/code-quality/cr.mjs from file:///F:/CocosProject/PLY_Dreamyroom_Cocos/assets/7.Scripts/MyScript/item/ItemController.ts as cce:/internal/code-quality/cr.mjs.
debug: Resolve cc from file:///F:/CocosProject/PLY_Dreamyroom_Cocos/assets/7.Scripts/MyScript/item/ItemController.ts as cce:/internal/x/cc.
debug: Resolve cc from file:///F:/CocosProject/PLY_Dreamyroom_Cocos/assets/7.Scripts/MyScript/item/ItemController.ts as cce:/internal/x/cc.
debug: Resolve cc from file:///F:/CocosProject/PLY_Dreamyroom_Cocos/assets/7.Scripts/MyScript/item/ItemController.ts as cce:/internal/x/cc.
debug: Resolve ../core/InputManager from file:///F:/CocosProject/PLY_Dreamyroom_Cocos/assets/7.Scripts/MyScript/item/ItemController.ts as file:///F:/CocosProject/PLY_Dreamyroom_Cocos/assets/7.Scripts/MyScript/core/InputManager.ts.
debug: Resolve ./ItemGraphic from file:///F:/CocosProject/PLY_Dreamyroom_Cocos/assets/7.Scripts/MyScript/item/ItemController.ts as file:///F:/CocosProject/PLY_Dreamyroom_Cocos/assets/7.Scripts/MyScript/item/ItemGraphic.ts.
debug: Resolve ./ItemMovement from file:///F:/CocosProject/PLY_Dreamyroom_Cocos/assets/7.Scripts/MyScript/item/ItemController.ts as file:///F:/CocosProject/PLY_Dreamyroom_Cocos/assets/7.Scripts/MyScript/item/ItemMovement.ts.
debug: Inspect file:///F:/CocosProject/PLY_Dreamyroom_Cocos/assets/7.Scripts/MyScript/item/ItemMovement.ts
debug: Resolve cc from file:///F:/CocosProject/PLY_Dreamyroom_Cocos/assets/7.Scripts/MyScript/item/ItemMovement.ts as cce:/internal/x/cc.
debug: Resolve cc from file:///F:/CocosProject/PLY_Dreamyroom_Cocos/assets/7.Scripts/MyScript/item/ItemMovement.ts as cce:/internal/x/cc.
debug: Resolve cc from file:///F:/CocosProject/PLY_Dreamyroom_Cocos/assets/7.Scripts/MyScript/item/ItemMovement.ts as cce:/internal/x/cc.
debug: Resolve ./OpenItem from file:///F:/CocosProject/PLY_Dreamyroom_Cocos/assets/7.Scripts/MyScript/item/ItemController.ts as file:///F:/CocosProject/PLY_Dreamyroom_Cocos/assets/7.Scripts/MyScript/item/OpenItem.ts.
debug: Inspect file:///F:/CocosProject/PLY_Dreamyroom_Cocos/assets/7.Scripts/MyScript/item/OpenItem.ts
debug: Resolve cc from file:///F:/CocosProject/PLY_Dreamyroom_Cocos/assets/7.Scripts/MyScript/item/OpenItem.ts as cce:/internal/x/cc.
debug: Resolve cc from file:///F:/CocosProject/PLY_Dreamyroom_Cocos/assets/7.Scripts/MyScript/item/OpenItem.ts as cce:/internal/x/cc.
debug: Resolve cc from file:///F:/CocosProject/PLY_Dreamyroom_Cocos/assets/7.Scripts/MyScript/item/OpenItem.ts as cce:/internal/x/cc.
debug: Resolve ../managers/ItemManager from file:///F:/CocosProject/PLY_Dreamyroom_Cocos/assets/7.Scripts/MyScript/item/ItemController.ts as file:///F:/CocosProject/PLY_Dreamyroom_Cocos/assets/7.Scripts/MyScript/managers/ItemManager.ts.
debug: Resolve ../managers/WorldScrollManager from file:///F:/CocosProject/PLY_Dreamyroom_Cocos/assets/7.Scripts/MyScript/item/ItemController.ts as file:///F:/CocosProject/PLY_Dreamyroom_Cocos/assets/7.Scripts/MyScript/managers/WorldScrollManager.ts.
debug: Inspect file:///F:/CocosProject/PLY_Dreamyroom_Cocos/assets/7.Scripts/MyScript/managers/WorldScrollManager.ts
debug: Resolve cce:/internal/code-quality/cr.mjs from file:///F:/CocosProject/PLY_Dreamyroom_Cocos/assets/7.Scripts/MyScript/managers/WorldScrollManager.ts as cce:/internal/code-quality/cr.mjs.
debug: Resolve cc from file:///F:/CocosProject/PLY_Dreamyroom_Cocos/assets/7.Scripts/MyScript/managers/WorldScrollManager.ts as cce:/internal/x/cc.
debug: Resolve cc from file:///F:/CocosProject/PLY_Dreamyroom_Cocos/assets/7.Scripts/MyScript/managers/WorldScrollManager.ts as cce:/internal/x/cc.
debug: Resolve cc from file:///F:/CocosProject/PLY_Dreamyroom_Cocos/assets/7.Scripts/MyScript/managers/WorldScrollManager.ts as cce:/internal/x/cc.
debug: Resolve ../item/ItemController from file:///F:/CocosProject/PLY_Dreamyroom_Cocos/assets/7.Scripts/MyScript/managers/WorldScrollManager.ts as file:///F:/CocosProject/PLY_Dreamyroom_Cocos/assets/7.Scripts/MyScript/item/ItemController.ts.
debug: Resolve ../core/InputManager from file:///F:/CocosProject/PLY_Dreamyroom_Cocos/assets/7.Scripts/MyScript/managers/WorldScrollManager.ts as file:///F:/CocosProject/PLY_Dreamyroom_Cocos/assets/7.Scripts/MyScript/core/InputManager.ts.
debug: Resolve ../core/TweenUtil from file:///F:/CocosProject/PLY_Dreamyroom_Cocos/assets/7.Scripts/MyScript/managers/WorldScrollManager.ts as file:///F:/CocosProject/PLY_Dreamyroom_Cocos/assets/7.Scripts/MyScript/core/TweenUtil.ts.
debug: Inspect file:///F:/CocosProject/PLY_Dreamyroom_Cocos/assets/7.Scripts/MyScript/core/TweenUtil.ts
debug: Resolve cc from file:///F:/CocosProject/PLY_Dreamyroom_Cocos/assets/7.Scripts/MyScript/core/TweenUtil.ts as cce:/internal/x/cc.
debug: Resolve cc from file:///F:/CocosProject/PLY_Dreamyroom_Cocos/assets/7.Scripts/MyScript/core/TweenUtil.ts as cce:/internal/x/cc.
debug: Resolve cc from file:///F:/CocosProject/PLY_Dreamyroom_Cocos/assets/7.Scripts/MyScript/core/TweenUtil.ts as cce:/internal/x/cc.
debug: Resolve ../utils/SeatHandler from file:///F:/CocosProject/PLY_Dreamyroom_Cocos/assets/7.Scripts/MyScript/item/ItemController.ts as file:///F:/CocosProject/PLY_Dreamyroom_Cocos/assets/7.Scripts/MyScript/utils/SeatHandler.ts.
debug: Inspect file:///F:/CocosProject/PLY_Dreamyroom_Cocos/assets/7.Scripts/MyScript/utils/SeatHandler.ts
debug: Resolve cc from file:///F:/CocosProject/PLY_Dreamyroom_Cocos/assets/7.Scripts/MyScript/utils/SeatHandler.ts as cce:/internal/x/cc.
debug: Resolve cc from file:///F:/CocosProject/PLY_Dreamyroom_Cocos/assets/7.Scripts/MyScript/utils/SeatHandler.ts as cce:/internal/x/cc.
debug: Resolve cc from file:///F:/CocosProject/PLY_Dreamyroom_Cocos/assets/7.Scripts/MyScript/utils/SeatHandler.ts as cce:/internal/x/cc.
debug: Resolve ../utils/TurnOnSpine from file:///F:/CocosProject/PLY_Dreamyroom_Cocos/assets/7.Scripts/MyScript/item/ItemController.ts as file:///F:/CocosProject/PLY_Dreamyroom_Cocos/assets/7.Scripts/MyScript/utils/TurnOnSpine.ts.
debug: Inspect file:///F:/CocosProject/PLY_Dreamyroom_Cocos/assets/7.Scripts/MyScript/utils/TurnOnSpine.ts
debug: Resolve cc from file:///F:/CocosProject/PLY_Dreamyroom_Cocos/assets/7.Scripts/MyScript/utils/TurnOnSpine.ts as cce:/internal/x/cc.
debug: Resolve cc from file:///F:/CocosProject/PLY_Dreamyroom_Cocos/assets/7.Scripts/MyScript/utils/TurnOnSpine.ts as cce:/internal/x/cc.
debug: Resolve cc from file:///F:/CocosProject/PLY_Dreamyroom_Cocos/assets/7.Scripts/MyScript/utils/TurnOnSpine.ts as cce:/internal/x/cc.
debug: Resolve ../utils/ChangeLight from file:///F:/CocosProject/PLY_Dreamyroom_Cocos/assets/7.Scripts/MyScript/item/ItemController.ts as file:///F:/CocosProject/PLY_Dreamyroom_Cocos/assets/7.Scripts/MyScript/utils/ChangeLight.ts.
debug: Inspect file:///F:/CocosProject/PLY_Dreamyroom_Cocos/assets/7.Scripts/MyScript/utils/ChangeLight.ts
debug: Resolve cc from file:///F:/CocosProject/PLY_Dreamyroom_Cocos/assets/7.Scripts/MyScript/utils/ChangeLight.ts as cce:/internal/x/cc.
debug: Resolve cc from file:///F:/CocosProject/PLY_Dreamyroom_Cocos/assets/7.Scripts/MyScript/utils/ChangeLight.ts as cce:/internal/x/cc.
debug: Resolve cc from file:///F:/CocosProject/PLY_Dreamyroom_Cocos/assets/7.Scripts/MyScript/utils/ChangeLight.ts as cce:/internal/x/cc.
debug: Resolve ../core/SoundManager from file:///F:/CocosProject/PLY_Dreamyroom_Cocos/assets/7.Scripts/MyScript/item/ItemController.ts as file:///F:/CocosProject/PLY_Dreamyroom_Cocos/assets/7.Scripts/MyScript/core/SoundManager.ts.
debug: Inspect file:///F:/CocosProject/PLY_Dreamyroom_Cocos/assets/7.Scripts/MyScript/core/SoundManager.ts
debug: Resolve cc from file:///F:/CocosProject/PLY_Dreamyroom_Cocos/assets/7.Scripts/MyScript/core/SoundManager.ts as cce:/internal/x/cc.
debug: Resolve cc from file:///F:/CocosProject/PLY_Dreamyroom_Cocos/assets/7.Scripts/MyScript/core/SoundManager.ts as cce:/internal/x/cc.
debug: Resolve cc from file:///F:/CocosProject/PLY_Dreamyroom_Cocos/assets/7.Scripts/MyScript/core/SoundManager.ts as cce:/internal/x/cc.
debug: Resolve ../core/ObjectPool from file:///F:/CocosProject/PLY_Dreamyroom_Cocos/assets/7.Scripts/MyScript/item/ItemController.ts as file:///F:/CocosProject/PLY_Dreamyroom_Cocos/assets/7.Scripts/MyScript/core/ObjectPool.ts.
debug: Inspect file:///F:/CocosProject/PLY_Dreamyroom_Cocos/assets/7.Scripts/MyScript/core/ObjectPool.ts
debug: Resolve cc from file:///F:/CocosProject/PLY_Dreamyroom_Cocos/assets/7.Scripts/MyScript/core/ObjectPool.ts as cce:/internal/x/cc.
debug: Resolve cc from file:///F:/CocosProject/PLY_Dreamyroom_Cocos/assets/7.Scripts/MyScript/core/ObjectPool.ts as cce:/internal/x/cc.
debug: Resolve cc from file:///F:/CocosProject/PLY_Dreamyroom_Cocos/assets/7.Scripts/MyScript/core/ObjectPool.ts as cce:/internal/x/cc.
debug: Resolve ../effects/BlinkEffect from file:///F:/CocosProject/PLY_Dreamyroom_Cocos/assets/7.Scripts/MyScript/item/ItemController.ts as file:///F:/CocosProject/PLY_Dreamyroom_Cocos/assets/7.Scripts/MyScript/effects/BlinkEffect.ts.
debug: Inspect file:///F:/CocosProject/PLY_Dreamyroom_Cocos/assets/7.Scripts/MyScript/effects/BlinkEffect.ts
debug: Resolve cce:/internal/code-quality/cr.mjs from file:///F:/CocosProject/PLY_Dreamyroom_Cocos/assets/7.Scripts/MyScript/effects/BlinkEffect.ts as cce:/internal/code-quality/cr.mjs.
debug: Resolve cc from file:///F:/CocosProject/PLY_Dreamyroom_Cocos/assets/7.Scripts/MyScript/effects/BlinkEffect.ts as cce:/internal/x/cc.
debug: Resolve cc from file:///F:/CocosProject/PLY_Dreamyroom_Cocos/assets/7.Scripts/MyScript/effects/BlinkEffect.ts as cce:/internal/x/cc.
debug: Resolve cc from file:///F:/CocosProject/PLY_Dreamyroom_Cocos/assets/7.Scripts/MyScript/effects/BlinkEffect.ts as cce:/internal/x/cc.
debug: Resolve ../core/ObjectPool from file:///F:/CocosProject/PLY_Dreamyroom_Cocos/assets/7.Scripts/MyScript/effects/BlinkEffect.ts as file:///F:/CocosProject/PLY_Dreamyroom_Cocos/assets/7.Scripts/MyScript/core/ObjectPool.ts.
debug: Resolve ../item/ItemGraphic from file:///F:/CocosProject/PLY_Dreamyroom_Cocos/assets/7.Scripts/MyScript/managers/ItemManager.ts as file:///F:/CocosProject/PLY_Dreamyroom_Cocos/assets/7.Scripts/MyScript/item/ItemGraphic.ts.
debug: Resolve ../utils/HolderSlot from file:///F:/CocosProject/PLY_Dreamyroom_Cocos/assets/7.Scripts/MyScript/managers/ItemManager.ts as file:///F:/CocosProject/PLY_Dreamyroom_Cocos/assets/7.Scripts/MyScript/utils/HolderSlot.ts.
debug: Inspect file:///F:/CocosProject/PLY_Dreamyroom_Cocos/assets/7.Scripts/MyScript/utils/HolderSlot.ts
debug: Resolve cc from file:///F:/CocosProject/PLY_Dreamyroom_Cocos/assets/7.Scripts/MyScript/utils/HolderSlot.ts as cce:/internal/x/cc.
debug: Resolve cc from file:///F:/CocosProject/PLY_Dreamyroom_Cocos/assets/7.Scripts/MyScript/utils/HolderSlot.ts as cce:/internal/x/cc.
debug: Resolve cc from file:///F:/CocosProject/PLY_Dreamyroom_Cocos/assets/7.Scripts/MyScript/utils/HolderSlot.ts as cce:/internal/x/cc.
debug: Resolve ../utils/SeatHandler from file:///F:/CocosProject/PLY_Dreamyroom_Cocos/assets/7.Scripts/MyScript/managers/ItemManager.ts as file:///F:/CocosProject/PLY_Dreamyroom_Cocos/assets/7.Scripts/MyScript/utils/SeatHandler.ts.
debug: Resolve ../core/TweenUtil from file:///F:/CocosProject/PLY_Dreamyroom_Cocos/assets/7.Scripts/MyScript/managers/ItemManager.ts as file:///F:/CocosProject/PLY_Dreamyroom_Cocos/assets/7.Scripts/MyScript/core/TweenUtil.ts.
debug: Resolve ./WorldScrollManager from file:///F:/CocosProject/PLY_Dreamyroom_Cocos/assets/7.Scripts/MyScript/managers/ItemManager.ts as file:///F:/CocosProject/PLY_Dreamyroom_Cocos/assets/7.Scripts/MyScript/managers/WorldScrollManager.ts.
debug: Resolve ./UIManager from file:///F:/CocosProject/PLY_Dreamyroom_Cocos/assets/7.Scripts/MyScript/managers/ItemManager.ts as file:///F:/CocosProject/PLY_Dreamyroom_Cocos/assets/7.Scripts/MyScript/managers/UIManager.ts.
debug: Inspect file:///F:/CocosProject/PLY_Dreamyroom_Cocos/assets/7.Scripts/MyScript/managers/UIManager.ts
debug: Resolve cce:/internal/code-quality/cr.mjs from file:///F:/CocosProject/PLY_Dreamyroom_Cocos/assets/7.Scripts/MyScript/managers/UIManager.ts as cce:/internal/code-quality/cr.mjs.
debug: Resolve cc from file:///F:/CocosProject/PLY_Dreamyroom_Cocos/assets/7.Scripts/MyScript/managers/UIManager.ts as cce:/internal/x/cc.
debug: Resolve cc from file:///F:/CocosProject/PLY_Dreamyroom_Cocos/assets/7.Scripts/MyScript/managers/UIManager.ts as cce:/internal/x/cc.
debug: Resolve cc from file:///F:/CocosProject/PLY_Dreamyroom_Cocos/assets/7.Scripts/MyScript/managers/UIManager.ts as cce:/internal/x/cc.
debug: Resolve ../core/InputManager from file:///F:/CocosProject/PLY_Dreamyroom_Cocos/assets/7.Scripts/MyScript/managers/UIManager.ts as file:///F:/CocosProject/PLY_Dreamyroom_Cocos/assets/7.Scripts/MyScript/core/InputManager.ts.
debug: Resolve ./ItemManager from file:///F:/CocosProject/PLY_Dreamyroom_Cocos/assets/7.Scripts/MyScript/managers/UIManager.ts as file:///F:/CocosProject/PLY_Dreamyroom_Cocos/assets/7.Scripts/MyScript/managers/ItemManager.ts.
debug: Resolve ../utils/BallFollowFill from file:///F:/CocosProject/PLY_Dreamyroom_Cocos/assets/7.Scripts/MyScript/managers/UIManager.ts as file:///F:/CocosProject/PLY_Dreamyroom_Cocos/assets/7.Scripts/MyScript/utils/BallFollowFill.ts.
debug: Inspect file:///F:/CocosProject/PLY_Dreamyroom_Cocos/assets/7.Scripts/MyScript/utils/BallFollowFill.ts
debug: Resolve cce:/internal/code-quality/cr.mjs from file:///F:/CocosProject/PLY_Dreamyroom_Cocos/assets/7.Scripts/MyScript/utils/BallFollowFill.ts as cce:/internal/code-quality/cr.mjs.
debug: Resolve cc from file:///F:/CocosProject/PLY_Dreamyroom_Cocos/assets/7.Scripts/MyScript/utils/BallFollowFill.ts as cce:/internal/x/cc.
debug: Resolve cc from file:///F:/CocosProject/PLY_Dreamyroom_Cocos/assets/7.Scripts/MyScript/utils/BallFollowFill.ts as cce:/internal/x/cc.
debug: Resolve cc from file:///F:/CocosProject/PLY_Dreamyroom_Cocos/assets/7.Scripts/MyScript/utils/BallFollowFill.ts as cce:/internal/x/cc.
debug: Resolve ../core/TweenUtil from file:///F:/CocosProject/PLY_Dreamyroom_Cocos/assets/7.Scripts/MyScript/utils/BallFollowFill.ts as file:///F:/CocosProject/PLY_Dreamyroom_Cocos/assets/7.Scripts/MyScript/core/TweenUtil.ts.
debug: Resolve ../core/TweenUtil from file:///F:/CocosProject/PLY_Dreamyroom_Cocos/assets/7.Scripts/MyScript/managers/UIManager.ts as file:///F:/CocosProject/PLY_Dreamyroom_Cocos/assets/7.Scripts/MyScript/core/TweenUtil.ts.
debug: Resolve ./BoxManager from file:///F:/CocosProject/PLY_Dreamyroom_Cocos/assets/7.Scripts/MyScript/managers/ItemManager.ts as file:///F:/CocosProject/PLY_Dreamyroom_Cocos/assets/7.Scripts/MyScript/managers/BoxManager.ts.
debug: Inspect file:///F:/CocosProject/PLY_Dreamyroom_Cocos/assets/7.Scripts/MyScript/managers/BoxManager.ts
debug: Resolve cce:/internal/code-quality/cr.mjs from file:///F:/CocosProject/PLY_Dreamyroom_Cocos/assets/7.Scripts/MyScript/managers/BoxManager.ts as cce:/internal/code-quality/cr.mjs.
debug: Resolve cc from file:///F:/CocosProject/PLY_Dreamyroom_Cocos/assets/7.Scripts/MyScript/managers/BoxManager.ts as cce:/internal/x/cc.
debug: Resolve cc from file:///F:/CocosProject/PLY_Dreamyroom_Cocos/assets/7.Scripts/MyScript/managers/BoxManager.ts as cce:/internal/x/cc.
debug: Resolve cc from file:///F:/CocosProject/PLY_Dreamyroom_Cocos/assets/7.Scripts/MyScript/managers/BoxManager.ts as cce:/internal/x/cc.
debug: Resolve ../box/BoxController from file:///F:/CocosProject/PLY_Dreamyroom_Cocos/assets/7.Scripts/MyScript/managers/BoxManager.ts as file:///F:/CocosProject/PLY_Dreamyroom_Cocos/assets/7.Scripts/MyScript/box/BoxController.ts.
debug: Resolve ../box/BoxGraphic from file:///F:/CocosProject/PLY_Dreamyroom_Cocos/assets/7.Scripts/MyScript/managers/BoxManager.ts as file:///F:/CocosProject/PLY_Dreamyroom_Cocos/assets/7.Scripts/MyScript/box/BoxGraphic.ts.
debug: Inspect file:///F:/CocosProject/PLY_Dreamyroom_Cocos/assets/7.Scripts/MyScript/box/BoxGraphic.ts
debug: Resolve cc from file:///F:/CocosProject/PLY_Dreamyroom_Cocos/assets/7.Scripts/MyScript/box/BoxGraphic.ts as cce:/internal/x/cc.
debug: Resolve cc from file:///F:/CocosProject/PLY_Dreamyroom_Cocos/assets/7.Scripts/MyScript/box/BoxGraphic.ts as cce:/internal/x/cc.
debug: Resolve cc from file:///F:/CocosProject/PLY_Dreamyroom_Cocos/assets/7.Scripts/MyScript/box/BoxGraphic.ts as cce:/internal/x/cc.
debug: Resolve ./BoxGraphic from file:///F:/CocosProject/PLY_Dreamyroom_Cocos/assets/7.Scripts/MyScript/box/BoxController.ts as file:///F:/CocosProject/PLY_Dreamyroom_Cocos/assets/7.Scripts/MyScript/box/BoxGraphic.ts.
debug: Resolve ../managers/ItemManager from file:///F:/CocosProject/PLY_Dreamyroom_Cocos/assets/7.Scripts/MyScript/box/BoxController.ts as file:///F:/CocosProject/PLY_Dreamyroom_Cocos/assets/7.Scripts/MyScript/managers/ItemManager.ts.
debug: Resolve ../managers/UIManager from file:///F:/CocosProject/PLY_Dreamyroom_Cocos/assets/7.Scripts/MyScript/box/BoxController.ts as file:///F:/CocosProject/PLY_Dreamyroom_Cocos/assets/7.Scripts/MyScript/managers/UIManager.ts.
debug: Resolve ../managers/BaseRoomManager from file:///F:/CocosProject/PLY_Dreamyroom_Cocos/assets/7.Scripts/MyScript/box/BoxController.ts as file:///F:/CocosProject/PLY_Dreamyroom_Cocos/assets/7.Scripts/MyScript/managers/BaseRoomManager.ts.
debug: Inspect file:///F:/CocosProject/PLY_Dreamyroom_Cocos/assets/7.Scripts/MyScript/managers/BaseRoomManager.ts
debug: Resolve cce:/internal/code-quality/cr.mjs from file:///F:/CocosProject/PLY_Dreamyroom_Cocos/assets/7.Scripts/MyScript/managers/BaseRoomManager.ts as cce:/internal/code-quality/cr.mjs.
debug: Resolve cc from file:///F:/CocosProject/PLY_Dreamyroom_Cocos/assets/7.Scripts/MyScript/managers/BaseRoomManager.ts as cce:/internal/x/cc.
debug: Resolve cc from file:///F:/CocosProject/PLY_Dreamyroom_Cocos/assets/7.Scripts/MyScript/managers/BaseRoomManager.ts as cce:/internal/x/cc.
debug: Resolve cc from file:///F:/CocosProject/PLY_Dreamyroom_Cocos/assets/7.Scripts/MyScript/managers/BaseRoomManager.ts as cce:/internal/x/cc.
debug: Resolve ../utils/BaseRoom from file:///F:/CocosProject/PLY_Dreamyroom_Cocos/assets/7.Scripts/MyScript/managers/BaseRoomManager.ts as file:///F:/CocosProject/PLY_Dreamyroom_Cocos/assets/7.Scripts/MyScript/utils/BaseRoom.ts.
debug: Inspect file:///F:/CocosProject/PLY_Dreamyroom_Cocos/assets/7.Scripts/MyScript/utils/BaseRoom.ts
debug: Resolve cce:/internal/code-quality/cr.mjs from file:///F:/CocosProject/PLY_Dreamyroom_Cocos/assets/7.Scripts/MyScript/utils/BaseRoom.ts as cce:/internal/code-quality/cr.mjs.
debug: Resolve cc from file:///F:/CocosProject/PLY_Dreamyroom_Cocos/assets/7.Scripts/MyScript/utils/BaseRoom.ts as cce:/internal/x/cc.
debug: Resolve cc from file:///F:/CocosProject/PLY_Dreamyroom_Cocos/assets/7.Scripts/MyScript/utils/BaseRoom.ts as cce:/internal/x/cc.
debug: Resolve cc from file:///F:/CocosProject/PLY_Dreamyroom_Cocos/assets/7.Scripts/MyScript/utils/BaseRoom.ts as cce:/internal/x/cc.
debug: Resolve ../core/InputManager from file:///F:/CocosProject/PLY_Dreamyroom_Cocos/assets/7.Scripts/MyScript/utils/BaseRoom.ts as file:///F:/CocosProject/PLY_Dreamyroom_Cocos/assets/7.Scripts/MyScript/core/InputManager.ts.
debug: Resolve ../item/ItemController from file:///F:/CocosProject/PLY_Dreamyroom_Cocos/assets/7.Scripts/MyScript/box/BoxController.ts as file:///F:/CocosProject/PLY_Dreamyroom_Cocos/assets/7.Scripts/MyScript/item/ItemController.ts.
debug: Resolve ../utils/HolderSlot from file:///F:/CocosProject/PLY_Dreamyroom_Cocos/assets/7.Scripts/MyScript/box/BoxController.ts as file:///F:/CocosProject/PLY_Dreamyroom_Cocos/assets/7.Scripts/MyScript/utils/HolderSlot.ts.
debug: Resolve ../utils/HandOfBox from file:///F:/CocosProject/PLY_Dreamyroom_Cocos/assets/7.Scripts/MyScript/box/BoxController.ts as file:///F:/CocosProject/PLY_Dreamyroom_Cocos/assets/7.Scripts/MyScript/utils/HandOfBox.ts.
debug: Inspect file:///F:/CocosProject/PLY_Dreamyroom_Cocos/assets/7.Scripts/MyScript/utils/HandOfBox.ts
debug: Resolve cce:/internal/code-quality/cr.mjs from file:///F:/CocosProject/PLY_Dreamyroom_Cocos/assets/7.Scripts/MyScript/utils/HandOfBox.ts as cce:/internal/code-quality/cr.mjs.
debug: Resolve cc from file:///F:/CocosProject/PLY_Dreamyroom_Cocos/assets/7.Scripts/MyScript/utils/HandOfBox.ts as cce:/internal/x/cc.
debug: Resolve cc from file:///F:/CocosProject/PLY_Dreamyroom_Cocos/assets/7.Scripts/MyScript/utils/HandOfBox.ts as cce:/internal/x/cc.
debug: Resolve cc from file:///F:/CocosProject/PLY_Dreamyroom_Cocos/assets/7.Scripts/MyScript/utils/HandOfBox.ts as cce:/internal/x/cc.
debug: Resolve ../core/TweenUtil from file:///F:/CocosProject/PLY_Dreamyroom_Cocos/assets/7.Scripts/MyScript/utils/HandOfBox.ts as file:///F:/CocosProject/PLY_Dreamyroom_Cocos/assets/7.Scripts/MyScript/core/TweenUtil.ts.
debug: Resolve ../core/SoundManager from file:///F:/CocosProject/PLY_Dreamyroom_Cocos/assets/7.Scripts/MyScript/box/BoxController.ts as file:///F:/CocosProject/PLY_Dreamyroom_Cocos/assets/7.Scripts/MyScript/core/SoundManager.ts.
debug: Resolve ../core/TweenUtil from file:///F:/CocosProject/PLY_Dreamyroom_Cocos/assets/7.Scripts/MyScript/box/BoxController.ts as file:///F:/CocosProject/PLY_Dreamyroom_Cocos/assets/7.Scripts/MyScript/core/TweenUtil.ts.
debug: Resolve file:///F:/CocosProject/PLY_Dreamyroom_Cocos/assets/7.Scripts/MyScript/box/BoxGraphic.ts from cce:/internal/x/prerequisite-imports as file:///F:/CocosProject/PLY_Dreamyroom_Cocos/assets/7.Scripts/MyScript/box/BoxGraphic.ts.
debug: Resolve file:///F:/CocosProject/PLY_Dreamyroom_Cocos/assets/7.Scripts/MyScript/core/InputManager.ts from cce:/internal/x/prerequisite-imports as file:///F:/CocosProject/PLY_Dreamyroom_Cocos/assets/7.Scripts/MyScript/core/InputManager.ts.
debug: Resolve file:///F:/CocosProject/PLY_Dreamyroom_Cocos/assets/7.Scripts/MyScript/core/ObjectPool.ts from cce:/internal/x/prerequisite-imports as file:///F:/CocosProject/PLY_Dreamyroom_Cocos/assets/7.Scripts/MyScript/core/ObjectPool.ts.
debug: Resolve file:///F:/CocosProject/PLY_Dreamyroom_Cocos/assets/7.Scripts/MyScript/core/SoundManager.ts from cce:/internal/x/prerequisite-imports as file:///F:/CocosProject/PLY_Dreamyroom_Cocos/assets/7.Scripts/MyScript/core/SoundManager.ts.
debug: Resolve file:///F:/CocosProject/PLY_Dreamyroom_Cocos/assets/7.Scripts/MyScript/core/TweenUtil.ts from cce:/internal/x/prerequisite-imports as file:///F:/CocosProject/PLY_Dreamyroom_Cocos/assets/7.Scripts/MyScript/core/TweenUtil.ts.
debug: Resolve file:///F:/CocosProject/PLY_Dreamyroom_Cocos/assets/7.Scripts/MyScript/effects/BlinkEffect.ts from cce:/internal/x/prerequisite-imports as file:///F:/CocosProject/PLY_Dreamyroom_Cocos/assets/7.Scripts/MyScript/effects/BlinkEffect.ts.
debug: Resolve file:///F:/CocosProject/PLY_Dreamyroom_Cocos/assets/7.Scripts/MyScript/item/ItemController.ts from cce:/internal/x/prerequisite-imports as file:///F:/CocosProject/PLY_Dreamyroom_Cocos/assets/7.Scripts/MyScript/item/ItemController.ts.
debug: Resolve file:///F:/CocosProject/PLY_Dreamyroom_Cocos/assets/7.Scripts/MyScript/item/ItemGraphic.ts from cce:/internal/x/prerequisite-imports as file:///F:/CocosProject/PLY_Dreamyroom_Cocos/assets/7.Scripts/MyScript/item/ItemGraphic.ts.
debug: Resolve file:///F:/CocosProject/PLY_Dreamyroom_Cocos/assets/7.Scripts/MyScript/item/ItemMovement.ts from cce:/internal/x/prerequisite-imports as file:///F:/CocosProject/PLY_Dreamyroom_Cocos/assets/7.Scripts/MyScript/item/ItemMovement.ts.
debug: Resolve file:///F:/CocosProject/PLY_Dreamyroom_Cocos/assets/7.Scripts/MyScript/item/OpenItem.ts from cce:/internal/x/prerequisite-imports as file:///F:/CocosProject/PLY_Dreamyroom_Cocos/assets/7.Scripts/MyScript/item/OpenItem.ts.
debug: Resolve file:///F:/CocosProject/PLY_Dreamyroom_Cocos/assets/7.Scripts/MyScript/managers/BaseRoomManager.ts from cce:/internal/x/prerequisite-imports as file:///F:/CocosProject/PLY_Dreamyroom_Cocos/assets/7.Scripts/MyScript/managers/BaseRoomManager.ts.
debug: Resolve file:///F:/CocosProject/PLY_Dreamyroom_Cocos/assets/7.Scripts/MyScript/managers/BoxManager.ts from cce:/internal/x/prerequisite-imports as file:///F:/CocosProject/PLY_Dreamyroom_Cocos/assets/7.Scripts/MyScript/managers/BoxManager.ts.
debug: Resolve file:///F:/CocosProject/PLY_Dreamyroom_Cocos/assets/7.Scripts/MyScript/managers/ItemManager.ts from cce:/internal/x/prerequisite-imports as file:///F:/CocosProject/PLY_Dreamyroom_Cocos/assets/7.Scripts/MyScript/managers/ItemManager.ts.
debug: Resolve file:///F:/CocosProject/PLY_Dreamyroom_Cocos/assets/7.Scripts/MyScript/managers/ProgressTrackingManager.ts from cce:/internal/x/prerequisite-imports as file:///F:/CocosProject/PLY_Dreamyroom_Cocos/assets/7.Scripts/MyScript/managers/ProgressTrackingManager.ts.
debug: Inspect file:///F:/CocosProject/PLY_Dreamyroom_Cocos/assets/7.Scripts/MyScript/managers/ProgressTrackingManager.ts
debug: Resolve cce:/internal/code-quality/cr.mjs from file:///F:/CocosProject/PLY_Dreamyroom_Cocos/assets/7.Scripts/MyScript/managers/ProgressTrackingManager.ts as cce:/internal/code-quality/cr.mjs.
debug: Resolve cc from file:///F:/CocosProject/PLY_Dreamyroom_Cocos/assets/7.Scripts/MyScript/managers/ProgressTrackingManager.ts as cce:/internal/x/cc.
debug: Resolve cc from file:///F:/CocosProject/PLY_Dreamyroom_Cocos/assets/7.Scripts/MyScript/managers/ProgressTrackingManager.ts as cce:/internal/x/cc.
debug: Resolve cc from file:///F:/CocosProject/PLY_Dreamyroom_Cocos/assets/7.Scripts/MyScript/managers/ProgressTrackingManager.ts as cce:/internal/x/cc.
debug: Failed to resolve '../sdk/PlayableSDK' from 'file:///F:/CocosProject/PLY_Dreamyroom_Cocos/assets/7.Scripts/MyScript/managers/ProgressTrackingManager.ts'(module type: esm). Reason: Error: Module "../sdk/PlayableSDK" not found for file:///F:/CocosProject/PLY_Dreamyroom_Cocos/assets/7.Scripts/MyScript/managers/ProgressTrackingManager.ts
debug: Resolve ./UIManager from file:///F:/CocosProject/PLY_Dreamyroom_Cocos/assets/7.Scripts/MyScript/managers/ProgressTrackingManager.ts as file:///F:/CocosProject/PLY_Dreamyroom_Cocos/assets/7.Scripts/MyScript/managers/UIManager.ts.
debug: Resolve ./ItemManager from file:///F:/CocosProject/PLY_Dreamyroom_Cocos/assets/7.Scripts/MyScript/managers/ProgressTrackingManager.ts as file:///F:/CocosProject/PLY_Dreamyroom_Cocos/assets/7.Scripts/MyScript/managers/ItemManager.ts.
debug: Resolve file:///F:/CocosProject/PLY_Dreamyroom_Cocos/assets/7.Scripts/MyScript/managers/UIManager.ts from cce:/internal/x/prerequisite-imports as file:///F:/CocosProject/PLY_Dreamyroom_Cocos/assets/7.Scripts/MyScript/managers/UIManager.ts.
debug: Resolve file:///F:/CocosProject/PLY_Dreamyroom_Cocos/assets/7.Scripts/MyScript/managers/WorldScrollManager.ts from cce:/internal/x/prerequisite-imports as file:///F:/CocosProject/PLY_Dreamyroom_Cocos/assets/7.Scripts/MyScript/managers/WorldScrollManager.ts.
debug: Resolve file:///F:/CocosProject/PLY_Dreamyroom_Cocos/assets/7.Scripts/MyScript/pipeline/SceneBuilder.ts from cce:/internal/x/prerequisite-imports as file:///F:/CocosProject/PLY_Dreamyroom_Cocos/assets/7.Scripts/MyScript/pipeline/SceneBuilder.ts.
debug: Inspect file:///F:/CocosProject/PLY_Dreamyroom_Cocos/assets/7.Scripts/MyScript/pipeline/SceneBuilder.ts
debug: Resolve cc from file:///F:/CocosProject/PLY_Dreamyroom_Cocos/assets/7.Scripts/MyScript/pipeline/SceneBuilder.ts as cce:/internal/x/cc.
debug: Resolve cc from file:///F:/CocosProject/PLY_Dreamyroom_Cocos/assets/7.Scripts/MyScript/pipeline/SceneBuilder.ts as cce:/internal/x/cc.
debug: Resolve cc from file:///F:/CocosProject/PLY_Dreamyroom_Cocos/assets/7.Scripts/MyScript/pipeline/SceneBuilder.ts as cce:/internal/x/cc.
debug: Resolve cc/env from file:///F:/CocosProject/PLY_Dreamyroom_Cocos/assets/7.Scripts/MyScript/pipeline/SceneBuilder.ts as external dependency cc/env.
debug: Resolve file:///F:/CocosProject/PLY_Dreamyroom_Cocos/assets/7.Scripts/MyScript/utils/BallFollowFill.ts from cce:/internal/x/prerequisite-imports as file:///F:/CocosProject/PLY_Dreamyroom_Cocos/assets/7.Scripts/MyScript/utils/BallFollowFill.ts.
debug: Resolve file:///F:/CocosProject/PLY_Dreamyroom_Cocos/assets/7.Scripts/MyScript/utils/BaseRoom.ts from cce:/internal/x/prerequisite-imports as file:///F:/CocosProject/PLY_Dreamyroom_Cocos/assets/7.Scripts/MyScript/utils/BaseRoom.ts.
debug: Resolve file:///F:/CocosProject/PLY_Dreamyroom_Cocos/assets/7.Scripts/MyScript/utils/ChangeLight.ts from cce:/internal/x/prerequisite-imports as file:///F:/CocosProject/PLY_Dreamyroom_Cocos/assets/7.Scripts/MyScript/utils/ChangeLight.ts.
debug: Resolve file:///F:/CocosProject/PLY_Dreamyroom_Cocos/assets/7.Scripts/MyScript/utils/HandOfBox.ts from cce:/internal/x/prerequisite-imports as file:///F:/CocosProject/PLY_Dreamyroom_Cocos/assets/7.Scripts/MyScript/utils/HandOfBox.ts.
debug: Resolve file:///F:/CocosProject/PLY_Dreamyroom_Cocos/assets/7.Scripts/MyScript/utils/HolderSlot.ts from cce:/internal/x/prerequisite-imports as file:///F:/CocosProject/PLY_Dreamyroom_Cocos/assets/7.Scripts/MyScript/utils/HolderSlot.ts.
debug: Resolve file:///F:/CocosProject/PLY_Dreamyroom_Cocos/assets/7.Scripts/MyScript/utils/SeatHandler.ts from cce:/internal/x/prerequisite-imports as file:///F:/CocosProject/PLY_Dreamyroom_Cocos/assets/7.Scripts/MyScript/utils/SeatHandler.ts.
debug: Resolve file:///F:/CocosProject/PLY_Dreamyroom_Cocos/assets/7.Scripts/MyScript/utils/TurnOnSpine.ts from cce:/internal/x/prerequisite-imports as file:///F:/CocosProject/PLY_Dreamyroom_Cocos/assets/7.Scripts/MyScript/utils/TurnOnSpine.ts.
debug: Resolve file:///F:/CocosProject/PLY_Dreamyroom_Cocos/assets/7.Scripts/Pool/PoolControl.ts from cce:/internal/x/prerequisite-imports as file:///F:/CocosProject/PLY_Dreamyroom_Cocos/assets/7.Scripts/Pool/PoolControl.ts.
debug: Resolve file:///F:/CocosProject/PLY_Dreamyroom_Cocos/assets/7.Scripts/Pool/PoolManager.ts from cce:/internal/x/prerequisite-imports as file:///F:/CocosProject/PLY_Dreamyroom_Cocos/assets/7.Scripts/Pool/PoolManager.ts.
debug: Resolve file:///F:/CocosProject/PLY_Dreamyroom_Cocos/assets/7.Scripts/Pool/PoolMember.ts from cce:/internal/x/prerequisite-imports as file:///F:/CocosProject/PLY_Dreamyroom_Cocos/assets/7.Scripts/Pool/PoolMember.ts.
debug: Resolve file:///F:/CocosProject/PLY_Dreamyroom_Cocos/assets/7.Scripts/Tool/AppLovinAnalytics.ts from cce:/internal/x/prerequisite-imports as file:///F:/CocosProject/PLY_Dreamyroom_Cocos/assets/7.Scripts/Tool/AppLovinAnalytics.ts.
debug: Resolve file:///F:/CocosProject/PLY_Dreamyroom_Cocos/assets/7.Scripts/Tool/GameController.ts from cce:/internal/x/prerequisite-imports as file:///F:/CocosProject/PLY_Dreamyroom_Cocos/assets/7.Scripts/Tool/GameController.ts.
debug: Resolve file:///F:/CocosProject/PLY_Dreamyroom_Cocos/assets/7.Scripts/Tool/h5-helper.ts from cce:/internal/x/prerequisite-imports as file:///F:/CocosProject/PLY_Dreamyroom_Cocos/assets/7.Scripts/Tool/h5-helper.ts.
debug: Target(editor) ends with cost 1230.1743000149727ms.
debug: Target(preview) build started.
debug: Detected change: cce:/internal/x/prerequisite-imports. Last mtime: Thu Jan 01 1970 07:02:26 GMT+0700 (Indochina Time), Current mtime: Thu Jan 01 1970 07:02:40 GMT+0700 (Indochina Time)
debug: Inspect cce:/internal/x/prerequisite-imports
debug: Resolve file:///C:/ProgramData/cocos/editors/Creator/3.7.4/resources/resources/3d/engine/editor/assets/tools/debug-view-runtime-control.ts from cce:/internal/x/prerequisite-imports as file:///C:/ProgramData/cocos/editors/Creator/3.7.4/resources/resources/3d/engine/editor/assets/tools/debug-view-runtime-control.ts.
debug: Resolve file:///F:/CocosProject/PLY_Dreamyroom_Cocos/assets/7.Scripts/Manager/AssetsManagerCustom.ts from cce:/internal/x/prerequisite-imports as file:///F:/CocosProject/PLY_Dreamyroom_Cocos/assets/7.Scripts/Manager/AssetsManagerCustom.ts.
debug: Resolve file:///F:/CocosProject/PLY_Dreamyroom_Cocos/assets/7.Scripts/Manager/Clock.ts from cce:/internal/x/prerequisite-imports as file:///F:/CocosProject/PLY_Dreamyroom_Cocos/assets/7.Scripts/Manager/Clock.ts.
debug: Resolve file:///F:/CocosProject/PLY_Dreamyroom_Cocos/assets/7.Scripts/Manager/InputManager.ts from cce:/internal/x/prerequisite-imports as file:///F:/CocosProject/PLY_Dreamyroom_Cocos/assets/7.Scripts/Manager/InputManager.ts.
debug: Resolve file:///F:/CocosProject/PLY_Dreamyroom_Cocos/assets/7.Scripts/Manager/Joystick.ts from cce:/internal/x/prerequisite-imports as file:///F:/CocosProject/PLY_Dreamyroom_Cocos/assets/7.Scripts/Manager/Joystick.ts.
debug: Resolve file:///F:/CocosProject/PLY_Dreamyroom_Cocos/assets/7.Scripts/Manager/MainCamera.ts from cce:/internal/x/prerequisite-imports as file:///F:/CocosProject/PLY_Dreamyroom_Cocos/assets/7.Scripts/Manager/MainCamera.ts.
debug: Resolve file:///F:/CocosProject/PLY_Dreamyroom_Cocos/assets/7.Scripts/Manager/PointerController.ts from cce:/internal/x/prerequisite-imports as file:///F:/CocosProject/PLY_Dreamyroom_Cocos/assets/7.Scripts/Manager/PointerController.ts.
debug: Resolve file:///F:/CocosProject/PLY_Dreamyroom_Cocos/assets/7.Scripts/Manager/SoundManager.ts from cce:/internal/x/prerequisite-imports as file:///F:/CocosProject/PLY_Dreamyroom_Cocos/assets/7.Scripts/Manager/SoundManager.ts.
debug: Resolve file:///F:/CocosProject/PLY_Dreamyroom_Cocos/assets/7.Scripts/Manager/UI.ts from cce:/internal/x/prerequisite-imports as file:///F:/CocosProject/PLY_Dreamyroom_Cocos/assets/7.Scripts/Manager/UI.ts.
debug: Resolve file:///F:/CocosProject/PLY_Dreamyroom_Cocos/assets/7.Scripts/Manager/VFX.ts from cce:/internal/x/prerequisite-imports as file:///F:/CocosProject/PLY_Dreamyroom_Cocos/assets/7.Scripts/Manager/VFX.ts.
debug: Resolve file:///F:/CocosProject/PLY_Dreamyroom_Cocos/assets/7.Scripts/Manager/World.ts from cce:/internal/x/prerequisite-imports as file:///F:/CocosProject/PLY_Dreamyroom_Cocos/assets/7.Scripts/Manager/World.ts.
debug: Resolve file:///F:/CocosProject/PLY_Dreamyroom_Cocos/assets/7.Scripts/MatchAsset/MatchSprite.ts from cce:/internal/x/prerequisite-imports as file:///F:/CocosProject/PLY_Dreamyroom_Cocos/assets/7.Scripts/MatchAsset/MatchSprite.ts.
debug: Resolve file:///F:/CocosProject/PLY_Dreamyroom_Cocos/assets/7.Scripts/MatchAsset/NodeOrder.ts from cce:/internal/x/prerequisite-imports as file:///F:/CocosProject/PLY_Dreamyroom_Cocos/assets/7.Scripts/MatchAsset/NodeOrder.ts.
debug: Resolve file:///F:/CocosProject/PLY_Dreamyroom_Cocos/assets/7.Scripts/MatchAsset/ReadImagePixel.ts from cce:/internal/x/prerequisite-imports as file:///F:/CocosProject/PLY_Dreamyroom_Cocos/assets/7.Scripts/MatchAsset/ReadImagePixel.ts.
debug: Resolve file:///F:/CocosProject/PLY_Dreamyroom_Cocos/assets/7.Scripts/MatchAsset/SpriteSizeSetter.ts from cce:/internal/x/prerequisite-imports as file:///F:/CocosProject/PLY_Dreamyroom_Cocos/assets/7.Scripts/MatchAsset/SpriteSizeSetter.ts.
debug: Resolve file:///F:/CocosProject/PLY_Dreamyroom_Cocos/assets/7.Scripts/MatchAsset/Ulis.ts from cce:/internal/x/prerequisite-imports as file:///F:/CocosProject/PLY_Dreamyroom_Cocos/assets/7.Scripts/MatchAsset/Ulis.ts.
debug: Resolve file:///F:/CocosProject/PLY_Dreamyroom_Cocos/assets/7.Scripts/Misc/AStar.ts from cce:/internal/x/prerequisite-imports as file:///F:/CocosProject/PLY_Dreamyroom_Cocos/assets/7.Scripts/Misc/AStar.ts.
debug: Resolve file:///F:/CocosProject/PLY_Dreamyroom_Cocos/assets/7.Scripts/Misc/Black.ts from cce:/internal/x/prerequisite-imports as file:///F:/CocosProject/PLY_Dreamyroom_Cocos/assets/7.Scripts/Misc/Black.ts.
debug: Resolve file:///F:/CocosProject/PLY_Dreamyroom_Cocos/assets/7.Scripts/Misc/Cloud.ts from cce:/internal/x/prerequisite-imports as file:///F:/CocosProject/PLY_Dreamyroom_Cocos/assets/7.Scripts/Misc/Cloud.ts.
debug: Resolve file:///F:/CocosProject/PLY_Dreamyroom_Cocos/assets/7.Scripts/Misc/IQ.ts from cce:/internal/x/prerequisite-imports as file:///F:/CocosProject/PLY_Dreamyroom_Cocos/assets/7.Scripts/Misc/IQ.ts.
debug: Resolve file:///F:/CocosProject/PLY_Dreamyroom_Cocos/assets/7.Scripts/Misc/MeshLoader.ts from cce:/internal/x/prerequisite-imports as file:///F:/CocosProject/PLY_Dreamyroom_Cocos/assets/7.Scripts/Misc/MeshLoader.ts.
debug: Resolve file:///F:/CocosProject/PLY_Dreamyroom_Cocos/assets/7.Scripts/Misc/SkinManager.ts from cce:/internal/x/prerequisite-imports as file:///F:/CocosProject/PLY_Dreamyroom_Cocos/assets/7.Scripts/Misc/SkinManager.ts.
debug: Resolve file:///F:/CocosProject/PLY_Dreamyroom_Cocos/assets/7.Scripts/Misc/SplineLineRenderer.ts from cce:/internal/x/prerequisite-imports as file:///F:/CocosProject/PLY_Dreamyroom_Cocos/assets/7.Scripts/Misc/SplineLineRenderer.ts.
debug: Resolve file:///F:/CocosProject/PLY_Dreamyroom_Cocos/assets/7.Scripts/Misc/Tooth.ts from cce:/internal/x/prerequisite-imports as file:///F:/CocosProject/PLY_Dreamyroom_Cocos/assets/7.Scripts/Misc/Tooth.ts.
debug: Resolve file:///F:/CocosProject/PLY_Dreamyroom_Cocos/assets/7.Scripts/Misc/Ulis.ts from cce:/internal/x/prerequisite-imports as file:///F:/CocosProject/PLY_Dreamyroom_Cocos/assets/7.Scripts/Misc/Ulis.ts.
debug: Resolve file:///F:/CocosProject/PLY_Dreamyroom_Cocos/assets/7.Scripts/MyScript/box/BoxController.ts from cce:/internal/x/prerequisite-imports as file:///F:/CocosProject/PLY_Dreamyroom_Cocos/assets/7.Scripts/MyScript/box/BoxController.ts.
debug: Inspect file:///F:/CocosProject/PLY_Dreamyroom_Cocos/assets/7.Scripts/MyScript/box/BoxController.ts
debug: Resolve cce:/internal/code-quality/cr.mjs from file:///F:/CocosProject/PLY_Dreamyroom_Cocos/assets/7.Scripts/MyScript/box/BoxController.ts as cce:/internal/code-quality/cr.mjs.
debug: Resolve cc from file:///F:/CocosProject/PLY_Dreamyroom_Cocos/assets/7.Scripts/MyScript/box/BoxController.ts as cce:/internal/x/cc.
debug: Resolve cc from file:///F:/CocosProject/PLY_Dreamyroom_Cocos/assets/7.Scripts/MyScript/box/BoxController.ts as cce:/internal/x/cc.
debug: Resolve cc from file:///F:/CocosProject/PLY_Dreamyroom_Cocos/assets/7.Scripts/MyScript/box/BoxController.ts as cce:/internal/x/cc.
debug: Resolve ../core/InputManager from file:///F:/CocosProject/PLY_Dreamyroom_Cocos/assets/7.Scripts/MyScript/box/BoxController.ts as file:///F:/CocosProject/PLY_Dreamyroom_Cocos/assets/7.Scripts/MyScript/core/InputManager.ts.
debug: Inspect file:///F:/CocosProject/PLY_Dreamyroom_Cocos/assets/7.Scripts/MyScript/core/InputManager.ts
debug: Resolve cce:/internal/code-quality/cr.mjs from file:///F:/CocosProject/PLY_Dreamyroom_Cocos/assets/7.Scripts/MyScript/core/InputManager.ts as cce:/internal/code-quality/cr.mjs.
debug: Resolve cc from file:///F:/CocosProject/PLY_Dreamyroom_Cocos/assets/7.Scripts/MyScript/core/InputManager.ts as cce:/internal/x/cc.
debug: Resolve cc from file:///F:/CocosProject/PLY_Dreamyroom_Cocos/assets/7.Scripts/MyScript/core/InputManager.ts as cce:/internal/x/cc.
debug: Resolve cc from file:///F:/CocosProject/PLY_Dreamyroom_Cocos/assets/7.Scripts/MyScript/core/InputManager.ts as cce:/internal/x/cc.
debug: Resolve ../item/ItemGraphic from file:///F:/CocosProject/PLY_Dreamyroom_Cocos/assets/7.Scripts/MyScript/core/InputManager.ts as file:///F:/CocosProject/PLY_Dreamyroom_Cocos/assets/7.Scripts/MyScript/item/ItemGraphic.ts.
debug: Inspect file:///F:/CocosProject/PLY_Dreamyroom_Cocos/assets/7.Scripts/MyScript/item/ItemGraphic.ts
debug: Resolve cc from file:///F:/CocosProject/PLY_Dreamyroom_Cocos/assets/7.Scripts/MyScript/item/ItemGraphic.ts as cce:/internal/x/cc.
debug: Resolve cc from file:///F:/CocosProject/PLY_Dreamyroom_Cocos/assets/7.Scripts/MyScript/item/ItemGraphic.ts as cce:/internal/x/cc.
debug: Resolve cc from file:///F:/CocosProject/PLY_Dreamyroom_Cocos/assets/7.Scripts/MyScript/item/ItemGraphic.ts as cce:/internal/x/cc.
debug: Resolve ../managers/ItemManager from file:///F:/CocosProject/PLY_Dreamyroom_Cocos/assets/7.Scripts/MyScript/core/InputManager.ts as file:///F:/CocosProject/PLY_Dreamyroom_Cocos/assets/7.Scripts/MyScript/managers/ItemManager.ts.
debug: Inspect file:///F:/CocosProject/PLY_Dreamyroom_Cocos/assets/7.Scripts/MyScript/managers/ItemManager.ts
debug: Resolve cce:/internal/code-quality/cr.mjs from file:///F:/CocosProject/PLY_Dreamyroom_Cocos/assets/7.Scripts/MyScript/managers/ItemManager.ts as cce:/internal/code-quality/cr.mjs.
debug: Resolve cc from file:///F:/CocosProject/PLY_Dreamyroom_Cocos/assets/7.Scripts/MyScript/managers/ItemManager.ts as cce:/internal/x/cc.
debug: Resolve cc from file:///F:/CocosProject/PLY_Dreamyroom_Cocos/assets/7.Scripts/MyScript/managers/ItemManager.ts as cce:/internal/x/cc.
debug: Resolve cc from file:///F:/CocosProject/PLY_Dreamyroom_Cocos/assets/7.Scripts/MyScript/managers/ItemManager.ts as cce:/internal/x/cc.
debug: Resolve ../item/ItemController from file:///F:/CocosProject/PLY_Dreamyroom_Cocos/assets/7.Scripts/MyScript/managers/ItemManager.ts as file:///F:/CocosProject/PLY_Dreamyroom_Cocos/assets/7.Scripts/MyScript/item/ItemController.ts.
debug: Inspect file:///F:/CocosProject/PLY_Dreamyroom_Cocos/assets/7.Scripts/MyScript/item/ItemController.ts
debug: Resolve cce:/internal/code-quality/cr.mjs from file:///F:/CocosProject/PLY_Dreamyroom_Cocos/assets/7.Scripts/MyScript/item/ItemController.ts as cce:/internal/code-quality/cr.mjs.
debug: Resolve cc from file:///F:/CocosProject/PLY_Dreamyroom_Cocos/assets/7.Scripts/MyScript/item/ItemController.ts as cce:/internal/x/cc.
debug: Resolve cc from file:///F:/CocosProject/PLY_Dreamyroom_Cocos/assets/7.Scripts/MyScript/item/ItemController.ts as cce:/internal/x/cc.
debug: Resolve cc from file:///F:/CocosProject/PLY_Dreamyroom_Cocos/assets/7.Scripts/MyScript/item/ItemController.ts as cce:/internal/x/cc.
debug: Resolve ../core/InputManager from file:///F:/CocosProject/PLY_Dreamyroom_Cocos/assets/7.Scripts/MyScript/item/ItemController.ts as file:///F:/CocosProject/PLY_Dreamyroom_Cocos/assets/7.Scripts/MyScript/core/InputManager.ts.
debug: Resolve ./ItemGraphic from file:///F:/CocosProject/PLY_Dreamyroom_Cocos/assets/7.Scripts/MyScript/item/ItemController.ts as file:///F:/CocosProject/PLY_Dreamyroom_Cocos/assets/7.Scripts/MyScript/item/ItemGraphic.ts.
debug: Resolve ./ItemMovement from file:///F:/CocosProject/PLY_Dreamyroom_Cocos/assets/7.Scripts/MyScript/item/ItemController.ts as file:///F:/CocosProject/PLY_Dreamyroom_Cocos/assets/7.Scripts/MyScript/item/ItemMovement.ts.
debug: Inspect file:///F:/CocosProject/PLY_Dreamyroom_Cocos/assets/7.Scripts/MyScript/item/ItemMovement.ts
debug: Resolve cc from file:///F:/CocosProject/PLY_Dreamyroom_Cocos/assets/7.Scripts/MyScript/item/ItemMovement.ts as cce:/internal/x/cc.
debug: Resolve cc from file:///F:/CocosProject/PLY_Dreamyroom_Cocos/assets/7.Scripts/MyScript/item/ItemMovement.ts as cce:/internal/x/cc.
debug: Resolve cc from file:///F:/CocosProject/PLY_Dreamyroom_Cocos/assets/7.Scripts/MyScript/item/ItemMovement.ts as cce:/internal/x/cc.
debug: Resolve ./OpenItem from file:///F:/CocosProject/PLY_Dreamyroom_Cocos/assets/7.Scripts/MyScript/item/ItemController.ts as file:///F:/CocosProject/PLY_Dreamyroom_Cocos/assets/7.Scripts/MyScript/item/OpenItem.ts.
debug: Inspect file:///F:/CocosProject/PLY_Dreamyroom_Cocos/assets/7.Scripts/MyScript/item/OpenItem.ts
debug: Resolve cc from file:///F:/CocosProject/PLY_Dreamyroom_Cocos/assets/7.Scripts/MyScript/item/OpenItem.ts as cce:/internal/x/cc.
debug: Resolve cc from file:///F:/CocosProject/PLY_Dreamyroom_Cocos/assets/7.Scripts/MyScript/item/OpenItem.ts as cce:/internal/x/cc.
debug: Resolve cc from file:///F:/CocosProject/PLY_Dreamyroom_Cocos/assets/7.Scripts/MyScript/item/OpenItem.ts as cce:/internal/x/cc.
debug: Resolve ../managers/ItemManager from file:///F:/CocosProject/PLY_Dreamyroom_Cocos/assets/7.Scripts/MyScript/item/ItemController.ts as file:///F:/CocosProject/PLY_Dreamyroom_Cocos/assets/7.Scripts/MyScript/managers/ItemManager.ts.
debug: Resolve ../managers/WorldScrollManager from file:///F:/CocosProject/PLY_Dreamyroom_Cocos/assets/7.Scripts/MyScript/item/ItemController.ts as file:///F:/CocosProject/PLY_Dreamyroom_Cocos/assets/7.Scripts/MyScript/managers/WorldScrollManager.ts.
debug: Inspect file:///F:/CocosProject/PLY_Dreamyroom_Cocos/assets/7.Scripts/MyScript/managers/WorldScrollManager.ts
debug: Resolve cce:/internal/code-quality/cr.mjs from file:///F:/CocosProject/PLY_Dreamyroom_Cocos/assets/7.Scripts/MyScript/managers/WorldScrollManager.ts as cce:/internal/code-quality/cr.mjs.
debug: Resolve cc from file:///F:/CocosProject/PLY_Dreamyroom_Cocos/assets/7.Scripts/MyScript/managers/WorldScrollManager.ts as cce:/internal/x/cc.
debug: Resolve cc from file:///F:/CocosProject/PLY_Dreamyroom_Cocos/assets/7.Scripts/MyScript/managers/WorldScrollManager.ts as cce:/internal/x/cc.
debug: Resolve cc from file:///F:/CocosProject/PLY_Dreamyroom_Cocos/assets/7.Scripts/MyScript/managers/WorldScrollManager.ts as cce:/internal/x/cc.
debug: Resolve ../item/ItemController from file:///F:/CocosProject/PLY_Dreamyroom_Cocos/assets/7.Scripts/MyScript/managers/WorldScrollManager.ts as file:///F:/CocosProject/PLY_Dreamyroom_Cocos/assets/7.Scripts/MyScript/item/ItemController.ts.
debug: Resolve ../core/InputManager from file:///F:/CocosProject/PLY_Dreamyroom_Cocos/assets/7.Scripts/MyScript/managers/WorldScrollManager.ts as file:///F:/CocosProject/PLY_Dreamyroom_Cocos/assets/7.Scripts/MyScript/core/InputManager.ts.
debug: Resolve ../core/TweenUtil from file:///F:/CocosProject/PLY_Dreamyroom_Cocos/assets/7.Scripts/MyScript/managers/WorldScrollManager.ts as file:///F:/CocosProject/PLY_Dreamyroom_Cocos/assets/7.Scripts/MyScript/core/TweenUtil.ts.
debug: Inspect file:///F:/CocosProject/PLY_Dreamyroom_Cocos/assets/7.Scripts/MyScript/core/TweenUtil.ts
debug: Resolve cc from file:///F:/CocosProject/PLY_Dreamyroom_Cocos/assets/7.Scripts/MyScript/core/TweenUtil.ts as cce:/internal/x/cc.
debug: Resolve cc from file:///F:/CocosProject/PLY_Dreamyroom_Cocos/assets/7.Scripts/MyScript/core/TweenUtil.ts as cce:/internal/x/cc.
debug: Resolve cc from file:///F:/CocosProject/PLY_Dreamyroom_Cocos/assets/7.Scripts/MyScript/core/TweenUtil.ts as cce:/internal/x/cc.
debug: Resolve ../utils/SeatHandler from file:///F:/CocosProject/PLY_Dreamyroom_Cocos/assets/7.Scripts/MyScript/item/ItemController.ts as file:///F:/CocosProject/PLY_Dreamyroom_Cocos/assets/7.Scripts/MyScript/utils/SeatHandler.ts.
debug: Inspect file:///F:/CocosProject/PLY_Dreamyroom_Cocos/assets/7.Scripts/MyScript/utils/SeatHandler.ts
debug: Resolve cc from file:///F:/CocosProject/PLY_Dreamyroom_Cocos/assets/7.Scripts/MyScript/utils/SeatHandler.ts as cce:/internal/x/cc.
debug: Resolve cc from file:///F:/CocosProject/PLY_Dreamyroom_Cocos/assets/7.Scripts/MyScript/utils/SeatHandler.ts as cce:/internal/x/cc.
debug: Resolve cc from file:///F:/CocosProject/PLY_Dreamyroom_Cocos/assets/7.Scripts/MyScript/utils/SeatHandler.ts as cce:/internal/x/cc.
debug: Resolve ../utils/TurnOnSpine from file:///F:/CocosProject/PLY_Dreamyroom_Cocos/assets/7.Scripts/MyScript/item/ItemController.ts as file:///F:/CocosProject/PLY_Dreamyroom_Cocos/assets/7.Scripts/MyScript/utils/TurnOnSpine.ts.
debug: Inspect file:///F:/CocosProject/PLY_Dreamyroom_Cocos/assets/7.Scripts/MyScript/utils/TurnOnSpine.ts
debug: Resolve cc from file:///F:/CocosProject/PLY_Dreamyroom_Cocos/assets/7.Scripts/MyScript/utils/TurnOnSpine.ts as cce:/internal/x/cc.
debug: Resolve cc from file:///F:/CocosProject/PLY_Dreamyroom_Cocos/assets/7.Scripts/MyScript/utils/TurnOnSpine.ts as cce:/internal/x/cc.
debug: Resolve cc from file:///F:/CocosProject/PLY_Dreamyroom_Cocos/assets/7.Scripts/MyScript/utils/TurnOnSpine.ts as cce:/internal/x/cc.
debug: Resolve ../utils/ChangeLight from file:///F:/CocosProject/PLY_Dreamyroom_Cocos/assets/7.Scripts/MyScript/item/ItemController.ts as file:///F:/CocosProject/PLY_Dreamyroom_Cocos/assets/7.Scripts/MyScript/utils/ChangeLight.ts.
debug: Inspect file:///F:/CocosProject/PLY_Dreamyroom_Cocos/assets/7.Scripts/MyScript/utils/ChangeLight.ts
debug: Resolve cc from file:///F:/CocosProject/PLY_Dreamyroom_Cocos/assets/7.Scripts/MyScript/utils/ChangeLight.ts as cce:/internal/x/cc.
debug: Resolve cc from file:///F:/CocosProject/PLY_Dreamyroom_Cocos/assets/7.Scripts/MyScript/utils/ChangeLight.ts as cce:/internal/x/cc.
debug: Resolve cc from file:///F:/CocosProject/PLY_Dreamyroom_Cocos/assets/7.Scripts/MyScript/utils/ChangeLight.ts as cce:/internal/x/cc.
debug: Resolve ../core/SoundManager from file:///F:/CocosProject/PLY_Dreamyroom_Cocos/assets/7.Scripts/MyScript/item/ItemController.ts as file:///F:/CocosProject/PLY_Dreamyroom_Cocos/assets/7.Scripts/MyScript/core/SoundManager.ts.
debug: Inspect file:///F:/CocosProject/PLY_Dreamyroom_Cocos/assets/7.Scripts/MyScript/core/SoundManager.ts
debug: Resolve cc from file:///F:/CocosProject/PLY_Dreamyroom_Cocos/assets/7.Scripts/MyScript/core/SoundManager.ts as cce:/internal/x/cc.
debug: Resolve cc from file:///F:/CocosProject/PLY_Dreamyroom_Cocos/assets/7.Scripts/MyScript/core/SoundManager.ts as cce:/internal/x/cc.
debug: Resolve cc from file:///F:/CocosProject/PLY_Dreamyroom_Cocos/assets/7.Scripts/MyScript/core/SoundManager.ts as cce:/internal/x/cc.
debug: Resolve ../core/ObjectPool from file:///F:/CocosProject/PLY_Dreamyroom_Cocos/assets/7.Scripts/MyScript/item/ItemController.ts as file:///F:/CocosProject/PLY_Dreamyroom_Cocos/assets/7.Scripts/MyScript/core/ObjectPool.ts.
debug: Inspect file:///F:/CocosProject/PLY_Dreamyroom_Cocos/assets/7.Scripts/MyScript/core/ObjectPool.ts
debug: Resolve cc from file:///F:/CocosProject/PLY_Dreamyroom_Cocos/assets/7.Scripts/MyScript/core/ObjectPool.ts as cce:/internal/x/cc.
debug: Resolve cc from file:///F:/CocosProject/PLY_Dreamyroom_Cocos/assets/7.Scripts/MyScript/core/ObjectPool.ts as cce:/internal/x/cc.
debug: Resolve cc from file:///F:/CocosProject/PLY_Dreamyroom_Cocos/assets/7.Scripts/MyScript/core/ObjectPool.ts as cce:/internal/x/cc.
debug: Resolve ../effects/BlinkEffect from file:///F:/CocosProject/PLY_Dreamyroom_Cocos/assets/7.Scripts/MyScript/item/ItemController.ts as file:///F:/CocosProject/PLY_Dreamyroom_Cocos/assets/7.Scripts/MyScript/effects/BlinkEffect.ts.
debug: Inspect file:///F:/CocosProject/PLY_Dreamyroom_Cocos/assets/7.Scripts/MyScript/effects/BlinkEffect.ts
debug: Resolve cce:/internal/code-quality/cr.mjs from file:///F:/CocosProject/PLY_Dreamyroom_Cocos/assets/7.Scripts/MyScript/effects/BlinkEffect.ts as cce:/internal/code-quality/cr.mjs.
debug: Resolve cc from file:///F:/CocosProject/PLY_Dreamyroom_Cocos/assets/7.Scripts/MyScript/effects/BlinkEffect.ts as cce:/internal/x/cc.
debug: Resolve cc from file:///F:/CocosProject/PLY_Dreamyroom_Cocos/assets/7.Scripts/MyScript/effects/BlinkEffect.ts as cce:/internal/x/cc.
debug: Resolve cc from file:///F:/CocosProject/PLY_Dreamyroom_Cocos/assets/7.Scripts/MyScript/effects/BlinkEffect.ts as cce:/internal/x/cc.
debug: Resolve ../core/ObjectPool from file:///F:/CocosProject/PLY_Dreamyroom_Cocos/assets/7.Scripts/MyScript/effects/BlinkEffect.ts as file:///F:/CocosProject/PLY_Dreamyroom_Cocos/assets/7.Scripts/MyScript/core/ObjectPool.ts.
debug: Resolve ../item/ItemGraphic from file:///F:/CocosProject/PLY_Dreamyroom_Cocos/assets/7.Scripts/MyScript/managers/ItemManager.ts as file:///F:/CocosProject/PLY_Dreamyroom_Cocos/assets/7.Scripts/MyScript/item/ItemGraphic.ts.
debug: Resolve ../utils/HolderSlot from file:///F:/CocosProject/PLY_Dreamyroom_Cocos/assets/7.Scripts/MyScript/managers/ItemManager.ts as file:///F:/CocosProject/PLY_Dreamyroom_Cocos/assets/7.Scripts/MyScript/utils/HolderSlot.ts.
debug: Inspect file:///F:/CocosProject/PLY_Dreamyroom_Cocos/assets/7.Scripts/MyScript/utils/HolderSlot.ts
debug: Resolve cc from file:///F:/CocosProject/PLY_Dreamyroom_Cocos/assets/7.Scripts/MyScript/utils/HolderSlot.ts as cce:/internal/x/cc.
debug: Resolve cc from file:///F:/CocosProject/PLY_Dreamyroom_Cocos/assets/7.Scripts/MyScript/utils/HolderSlot.ts as cce:/internal/x/cc.
debug: Resolve cc from file:///F:/CocosProject/PLY_Dreamyroom_Cocos/assets/7.Scripts/MyScript/utils/HolderSlot.ts as cce:/internal/x/cc.
debug: Resolve ../utils/SeatHandler from file:///F:/CocosProject/PLY_Dreamyroom_Cocos/assets/7.Scripts/MyScript/managers/ItemManager.ts as file:///F:/CocosProject/PLY_Dreamyroom_Cocos/assets/7.Scripts/MyScript/utils/SeatHandler.ts.
debug: Resolve ../core/TweenUtil from file:///F:/CocosProject/PLY_Dreamyroom_Cocos/assets/7.Scripts/MyScript/managers/ItemManager.ts as file:///F:/CocosProject/PLY_Dreamyroom_Cocos/assets/7.Scripts/MyScript/core/TweenUtil.ts.
debug: Resolve ./WorldScrollManager from file:///F:/CocosProject/PLY_Dreamyroom_Cocos/assets/7.Scripts/MyScript/managers/ItemManager.ts as file:///F:/CocosProject/PLY_Dreamyroom_Cocos/assets/7.Scripts/MyScript/managers/WorldScrollManager.ts.
debug: Resolve ./UIManager from file:///F:/CocosProject/PLY_Dreamyroom_Cocos/assets/7.Scripts/MyScript/managers/ItemManager.ts as file:///F:/CocosProject/PLY_Dreamyroom_Cocos/assets/7.Scripts/MyScript/managers/UIManager.ts.
debug: Inspect file:///F:/CocosProject/PLY_Dreamyroom_Cocos/assets/7.Scripts/MyScript/managers/UIManager.ts
debug: Resolve cce:/internal/code-quality/cr.mjs from file:///F:/CocosProject/PLY_Dreamyroom_Cocos/assets/7.Scripts/MyScript/managers/UIManager.ts as cce:/internal/code-quality/cr.mjs.
debug: Resolve cc from file:///F:/CocosProject/PLY_Dreamyroom_Cocos/assets/7.Scripts/MyScript/managers/UIManager.ts as cce:/internal/x/cc.
debug: Resolve cc from file:///F:/CocosProject/PLY_Dreamyroom_Cocos/assets/7.Scripts/MyScript/managers/UIManager.ts as cce:/internal/x/cc.
debug: Resolve cc from file:///F:/CocosProject/PLY_Dreamyroom_Cocos/assets/7.Scripts/MyScript/managers/UIManager.ts as cce:/internal/x/cc.
debug: Resolve ../core/InputManager from file:///F:/CocosProject/PLY_Dreamyroom_Cocos/assets/7.Scripts/MyScript/managers/UIManager.ts as file:///F:/CocosProject/PLY_Dreamyroom_Cocos/assets/7.Scripts/MyScript/core/InputManager.ts.
debug: Resolve ./ItemManager from file:///F:/CocosProject/PLY_Dreamyroom_Cocos/assets/7.Scripts/MyScript/managers/UIManager.ts as file:///F:/CocosProject/PLY_Dreamyroom_Cocos/assets/7.Scripts/MyScript/managers/ItemManager.ts.
debug: Resolve ../utils/BallFollowFill from file:///F:/CocosProject/PLY_Dreamyroom_Cocos/assets/7.Scripts/MyScript/managers/UIManager.ts as file:///F:/CocosProject/PLY_Dreamyroom_Cocos/assets/7.Scripts/MyScript/utils/BallFollowFill.ts.
debug: Inspect file:///F:/CocosProject/PLY_Dreamyroom_Cocos/assets/7.Scripts/MyScript/utils/BallFollowFill.ts
debug: Resolve cce:/internal/code-quality/cr.mjs from file:///F:/CocosProject/PLY_Dreamyroom_Cocos/assets/7.Scripts/MyScript/utils/BallFollowFill.ts as cce:/internal/code-quality/cr.mjs.
debug: Resolve cc from file:///F:/CocosProject/PLY_Dreamyroom_Cocos/assets/7.Scripts/MyScript/utils/BallFollowFill.ts as cce:/internal/x/cc.
debug: Resolve cc from file:///F:/CocosProject/PLY_Dreamyroom_Cocos/assets/7.Scripts/MyScript/utils/BallFollowFill.ts as cce:/internal/x/cc.
debug: Resolve cc from file:///F:/CocosProject/PLY_Dreamyroom_Cocos/assets/7.Scripts/MyScript/utils/BallFollowFill.ts as cce:/internal/x/cc.
debug: Resolve ../core/TweenUtil from file:///F:/CocosProject/PLY_Dreamyroom_Cocos/assets/7.Scripts/MyScript/utils/BallFollowFill.ts as file:///F:/CocosProject/PLY_Dreamyroom_Cocos/assets/7.Scripts/MyScript/core/TweenUtil.ts.
debug: Resolve ../core/TweenUtil from file:///F:/CocosProject/PLY_Dreamyroom_Cocos/assets/7.Scripts/MyScript/managers/UIManager.ts as file:///F:/CocosProject/PLY_Dreamyroom_Cocos/assets/7.Scripts/MyScript/core/TweenUtil.ts.
debug: Resolve ./BoxManager from file:///F:/CocosProject/PLY_Dreamyroom_Cocos/assets/7.Scripts/MyScript/managers/ItemManager.ts as file:///F:/CocosProject/PLY_Dreamyroom_Cocos/assets/7.Scripts/MyScript/managers/BoxManager.ts.
debug: Inspect file:///F:/CocosProject/PLY_Dreamyroom_Cocos/assets/7.Scripts/MyScript/managers/BoxManager.ts
debug: Resolve cce:/internal/code-quality/cr.mjs from file:///F:/CocosProject/PLY_Dreamyroom_Cocos/assets/7.Scripts/MyScript/managers/BoxManager.ts as cce:/internal/code-quality/cr.mjs.
debug: Resolve cc from file:///F:/CocosProject/PLY_Dreamyroom_Cocos/assets/7.Scripts/MyScript/managers/BoxManager.ts as cce:/internal/x/cc.
debug: Resolve cc from file:///F:/CocosProject/PLY_Dreamyroom_Cocos/assets/7.Scripts/MyScript/managers/BoxManager.ts as cce:/internal/x/cc.
debug: Resolve cc from file:///F:/CocosProject/PLY_Dreamyroom_Cocos/assets/7.Scripts/MyScript/managers/BoxManager.ts as cce:/internal/x/cc.
debug: Resolve ../box/BoxController from file:///F:/CocosProject/PLY_Dreamyroom_Cocos/assets/7.Scripts/MyScript/managers/BoxManager.ts as file:///F:/CocosProject/PLY_Dreamyroom_Cocos/assets/7.Scripts/MyScript/box/BoxController.ts.
debug: Resolve ../box/BoxGraphic from file:///F:/CocosProject/PLY_Dreamyroom_Cocos/assets/7.Scripts/MyScript/managers/BoxManager.ts as file:///F:/CocosProject/PLY_Dreamyroom_Cocos/assets/7.Scripts/MyScript/box/BoxGraphic.ts.
debug: Inspect file:///F:/CocosProject/PLY_Dreamyroom_Cocos/assets/7.Scripts/MyScript/box/BoxGraphic.ts
debug: Resolve cc from file:///F:/CocosProject/PLY_Dreamyroom_Cocos/assets/7.Scripts/MyScript/box/BoxGraphic.ts as cce:/internal/x/cc.
debug: Resolve cc from file:///F:/CocosProject/PLY_Dreamyroom_Cocos/assets/7.Scripts/MyScript/box/BoxGraphic.ts as cce:/internal/x/cc.
debug: Resolve cc from file:///F:/CocosProject/PLY_Dreamyroom_Cocos/assets/7.Scripts/MyScript/box/BoxGraphic.ts as cce:/internal/x/cc.
debug: Resolve ./BoxGraphic from file:///F:/CocosProject/PLY_Dreamyroom_Cocos/assets/7.Scripts/MyScript/box/BoxController.ts as file:///F:/CocosProject/PLY_Dreamyroom_Cocos/assets/7.Scripts/MyScript/box/BoxGraphic.ts.
debug: Resolve ../managers/ItemManager from file:///F:/CocosProject/PLY_Dreamyroom_Cocos/assets/7.Scripts/MyScript/box/BoxController.ts as file:///F:/CocosProject/PLY_Dreamyroom_Cocos/assets/7.Scripts/MyScript/managers/ItemManager.ts.
debug: Resolve ../managers/UIManager from file:///F:/CocosProject/PLY_Dreamyroom_Cocos/assets/7.Scripts/MyScript/box/BoxController.ts as file:///F:/CocosProject/PLY_Dreamyroom_Cocos/assets/7.Scripts/MyScript/managers/UIManager.ts.
debug: Resolve ../managers/BaseRoomManager from file:///F:/CocosProject/PLY_Dreamyroom_Cocos/assets/7.Scripts/MyScript/box/BoxController.ts as file:///F:/CocosProject/PLY_Dreamyroom_Cocos/assets/7.Scripts/MyScript/managers/BaseRoomManager.ts.
debug: Inspect file:///F:/CocosProject/PLY_Dreamyroom_Cocos/assets/7.Scripts/MyScript/managers/BaseRoomManager.ts
debug: Resolve cce:/internal/code-quality/cr.mjs from file:///F:/CocosProject/PLY_Dreamyroom_Cocos/assets/7.Scripts/MyScript/managers/BaseRoomManager.ts as cce:/internal/code-quality/cr.mjs.
debug: Resolve cc from file:///F:/CocosProject/PLY_Dreamyroom_Cocos/assets/7.Scripts/MyScript/managers/BaseRoomManager.ts as cce:/internal/x/cc.
debug: Resolve cc from file:///F:/CocosProject/PLY_Dreamyroom_Cocos/assets/7.Scripts/MyScript/managers/BaseRoomManager.ts as cce:/internal/x/cc.
debug: Resolve cc from file:///F:/CocosProject/PLY_Dreamyroom_Cocos/assets/7.Scripts/MyScript/managers/BaseRoomManager.ts as cce:/internal/x/cc.
debug: Resolve ../utils/BaseRoom from file:///F:/CocosProject/PLY_Dreamyroom_Cocos/assets/7.Scripts/MyScript/managers/BaseRoomManager.ts as file:///F:/CocosProject/PLY_Dreamyroom_Cocos/assets/7.Scripts/MyScript/utils/BaseRoom.ts.
debug: Inspect file:///F:/CocosProject/PLY_Dreamyroom_Cocos/assets/7.Scripts/MyScript/utils/BaseRoom.ts
debug: Resolve cce:/internal/code-quality/cr.mjs from file:///F:/CocosProject/PLY_Dreamyroom_Cocos/assets/7.Scripts/MyScript/utils/BaseRoom.ts as cce:/internal/code-quality/cr.mjs.
debug: Resolve cc from file:///F:/CocosProject/PLY_Dreamyroom_Cocos/assets/7.Scripts/MyScript/utils/BaseRoom.ts as cce:/internal/x/cc.
debug: Resolve cc from file:///F:/CocosProject/PLY_Dreamyroom_Cocos/assets/7.Scripts/MyScript/utils/BaseRoom.ts as cce:/internal/x/cc.
debug: Resolve cc from file:///F:/CocosProject/PLY_Dreamyroom_Cocos/assets/7.Scripts/MyScript/utils/BaseRoom.ts as cce:/internal/x/cc.
debug: Resolve ../core/InputManager from file:///F:/CocosProject/PLY_Dreamyroom_Cocos/assets/7.Scripts/MyScript/utils/BaseRoom.ts as file:///F:/CocosProject/PLY_Dreamyroom_Cocos/assets/7.Scripts/MyScript/core/InputManager.ts.
debug: Resolve ../item/ItemController from file:///F:/CocosProject/PLY_Dreamyroom_Cocos/assets/7.Scripts/MyScript/box/BoxController.ts as file:///F:/CocosProject/PLY_Dreamyroom_Cocos/assets/7.Scripts/MyScript/item/ItemController.ts.
debug: Resolve ../utils/HolderSlot from file:///F:/CocosProject/PLY_Dreamyroom_Cocos/assets/7.Scripts/MyScript/box/BoxController.ts as file:///F:/CocosProject/PLY_Dreamyroom_Cocos/assets/7.Scripts/MyScript/utils/HolderSlot.ts.
debug: Resolve ../utils/HandOfBox from file:///F:/CocosProject/PLY_Dreamyroom_Cocos/assets/7.Scripts/MyScript/box/BoxController.ts as file:///F:/CocosProject/PLY_Dreamyroom_Cocos/assets/7.Scripts/MyScript/utils/HandOfBox.ts.
debug: Inspect file:///F:/CocosProject/PLY_Dreamyroom_Cocos/assets/7.Scripts/MyScript/utils/HandOfBox.ts
debug: Resolve cce:/internal/code-quality/cr.mjs from file:///F:/CocosProject/PLY_Dreamyroom_Cocos/assets/7.Scripts/MyScript/utils/HandOfBox.ts as cce:/internal/code-quality/cr.mjs.
debug: Resolve cc from file:///F:/CocosProject/PLY_Dreamyroom_Cocos/assets/7.Scripts/MyScript/utils/HandOfBox.ts as cce:/internal/x/cc.
debug: Resolve cc from file:///F:/CocosProject/PLY_Dreamyroom_Cocos/assets/7.Scripts/MyScript/utils/HandOfBox.ts as cce:/internal/x/cc.
debug: Resolve cc from file:///F:/CocosProject/PLY_Dreamyroom_Cocos/assets/7.Scripts/MyScript/utils/HandOfBox.ts as cce:/internal/x/cc.
debug: Resolve ../core/TweenUtil from file:///F:/CocosProject/PLY_Dreamyroom_Cocos/assets/7.Scripts/MyScript/utils/HandOfBox.ts as file:///F:/CocosProject/PLY_Dreamyroom_Cocos/assets/7.Scripts/MyScript/core/TweenUtil.ts.
debug: Resolve ../core/SoundManager from file:///F:/CocosProject/PLY_Dreamyroom_Cocos/assets/7.Scripts/MyScript/box/BoxController.ts as file:///F:/CocosProject/PLY_Dreamyroom_Cocos/assets/7.Scripts/MyScript/core/SoundManager.ts.
debug: Resolve ../core/TweenUtil from file:///F:/CocosProject/PLY_Dreamyroom_Cocos/assets/7.Scripts/MyScript/box/BoxController.ts as file:///F:/CocosProject/PLY_Dreamyroom_Cocos/assets/7.Scripts/MyScript/core/TweenUtil.ts.
debug: Resolve file:///F:/CocosProject/PLY_Dreamyroom_Cocos/assets/7.Scripts/MyScript/box/BoxGraphic.ts from cce:/internal/x/prerequisite-imports as file:///F:/CocosProject/PLY_Dreamyroom_Cocos/assets/7.Scripts/MyScript/box/BoxGraphic.ts.
debug: Resolve file:///F:/CocosProject/PLY_Dreamyroom_Cocos/assets/7.Scripts/MyScript/core/InputManager.ts from cce:/internal/x/prerequisite-imports as file:///F:/CocosProject/PLY_Dreamyroom_Cocos/assets/7.Scripts/MyScript/core/InputManager.ts.
debug: Resolve file:///F:/CocosProject/PLY_Dreamyroom_Cocos/assets/7.Scripts/MyScript/core/ObjectPool.ts from cce:/internal/x/prerequisite-imports as file:///F:/CocosProject/PLY_Dreamyroom_Cocos/assets/7.Scripts/MyScript/core/ObjectPool.ts.
debug: Resolve file:///F:/CocosProject/PLY_Dreamyroom_Cocos/assets/7.Scripts/MyScript/core/SoundManager.ts from cce:/internal/x/prerequisite-imports as file:///F:/CocosProject/PLY_Dreamyroom_Cocos/assets/7.Scripts/MyScript/core/SoundManager.ts.
debug: Resolve file:///F:/CocosProject/PLY_Dreamyroom_Cocos/assets/7.Scripts/MyScript/core/TweenUtil.ts from cce:/internal/x/prerequisite-imports as file:///F:/CocosProject/PLY_Dreamyroom_Cocos/assets/7.Scripts/MyScript/core/TweenUtil.ts.
debug: Resolve file:///F:/CocosProject/PLY_Dreamyroom_Cocos/assets/7.Scripts/MyScript/effects/BlinkEffect.ts from cce:/internal/x/prerequisite-imports as file:///F:/CocosProject/PLY_Dreamyroom_Cocos/assets/7.Scripts/MyScript/effects/BlinkEffect.ts.
debug: Resolve file:///F:/CocosProject/PLY_Dreamyroom_Cocos/assets/7.Scripts/MyScript/item/ItemController.ts from cce:/internal/x/prerequisite-imports as file:///F:/CocosProject/PLY_Dreamyroom_Cocos/assets/7.Scripts/MyScript/item/ItemController.ts.
debug: Resolve file:///F:/CocosProject/PLY_Dreamyroom_Cocos/assets/7.Scripts/MyScript/item/ItemGraphic.ts from cce:/internal/x/prerequisite-imports as file:///F:/CocosProject/PLY_Dreamyroom_Cocos/assets/7.Scripts/MyScript/item/ItemGraphic.ts.
debug: Resolve file:///F:/CocosProject/PLY_Dreamyroom_Cocos/assets/7.Scripts/MyScript/item/ItemMovement.ts from cce:/internal/x/prerequisite-imports as file:///F:/CocosProject/PLY_Dreamyroom_Cocos/assets/7.Scripts/MyScript/item/ItemMovement.ts.
debug: Resolve file:///F:/CocosProject/PLY_Dreamyroom_Cocos/assets/7.Scripts/MyScript/item/OpenItem.ts from cce:/internal/x/prerequisite-imports as file:///F:/CocosProject/PLY_Dreamyroom_Cocos/assets/7.Scripts/MyScript/item/OpenItem.ts.
debug: Resolve file:///F:/CocosProject/PLY_Dreamyroom_Cocos/assets/7.Scripts/MyScript/managers/BaseRoomManager.ts from cce:/internal/x/prerequisite-imports as file:///F:/CocosProject/PLY_Dreamyroom_Cocos/assets/7.Scripts/MyScript/managers/BaseRoomManager.ts.
debug: Resolve file:///F:/CocosProject/PLY_Dreamyroom_Cocos/assets/7.Scripts/MyScript/managers/BoxManager.ts from cce:/internal/x/prerequisite-imports as file:///F:/CocosProject/PLY_Dreamyroom_Cocos/assets/7.Scripts/MyScript/managers/BoxManager.ts.
debug: Resolve file:///F:/CocosProject/PLY_Dreamyroom_Cocos/assets/7.Scripts/MyScript/managers/ItemManager.ts from cce:/internal/x/prerequisite-imports as file:///F:/CocosProject/PLY_Dreamyroom_Cocos/assets/7.Scripts/MyScript/managers/ItemManager.ts.
debug: Resolve file:///F:/CocosProject/PLY_Dreamyroom_Cocos/assets/7.Scripts/MyScript/managers/ProgressTrackingManager.ts from cce:/internal/x/prerequisite-imports as file:///F:/CocosProject/PLY_Dreamyroom_Cocos/assets/7.Scripts/MyScript/managers/ProgressTrackingManager.ts.
debug: Inspect file:///F:/CocosProject/PLY_Dreamyroom_Cocos/assets/7.Scripts/MyScript/managers/ProgressTrackingManager.ts
debug: Resolve cce:/internal/code-quality/cr.mjs from file:///F:/CocosProject/PLY_Dreamyroom_Cocos/assets/7.Scripts/MyScript/managers/ProgressTrackingManager.ts as cce:/internal/code-quality/cr.mjs.
debug: Resolve cc from file:///F:/CocosProject/PLY_Dreamyroom_Cocos/assets/7.Scripts/MyScript/managers/ProgressTrackingManager.ts as cce:/internal/x/cc.
debug: Resolve cc from file:///F:/CocosProject/PLY_Dreamyroom_Cocos/assets/7.Scripts/MyScript/managers/ProgressTrackingManager.ts as cce:/internal/x/cc.
debug: Resolve cc from file:///F:/CocosProject/PLY_Dreamyroom_Cocos/assets/7.Scripts/MyScript/managers/ProgressTrackingManager.ts as cce:/internal/x/cc.
debug: Failed to resolve '../sdk/PlayableSDK' from 'file:///F:/CocosProject/PLY_Dreamyroom_Cocos/assets/7.Scripts/MyScript/managers/ProgressTrackingManager.ts'(module type: esm). Reason: Error: Module "../sdk/PlayableSDK" not found for file:///F:/CocosProject/PLY_Dreamyroom_Cocos/assets/7.Scripts/MyScript/managers/ProgressTrackingManager.ts
debug: Resolve ./UIManager from file:///F:/CocosProject/PLY_Dreamyroom_Cocos/assets/7.Scripts/MyScript/managers/ProgressTrackingManager.ts as file:///F:/CocosProject/PLY_Dreamyroom_Cocos/assets/7.Scripts/MyScript/managers/UIManager.ts.
debug: Resolve ./ItemManager from file:///F:/CocosProject/PLY_Dreamyroom_Cocos/assets/7.Scripts/MyScript/managers/ProgressTrackingManager.ts as file:///F:/CocosProject/PLY_Dreamyroom_Cocos/assets/7.Scripts/MyScript/managers/ItemManager.ts.
debug: Resolve file:///F:/CocosProject/PLY_Dreamyroom_Cocos/assets/7.Scripts/MyScript/managers/UIManager.ts from cce:/internal/x/prerequisite-imports as file:///F:/CocosProject/PLY_Dreamyroom_Cocos/assets/7.Scripts/MyScript/managers/UIManager.ts.
debug: Resolve file:///F:/CocosProject/PLY_Dreamyroom_Cocos/assets/7.Scripts/MyScript/managers/WorldScrollManager.ts from cce:/internal/x/prerequisite-imports as file:///F:/CocosProject/PLY_Dreamyroom_Cocos/assets/7.Scripts/MyScript/managers/WorldScrollManager.ts.
debug: Resolve file:///F:/CocosProject/PLY_Dreamyroom_Cocos/assets/7.Scripts/MyScript/pipeline/SceneBuilder.ts from cce:/internal/x/prerequisite-imports as file:///F:/CocosProject/PLY_Dreamyroom_Cocos/assets/7.Scripts/MyScript/pipeline/SceneBuilder.ts.
debug: Inspect file:///F:/CocosProject/PLY_Dreamyroom_Cocos/assets/7.Scripts/MyScript/pipeline/SceneBuilder.ts
debug: Resolve cc from file:///F:/CocosProject/PLY_Dreamyroom_Cocos/assets/7.Scripts/MyScript/pipeline/SceneBuilder.ts as cce:/internal/x/cc.
debug: Resolve cc from file:///F:/CocosProject/PLY_Dreamyroom_Cocos/assets/7.Scripts/MyScript/pipeline/SceneBuilder.ts as cce:/internal/x/cc.
debug: Resolve cc from file:///F:/CocosProject/PLY_Dreamyroom_Cocos/assets/7.Scripts/MyScript/pipeline/SceneBuilder.ts as cce:/internal/x/cc.
debug: Resolve cc/env from file:///F:/CocosProject/PLY_Dreamyroom_Cocos/assets/7.Scripts/MyScript/pipeline/SceneBuilder.ts as external dependency cc/env.
debug: Resolve file:///F:/CocosProject/PLY_Dreamyroom_Cocos/assets/7.Scripts/MyScript/utils/BallFollowFill.ts from cce:/internal/x/prerequisite-imports as file:///F:/CocosProject/PLY_Dreamyroom_Cocos/assets/7.Scripts/MyScript/utils/BallFollowFill.ts.
debug: Resolve file:///F:/CocosProject/PLY_Dreamyroom_Cocos/assets/7.Scripts/MyScript/utils/BaseRoom.ts from cce:/internal/x/prerequisite-imports as file:///F:/CocosProject/PLY_Dreamyroom_Cocos/assets/7.Scripts/MyScript/utils/BaseRoom.ts.
debug: Resolve file:///F:/CocosProject/PLY_Dreamyroom_Cocos/assets/7.Scripts/MyScript/utils/ChangeLight.ts from cce:/internal/x/prerequisite-imports as file:///F:/CocosProject/PLY_Dreamyroom_Cocos/assets/7.Scripts/MyScript/utils/ChangeLight.ts.
debug: Resolve file:///F:/CocosProject/PLY_Dreamyroom_Cocos/assets/7.Scripts/MyScript/utils/HandOfBox.ts from cce:/internal/x/prerequisite-imports as file:///F:/CocosProject/PLY_Dreamyroom_Cocos/assets/7.Scripts/MyScript/utils/HandOfBox.ts.
debug: Resolve file:///F:/CocosProject/PLY_Dreamyroom_Cocos/assets/7.Scripts/MyScript/utils/HolderSlot.ts from cce:/internal/x/prerequisite-imports as file:///F:/CocosProject/PLY_Dreamyroom_Cocos/assets/7.Scripts/MyScript/utils/HolderSlot.ts.
debug: Resolve file:///F:/CocosProject/PLY_Dreamyroom_Cocos/assets/7.Scripts/MyScript/utils/SeatHandler.ts from cce:/internal/x/prerequisite-imports as file:///F:/CocosProject/PLY_Dreamyroom_Cocos/assets/7.Scripts/MyScript/utils/SeatHandler.ts.
debug: Resolve file:///F:/CocosProject/PLY_Dreamyroom_Cocos/assets/7.Scripts/MyScript/utils/TurnOnSpine.ts from cce:/internal/x/prerequisite-imports as file:///F:/CocosProject/PLY_Dreamyroom_Cocos/assets/7.Scripts/MyScript/utils/TurnOnSpine.ts.
debug: Resolve file:///F:/CocosProject/PLY_Dreamyroom_Cocos/assets/7.Scripts/Pool/PoolControl.ts from cce:/internal/x/prerequisite-imports as file:///F:/CocosProject/PLY_Dreamyroom_Cocos/assets/7.Scripts/Pool/PoolControl.ts.
debug: Resolve file:///F:/CocosProject/PLY_Dreamyroom_Cocos/assets/7.Scripts/Pool/PoolManager.ts from cce:/internal/x/prerequisite-imports as file:///F:/CocosProject/PLY_Dreamyroom_Cocos/assets/7.Scripts/Pool/PoolManager.ts.
debug: Resolve file:///F:/CocosProject/PLY_Dreamyroom_Cocos/assets/7.Scripts/Pool/PoolMember.ts from cce:/internal/x/prerequisite-imports as file:///F:/CocosProject/PLY_Dreamyroom_Cocos/assets/7.Scripts/Pool/PoolMember.ts.
debug: Resolve file:///F:/CocosProject/PLY_Dreamyroom_Cocos/assets/7.Scripts/Tool/AppLovinAnalytics.ts from cce:/internal/x/prerequisite-imports as file:///F:/CocosProject/PLY_Dreamyroom_Cocos/assets/7.Scripts/Tool/AppLovinAnalytics.ts.
debug: Resolve file:///F:/CocosProject/PLY_Dreamyroom_Cocos/assets/7.Scripts/Tool/GameController.ts from cce:/internal/x/prerequisite-imports as file:///F:/CocosProject/PLY_Dreamyroom_Cocos/assets/7.Scripts/Tool/GameController.ts.
debug: Resolve file:///F:/CocosProject/PLY_Dreamyroom_Cocos/assets/7.Scripts/Tool/h5-helper.ts from cce:/internal/x/prerequisite-imports as file:///F:/CocosProject/PLY_Dreamyroom_Cocos/assets/7.Scripts/Tool/h5-helper.ts.
debug: Target(preview) ends with cost 1185.9241000413895ms.
debug: Dispatch build request for time accumulated 1 asset changes.
debug: Build iteration starts.
Number of accumulated asset changes: 1
Feature changed: false
debug: Target(editor) build started.
debug: Detected change: cce:/internal/x/prerequisite-imports. Last mtime: Thu Jan 01 1970 07:02:39 GMT+0700 (Indochina Time), Current mtime: Thu Jan 01 1970 07:04:09 GMT+0700 (Indochina Time)
debug: Inspect cce:/internal/x/prerequisite-imports
debug: Resolve file:///C:/ProgramData/cocos/editors/Creator/3.7.4/resources/resources/3d/engine/editor/assets/tools/debug-view-runtime-control.ts from cce:/internal/x/prerequisite-imports as file:///C:/ProgramData/cocos/editors/Creator/3.7.4/resources/resources/3d/engine/editor/assets/tools/debug-view-runtime-control.ts.
debug: Resolve file:///F:/CocosProject/PLY_Dreamyroom_Cocos/assets/7.Scripts/Manager/AssetsManagerCustom.ts from cce:/internal/x/prerequisite-imports as file:///F:/CocosProject/PLY_Dreamyroom_Cocos/assets/7.Scripts/Manager/AssetsManagerCustom.ts.
debug: Resolve file:///F:/CocosProject/PLY_Dreamyroom_Cocos/assets/7.Scripts/Manager/Clock.ts from cce:/internal/x/prerequisite-imports as file:///F:/CocosProject/PLY_Dreamyroom_Cocos/assets/7.Scripts/Manager/Clock.ts.
debug: Resolve file:///F:/CocosProject/PLY_Dreamyroom_Cocos/assets/7.Scripts/Manager/InputManager.ts from cce:/internal/x/prerequisite-imports as file:///F:/CocosProject/PLY_Dreamyroom_Cocos/assets/7.Scripts/Manager/InputManager.ts.
debug: Resolve file:///F:/CocosProject/PLY_Dreamyroom_Cocos/assets/7.Scripts/Manager/Joystick.ts from cce:/internal/x/prerequisite-imports as file:///F:/CocosProject/PLY_Dreamyroom_Cocos/assets/7.Scripts/Manager/Joystick.ts.
debug: Resolve file:///F:/CocosProject/PLY_Dreamyroom_Cocos/assets/7.Scripts/Manager/MainCamera.ts from cce:/internal/x/prerequisite-imports as file:///F:/CocosProject/PLY_Dreamyroom_Cocos/assets/7.Scripts/Manager/MainCamera.ts.
debug: Resolve file:///F:/CocosProject/PLY_Dreamyroom_Cocos/assets/7.Scripts/Manager/PointerController.ts from cce:/internal/x/prerequisite-imports as file:///F:/CocosProject/PLY_Dreamyroom_Cocos/assets/7.Scripts/Manager/PointerController.ts.
debug: Resolve file:///F:/CocosProject/PLY_Dreamyroom_Cocos/assets/7.Scripts/Manager/SoundManager.ts from cce:/internal/x/prerequisite-imports as file:///F:/CocosProject/PLY_Dreamyroom_Cocos/assets/7.Scripts/Manager/SoundManager.ts.
debug: Resolve file:///F:/CocosProject/PLY_Dreamyroom_Cocos/assets/7.Scripts/Manager/UI.ts from cce:/internal/x/prerequisite-imports as file:///F:/CocosProject/PLY_Dreamyroom_Cocos/assets/7.Scripts/Manager/UI.ts.
debug: Resolve file:///F:/CocosProject/PLY_Dreamyroom_Cocos/assets/7.Scripts/Manager/VFX.ts from cce:/internal/x/prerequisite-imports as file:///F:/CocosProject/PLY_Dreamyroom_Cocos/assets/7.Scripts/Manager/VFX.ts.
debug: Resolve file:///F:/CocosProject/PLY_Dreamyroom_Cocos/assets/7.Scripts/Manager/World.ts from cce:/internal/x/prerequisite-imports as file:///F:/CocosProject/PLY_Dreamyroom_Cocos/assets/7.Scripts/Manager/World.ts.
debug: Resolve file:///F:/CocosProject/PLY_Dreamyroom_Cocos/assets/7.Scripts/MatchAsset/MatchSprite.ts from cce:/internal/x/prerequisite-imports as file:///F:/CocosProject/PLY_Dreamyroom_Cocos/assets/7.Scripts/MatchAsset/MatchSprite.ts.
debug: Resolve file:///F:/CocosProject/PLY_Dreamyroom_Cocos/assets/7.Scripts/MatchAsset/NodeOrder.ts from cce:/internal/x/prerequisite-imports as file:///F:/CocosProject/PLY_Dreamyroom_Cocos/assets/7.Scripts/MatchAsset/NodeOrder.ts.
debug: Resolve file:///F:/CocosProject/PLY_Dreamyroom_Cocos/assets/7.Scripts/MatchAsset/ReadImagePixel.ts from cce:/internal/x/prerequisite-imports as file:///F:/CocosProject/PLY_Dreamyroom_Cocos/assets/7.Scripts/MatchAsset/ReadImagePixel.ts.
debug: Resolve file:///F:/CocosProject/PLY_Dreamyroom_Cocos/assets/7.Scripts/MatchAsset/SpriteSizeSetter.ts from cce:/internal/x/prerequisite-imports as file:///F:/CocosProject/PLY_Dreamyroom_Cocos/assets/7.Scripts/MatchAsset/SpriteSizeSetter.ts.
debug: Resolve file:///F:/CocosProject/PLY_Dreamyroom_Cocos/assets/7.Scripts/MatchAsset/Ulis.ts from cce:/internal/x/prerequisite-imports as file:///F:/CocosProject/PLY_Dreamyroom_Cocos/assets/7.Scripts/MatchAsset/Ulis.ts.
debug: Resolve file:///F:/CocosProject/PLY_Dreamyroom_Cocos/assets/7.Scripts/Misc/AStar.ts from cce:/internal/x/prerequisite-imports as file:///F:/CocosProject/PLY_Dreamyroom_Cocos/assets/7.Scripts/Misc/AStar.ts.
debug: Resolve file:///F:/CocosProject/PLY_Dreamyroom_Cocos/assets/7.Scripts/Misc/Black.ts from cce:/internal/x/prerequisite-imports as file:///F:/CocosProject/PLY_Dreamyroom_Cocos/assets/7.Scripts/Misc/Black.ts.
debug: Resolve file:///F:/CocosProject/PLY_Dreamyroom_Cocos/assets/7.Scripts/Misc/Cloud.ts from cce:/internal/x/prerequisite-imports as file:///F:/CocosProject/PLY_Dreamyroom_Cocos/assets/7.Scripts/Misc/Cloud.ts.
debug: Resolve file:///F:/CocosProject/PLY_Dreamyroom_Cocos/assets/7.Scripts/Misc/IQ.ts from cce:/internal/x/prerequisite-imports as file:///F:/CocosProject/PLY_Dreamyroom_Cocos/assets/7.Scripts/Misc/IQ.ts.
debug: Resolve file:///F:/CocosProject/PLY_Dreamyroom_Cocos/assets/7.Scripts/Misc/MeshLoader.ts from cce:/internal/x/prerequisite-imports as file:///F:/CocosProject/PLY_Dreamyroom_Cocos/assets/7.Scripts/Misc/MeshLoader.ts.
debug: Resolve file:///F:/CocosProject/PLY_Dreamyroom_Cocos/assets/7.Scripts/Misc/SkinManager.ts from cce:/internal/x/prerequisite-imports as file:///F:/CocosProject/PLY_Dreamyroom_Cocos/assets/7.Scripts/Misc/SkinManager.ts.
debug: Resolve file:///F:/CocosProject/PLY_Dreamyroom_Cocos/assets/7.Scripts/Misc/SplineLineRenderer.ts from cce:/internal/x/prerequisite-imports as file:///F:/CocosProject/PLY_Dreamyroom_Cocos/assets/7.Scripts/Misc/SplineLineRenderer.ts.
debug: Resolve file:///F:/CocosProject/PLY_Dreamyroom_Cocos/assets/7.Scripts/Misc/Tooth.ts from cce:/internal/x/prerequisite-imports as file:///F:/CocosProject/PLY_Dreamyroom_Cocos/assets/7.Scripts/Misc/Tooth.ts.
debug: Resolve file:///F:/CocosProject/PLY_Dreamyroom_Cocos/assets/7.Scripts/Misc/Ulis.ts from cce:/internal/x/prerequisite-imports as file:///F:/CocosProject/PLY_Dreamyroom_Cocos/assets/7.Scripts/Misc/Ulis.ts.
debug: Resolve file:///F:/CocosProject/PLY_Dreamyroom_Cocos/assets/7.Scripts/MyScript/box/BoxController.ts from cce:/internal/x/prerequisite-imports as file:///F:/CocosProject/PLY_Dreamyroom_Cocos/assets/7.Scripts/MyScript/box/BoxController.ts.
debug: Resolve file:///F:/CocosProject/PLY_Dreamyroom_Cocos/assets/7.Scripts/MyScript/box/BoxGraphic.ts from cce:/internal/x/prerequisite-imports as file:///F:/CocosProject/PLY_Dreamyroom_Cocos/assets/7.Scripts/MyScript/box/BoxGraphic.ts.
debug: Resolve file:///F:/CocosProject/PLY_Dreamyroom_Cocos/assets/7.Scripts/MyScript/core/InputManager.ts from cce:/internal/x/prerequisite-imports as file:///F:/CocosProject/PLY_Dreamyroom_Cocos/assets/7.Scripts/MyScript/core/InputManager.ts.
debug: Resolve file:///F:/CocosProject/PLY_Dreamyroom_Cocos/assets/7.Scripts/MyScript/core/ObjectPool.ts from cce:/internal/x/prerequisite-imports as file:///F:/CocosProject/PLY_Dreamyroom_Cocos/assets/7.Scripts/MyScript/core/ObjectPool.ts.
debug: Resolve file:///F:/CocosProject/PLY_Dreamyroom_Cocos/assets/7.Scripts/MyScript/core/SoundManager.ts from cce:/internal/x/prerequisite-imports as file:///F:/CocosProject/PLY_Dreamyroom_Cocos/assets/7.Scripts/MyScript/core/SoundManager.ts.
debug: Resolve file:///F:/CocosProject/PLY_Dreamyroom_Cocos/assets/7.Scripts/MyScript/core/TweenUtil.ts from cce:/internal/x/prerequisite-imports as file:///F:/CocosProject/PLY_Dreamyroom_Cocos/assets/7.Scripts/MyScript/core/TweenUtil.ts.
debug: Resolve file:///F:/CocosProject/PLY_Dreamyroom_Cocos/assets/7.Scripts/MyScript/effects/BlinkEffect.ts from cce:/internal/x/prerequisite-imports as file:///F:/CocosProject/PLY_Dreamyroom_Cocos/assets/7.Scripts/MyScript/effects/BlinkEffect.ts.
debug: Resolve file:///F:/CocosProject/PLY_Dreamyroom_Cocos/assets/7.Scripts/MyScript/item/ItemController.ts from cce:/internal/x/prerequisite-imports as file:///F:/CocosProject/PLY_Dreamyroom_Cocos/assets/7.Scripts/MyScript/item/ItemController.ts.
debug: Resolve file:///F:/CocosProject/PLY_Dreamyroom_Cocos/assets/7.Scripts/MyScript/item/ItemGraphic.ts from cce:/internal/x/prerequisite-imports as file:///F:/CocosProject/PLY_Dreamyroom_Cocos/assets/7.Scripts/MyScript/item/ItemGraphic.ts.
debug: Resolve file:///F:/CocosProject/PLY_Dreamyroom_Cocos/assets/7.Scripts/MyScript/item/ItemMovement.ts from cce:/internal/x/prerequisite-imports as file:///F:/CocosProject/PLY_Dreamyroom_Cocos/assets/7.Scripts/MyScript/item/ItemMovement.ts.
debug: Resolve file:///F:/CocosProject/PLY_Dreamyroom_Cocos/assets/7.Scripts/MyScript/item/OpenItem.ts from cce:/internal/x/prerequisite-imports as file:///F:/CocosProject/PLY_Dreamyroom_Cocos/assets/7.Scripts/MyScript/item/OpenItem.ts.
debug: Resolve file:///F:/CocosProject/PLY_Dreamyroom_Cocos/assets/7.Scripts/MyScript/managers/BaseRoomManager.ts from cce:/internal/x/prerequisite-imports as file:///F:/CocosProject/PLY_Dreamyroom_Cocos/assets/7.Scripts/MyScript/managers/BaseRoomManager.ts.
debug: Resolve file:///F:/CocosProject/PLY_Dreamyroom_Cocos/assets/7.Scripts/MyScript/managers/BoxManager.ts from cce:/internal/x/prerequisite-imports as file:///F:/CocosProject/PLY_Dreamyroom_Cocos/assets/7.Scripts/MyScript/managers/BoxManager.ts.
debug: Resolve file:///F:/CocosProject/PLY_Dreamyroom_Cocos/assets/7.Scripts/MyScript/managers/ItemManager.ts from cce:/internal/x/prerequisite-imports as file:///F:/CocosProject/PLY_Dreamyroom_Cocos/assets/7.Scripts/MyScript/managers/ItemManager.ts.
debug: Resolve file:///F:/CocosProject/PLY_Dreamyroom_Cocos/assets/7.Scripts/MyScript/managers/ProgressTrackingManager.ts from cce:/internal/x/prerequisite-imports as file:///F:/CocosProject/PLY_Dreamyroom_Cocos/assets/7.Scripts/MyScript/managers/ProgressTrackingManager.ts.
debug: Detected change: file:///F:/CocosProject/PLY_Dreamyroom_Cocos/assets/7.Scripts/MyScript/managers/ProgressTrackingManager.ts. Last mtime: Mon Aug 17 2026 09:49:23 GMT+0700 (Indochina Time)@01f9a797-a3c5-4494-833e-348ebe65b0ee, Current mtime: Wed Aug 19 2026 13:40:13 GMT+0700 (Indochina Time)@01f9a797-a3c5-4494-833e-348ebe65b0ee
debug: Inspect file:///F:/CocosProject/PLY_Dreamyroom_Cocos/assets/7.Scripts/MyScript/managers/ProgressTrackingManager.ts
debug: Resolve cce:/internal/code-quality/cr.mjs from file:///F:/CocosProject/PLY_Dreamyroom_Cocos/assets/7.Scripts/MyScript/managers/ProgressTrackingManager.ts as cce:/internal/code-quality/cr.mjs.
debug: Resolve cc from file:///F:/CocosProject/PLY_Dreamyroom_Cocos/assets/7.Scripts/MyScript/managers/ProgressTrackingManager.ts as cce:/internal/x/cc.
debug: Resolve cc from file:///F:/CocosProject/PLY_Dreamyroom_Cocos/assets/7.Scripts/MyScript/managers/ProgressTrackingManager.ts as cce:/internal/x/cc.
debug: Resolve cc from file:///F:/CocosProject/PLY_Dreamyroom_Cocos/assets/7.Scripts/MyScript/managers/ProgressTrackingManager.ts as cce:/internal/x/cc.
debug: Resolve ./UIManager from file:///F:/CocosProject/PLY_Dreamyroom_Cocos/assets/7.Scripts/MyScript/managers/ProgressTrackingManager.ts as file:///F:/CocosProject/PLY_Dreamyroom_Cocos/assets/7.Scripts/MyScript/managers/UIManager.ts.
debug: Resolve ./ItemManager from file:///F:/CocosProject/PLY_Dreamyroom_Cocos/assets/7.Scripts/MyScript/managers/ProgressTrackingManager.ts as file:///F:/CocosProject/PLY_Dreamyroom_Cocos/assets/7.Scripts/MyScript/managers/ItemManager.ts.
debug: Resolve file:///F:/CocosProject/PLY_Dreamyroom_Cocos/assets/7.Scripts/MyScript/managers/UIManager.ts from cce:/internal/x/prerequisite-imports as file:///F:/CocosProject/PLY_Dreamyroom_Cocos/assets/7.Scripts/MyScript/managers/UIManager.ts.
debug: Resolve file:///F:/CocosProject/PLY_Dreamyroom_Cocos/assets/7.Scripts/MyScript/managers/WorldScrollManager.ts from cce:/internal/x/prerequisite-imports as file:///F:/CocosProject/PLY_Dreamyroom_Cocos/assets/7.Scripts/MyScript/managers/WorldScrollManager.ts.
debug: Resolve file:///F:/CocosProject/PLY_Dreamyroom_Cocos/assets/7.Scripts/MyScript/pipeline/SceneBuilder.ts from cce:/internal/x/prerequisite-imports as file:///F:/CocosProject/PLY_Dreamyroom_Cocos/assets/7.Scripts/MyScript/pipeline/SceneBuilder.ts.
debug: Resolve file:///F:/CocosProject/PLY_Dreamyroom_Cocos/assets/7.Scripts/MyScript/utils/BallFollowFill.ts from cce:/internal/x/prerequisite-imports as file:///F:/CocosProject/PLY_Dreamyroom_Cocos/assets/7.Scripts/MyScript/utils/BallFollowFill.ts.
debug: Resolve file:///F:/CocosProject/PLY_Dreamyroom_Cocos/assets/7.Scripts/MyScript/utils/BaseRoom.ts from cce:/internal/x/prerequisite-imports as file:///F:/CocosProject/PLY_Dreamyroom_Cocos/assets/7.Scripts/MyScript/utils/BaseRoom.ts.
debug: Resolve file:///F:/CocosProject/PLY_Dreamyroom_Cocos/assets/7.Scripts/MyScript/utils/ChangeLight.ts from cce:/internal/x/prerequisite-imports as file:///F:/CocosProject/PLY_Dreamyroom_Cocos/assets/7.Scripts/MyScript/utils/ChangeLight.ts.
debug: Resolve file:///F:/CocosProject/PLY_Dreamyroom_Cocos/assets/7.Scripts/MyScript/utils/HandOfBox.ts from cce:/internal/x/prerequisite-imports as file:///F:/CocosProject/PLY_Dreamyroom_Cocos/assets/7.Scripts/MyScript/utils/HandOfBox.ts.
debug: Resolve file:///F:/CocosProject/PLY_Dreamyroom_Cocos/assets/7.Scripts/MyScript/utils/HolderSlot.ts from cce:/internal/x/prerequisite-imports as file:///F:/CocosProject/PLY_Dreamyroom_Cocos/assets/7.Scripts/MyScript/utils/HolderSlot.ts.
debug: Resolve file:///F:/CocosProject/PLY_Dreamyroom_Cocos/assets/7.Scripts/MyScript/utils/SeatHandler.ts from cce:/internal/x/prerequisite-imports as file:///F:/CocosProject/PLY_Dreamyroom_Cocos/assets/7.Scripts/MyScript/utils/SeatHandler.ts.
debug: Resolve file:///F:/CocosProject/PLY_Dreamyroom_Cocos/assets/7.Scripts/MyScript/utils/TurnOnSpine.ts from cce:/internal/x/prerequisite-imports as file:///F:/CocosProject/PLY_Dreamyroom_Cocos/assets/7.Scripts/MyScript/utils/TurnOnSpine.ts.
debug: Resolve file:///F:/CocosProject/PLY_Dreamyroom_Cocos/assets/7.Scripts/Pool/PoolControl.ts from cce:/internal/x/prerequisite-imports as file:///F:/CocosProject/PLY_Dreamyroom_Cocos/assets/7.Scripts/Pool/PoolControl.ts.
debug: Resolve file:///F:/CocosProject/PLY_Dreamyroom_Cocos/assets/7.Scripts/Pool/PoolManager.ts from cce:/internal/x/prerequisite-imports as file:///F:/CocosProject/PLY_Dreamyroom_Cocos/assets/7.Scripts/Pool/PoolManager.ts.
debug: Resolve file:///F:/CocosProject/PLY_Dreamyroom_Cocos/assets/7.Scripts/Pool/PoolMember.ts from cce:/internal/x/prerequisite-imports as file:///F:/CocosProject/PLY_Dreamyroom_Cocos/assets/7.Scripts/Pool/PoolMember.ts.
debug: Resolve file:///F:/CocosProject/PLY_Dreamyroom_Cocos/assets/7.Scripts/Tool/AppLovinAnalytics.ts from cce:/internal/x/prerequisite-imports as file:///F:/CocosProject/PLY_Dreamyroom_Cocos/assets/7.Scripts/Tool/AppLovinAnalytics.ts.
debug: Resolve file:///F:/CocosProject/PLY_Dreamyroom_Cocos/assets/7.Scripts/Tool/GameController.ts from cce:/internal/x/prerequisite-imports as file:///F:/CocosProject/PLY_Dreamyroom_Cocos/assets/7.Scripts/Tool/GameController.ts.
debug: Resolve file:///F:/CocosProject/PLY_Dreamyroom_Cocos/assets/7.Scripts/Tool/h5-helper.ts from cce:/internal/x/prerequisite-imports as file:///F:/CocosProject/PLY_Dreamyroom_Cocos/assets/7.Scripts/Tool/h5-helper.ts.
debug: Target(editor) ends with cost 161.99880003929138ms.
debug: Target(preview) build started.
debug: Detected change: cce:/internal/x/prerequisite-imports. Last mtime: Thu Jan 01 1970 07:02:40 GMT+0700 (Indochina Time), Current mtime: Thu Jan 01 1970 07:04:09 GMT+0700 (Indochina Time)
debug: Inspect cce:/internal/x/prerequisite-imports
debug: Resolve file:///C:/ProgramData/cocos/editors/Creator/3.7.4/resources/resources/3d/engine/editor/assets/tools/debug-view-runtime-control.ts from cce:/internal/x/prerequisite-imports as file:///C:/ProgramData/cocos/editors/Creator/3.7.4/resources/resources/3d/engine/editor/assets/tools/debug-view-runtime-control.ts.
debug: Resolve file:///F:/CocosProject/PLY_Dreamyroom_Cocos/assets/7.Scripts/Manager/AssetsManagerCustom.ts from cce:/internal/x/prerequisite-imports as file:///F:/CocosProject/PLY_Dreamyroom_Cocos/assets/7.Scripts/Manager/AssetsManagerCustom.ts.
debug: Resolve file:///F:/CocosProject/PLY_Dreamyroom_Cocos/assets/7.Scripts/Manager/Clock.ts from cce:/internal/x/prerequisite-imports as file:///F:/CocosProject/PLY_Dreamyroom_Cocos/assets/7.Scripts/Manager/Clock.ts.
debug: Resolve file:///F:/CocosProject/PLY_Dreamyroom_Cocos/assets/7.Scripts/Manager/InputManager.ts from cce:/internal/x/prerequisite-imports as file:///F:/CocosProject/PLY_Dreamyroom_Cocos/assets/7.Scripts/Manager/InputManager.ts.
debug: Resolve file:///F:/CocosProject/PLY_Dreamyroom_Cocos/assets/7.Scripts/Manager/Joystick.ts from cce:/internal/x/prerequisite-imports as file:///F:/CocosProject/PLY_Dreamyroom_Cocos/assets/7.Scripts/Manager/Joystick.ts.
debug: Resolve file:///F:/CocosProject/PLY_Dreamyroom_Cocos/assets/7.Scripts/Manager/MainCamera.ts from cce:/internal/x/prerequisite-imports as file:///F:/CocosProject/PLY_Dreamyroom_Cocos/assets/7.Scripts/Manager/MainCamera.ts.
debug: Resolve file:///F:/CocosProject/PLY_Dreamyroom_Cocos/assets/7.Scripts/Manager/PointerController.ts from cce:/internal/x/prerequisite-imports as file:///F:/CocosProject/PLY_Dreamyroom_Cocos/assets/7.Scripts/Manager/PointerController.ts.
debug: Resolve file:///F:/CocosProject/PLY_Dreamyroom_Cocos/assets/7.Scripts/Manager/SoundManager.ts from cce:/internal/x/prerequisite-imports as file:///F:/CocosProject/PLY_Dreamyroom_Cocos/assets/7.Scripts/Manager/SoundManager.ts.
debug: Resolve file:///F:/CocosProject/PLY_Dreamyroom_Cocos/assets/7.Scripts/Manager/UI.ts from cce:/internal/x/prerequisite-imports as file:///F:/CocosProject/PLY_Dreamyroom_Cocos/assets/7.Scripts/Manager/UI.ts.
debug: Resolve file:///F:/CocosProject/PLY_Dreamyroom_Cocos/assets/7.Scripts/Manager/VFX.ts from cce:/internal/x/prerequisite-imports as file:///F:/CocosProject/PLY_Dreamyroom_Cocos/assets/7.Scripts/Manager/VFX.ts.
debug: Resolve file:///F:/CocosProject/PLY_Dreamyroom_Cocos/assets/7.Scripts/Manager/World.ts from cce:/internal/x/prerequisite-imports as file:///F:/CocosProject/PLY_Dreamyroom_Cocos/assets/7.Scripts/Manager/World.ts.
debug: Resolve file:///F:/CocosProject/PLY_Dreamyroom_Cocos/assets/7.Scripts/MatchAsset/MatchSprite.ts from cce:/internal/x/prerequisite-imports as file:///F:/CocosProject/PLY_Dreamyroom_Cocos/assets/7.Scripts/MatchAsset/MatchSprite.ts.
debug: Resolve file:///F:/CocosProject/PLY_Dreamyroom_Cocos/assets/7.Scripts/MatchAsset/NodeOrder.ts from cce:/internal/x/prerequisite-imports as file:///F:/CocosProject/PLY_Dreamyroom_Cocos/assets/7.Scripts/MatchAsset/NodeOrder.ts.
debug: Resolve file:///F:/CocosProject/PLY_Dreamyroom_Cocos/assets/7.Scripts/MatchAsset/ReadImagePixel.ts from cce:/internal/x/prerequisite-imports as file:///F:/CocosProject/PLY_Dreamyroom_Cocos/assets/7.Scripts/MatchAsset/ReadImagePixel.ts.
debug: Resolve file:///F:/CocosProject/PLY_Dreamyroom_Cocos/assets/7.Scripts/MatchAsset/SpriteSizeSetter.ts from cce:/internal/x/prerequisite-imports as file:///F:/CocosProject/PLY_Dreamyroom_Cocos/assets/7.Scripts/MatchAsset/SpriteSizeSetter.ts.
debug: Resolve file:///F:/CocosProject/PLY_Dreamyroom_Cocos/assets/7.Scripts/MatchAsset/Ulis.ts from cce:/internal/x/prerequisite-imports as file:///F:/CocosProject/PLY_Dreamyroom_Cocos/assets/7.Scripts/MatchAsset/Ulis.ts.
debug: Resolve file:///F:/CocosProject/PLY_Dreamyroom_Cocos/assets/7.Scripts/Misc/AStar.ts from cce:/internal/x/prerequisite-imports as file:///F:/CocosProject/PLY_Dreamyroom_Cocos/assets/7.Scripts/Misc/AStar.ts.
debug: Resolve file:///F:/CocosProject/PLY_Dreamyroom_Cocos/assets/7.Scripts/Misc/Black.ts from cce:/internal/x/prerequisite-imports as file:///F:/CocosProject/PLY_Dreamyroom_Cocos/assets/7.Scripts/Misc/Black.ts.
debug: Resolve file:///F:/CocosProject/PLY_Dreamyroom_Cocos/assets/7.Scripts/Misc/Cloud.ts from cce:/internal/x/prerequisite-imports as file:///F:/CocosProject/PLY_Dreamyroom_Cocos/assets/7.Scripts/Misc/Cloud.ts.
debug: Resolve file:///F:/CocosProject/PLY_Dreamyroom_Cocos/assets/7.Scripts/Misc/IQ.ts from cce:/internal/x/prerequisite-imports as file:///F:/CocosProject/PLY_Dreamyroom_Cocos/assets/7.Scripts/Misc/IQ.ts.
debug: Resolve file:///F:/CocosProject/PLY_Dreamyroom_Cocos/assets/7.Scripts/Misc/MeshLoader.ts from cce:/internal/x/prerequisite-imports as file:///F:/CocosProject/PLY_Dreamyroom_Cocos/assets/7.Scripts/Misc/MeshLoader.ts.
debug: Resolve file:///F:/CocosProject/PLY_Dreamyroom_Cocos/assets/7.Scripts/Misc/SkinManager.ts from cce:/internal/x/prerequisite-imports as file:///F:/CocosProject/PLY_Dreamyroom_Cocos/assets/7.Scripts/Misc/SkinManager.ts.
debug: Resolve file:///F:/CocosProject/PLY_Dreamyroom_Cocos/assets/7.Scripts/Misc/SplineLineRenderer.ts from cce:/internal/x/prerequisite-imports as file:///F:/CocosProject/PLY_Dreamyroom_Cocos/assets/7.Scripts/Misc/SplineLineRenderer.ts.
debug: Resolve file:///F:/CocosProject/PLY_Dreamyroom_Cocos/assets/7.Scripts/Misc/Tooth.ts from cce:/internal/x/prerequisite-imports as file:///F:/CocosProject/PLY_Dreamyroom_Cocos/assets/7.Scripts/Misc/Tooth.ts.
debug: Resolve file:///F:/CocosProject/PLY_Dreamyroom_Cocos/assets/7.Scripts/Misc/Ulis.ts from cce:/internal/x/prerequisite-imports as file:///F:/CocosProject/PLY_Dreamyroom_Cocos/assets/7.Scripts/Misc/Ulis.ts.
debug: Resolve file:///F:/CocosProject/PLY_Dreamyroom_Cocos/assets/7.Scripts/MyScript/box/BoxController.ts from cce:/internal/x/prerequisite-imports as file:///F:/CocosProject/PLY_Dreamyroom_Cocos/assets/7.Scripts/MyScript/box/BoxController.ts.
debug: Resolve file:///F:/CocosProject/PLY_Dreamyroom_Cocos/assets/7.Scripts/MyScript/box/BoxGraphic.ts from cce:/internal/x/prerequisite-imports as file:///F:/CocosProject/PLY_Dreamyroom_Cocos/assets/7.Scripts/MyScript/box/BoxGraphic.ts.
debug: Resolve file:///F:/CocosProject/PLY_Dreamyroom_Cocos/assets/7.Scripts/MyScript/core/InputManager.ts from cce:/internal/x/prerequisite-imports as file:///F:/CocosProject/PLY_Dreamyroom_Cocos/assets/7.Scripts/MyScript/core/InputManager.ts.
debug: Resolve file:///F:/CocosProject/PLY_Dreamyroom_Cocos/assets/7.Scripts/MyScript/core/ObjectPool.ts from cce:/internal/x/prerequisite-imports as file:///F:/CocosProject/PLY_Dreamyroom_Cocos/assets/7.Scripts/MyScript/core/ObjectPool.ts.
debug: Resolve file:///F:/CocosProject/PLY_Dreamyroom_Cocos/assets/7.Scripts/MyScript/core/SoundManager.ts from cce:/internal/x/prerequisite-imports as file:///F:/CocosProject/PLY_Dreamyroom_Cocos/assets/7.Scripts/MyScript/core/SoundManager.ts.
debug: Resolve file:///F:/CocosProject/PLY_Dreamyroom_Cocos/assets/7.Scripts/MyScript/core/TweenUtil.ts from cce:/internal/x/prerequisite-imports as file:///F:/CocosProject/PLY_Dreamyroom_Cocos/assets/7.Scripts/MyScript/core/TweenUtil.ts.
debug: Resolve file:///F:/CocosProject/PLY_Dreamyroom_Cocos/assets/7.Scripts/MyScript/effects/BlinkEffect.ts from cce:/internal/x/prerequisite-imports as file:///F:/CocosProject/PLY_Dreamyroom_Cocos/assets/7.Scripts/MyScript/effects/BlinkEffect.ts.
debug: Resolve file:///F:/CocosProject/PLY_Dreamyroom_Cocos/assets/7.Scripts/MyScript/item/ItemController.ts from cce:/internal/x/prerequisite-imports as file:///F:/CocosProject/PLY_Dreamyroom_Cocos/assets/7.Scripts/MyScript/item/ItemController.ts.
debug: Resolve file:///F:/CocosProject/PLY_Dreamyroom_Cocos/assets/7.Scripts/MyScript/item/ItemGraphic.ts from cce:/internal/x/prerequisite-imports as file:///F:/CocosProject/PLY_Dreamyroom_Cocos/assets/7.Scripts/MyScript/item/ItemGraphic.ts.
debug: Resolve file:///F:/CocosProject/PLY_Dreamyroom_Cocos/assets/7.Scripts/MyScript/item/ItemMovement.ts from cce:/internal/x/prerequisite-imports as file:///F:/CocosProject/PLY_Dreamyroom_Cocos/assets/7.Scripts/MyScript/item/ItemMovement.ts.
debug: Resolve file:///F:/CocosProject/PLY_Dreamyroom_Cocos/assets/7.Scripts/MyScript/item/OpenItem.ts from cce:/internal/x/prerequisite-imports as file:///F:/CocosProject/PLY_Dreamyroom_Cocos/assets/7.Scripts/MyScript/item/OpenItem.ts.
debug: Resolve file:///F:/CocosProject/PLY_Dreamyroom_Cocos/assets/7.Scripts/MyScript/managers/BaseRoomManager.ts from cce:/internal/x/prerequisite-imports as file:///F:/CocosProject/PLY_Dreamyroom_Cocos/assets/7.Scripts/MyScript/managers/BaseRoomManager.ts.
debug: Resolve file:///F:/CocosProject/PLY_Dreamyroom_Cocos/assets/7.Scripts/MyScript/managers/BoxManager.ts from cce:/internal/x/prerequisite-imports as file:///F:/CocosProject/PLY_Dreamyroom_Cocos/assets/7.Scripts/MyScript/managers/BoxManager.ts.
debug: Resolve file:///F:/CocosProject/PLY_Dreamyroom_Cocos/assets/7.Scripts/MyScript/managers/ItemManager.ts from cce:/internal/x/prerequisite-imports as file:///F:/CocosProject/PLY_Dreamyroom_Cocos/assets/7.Scripts/MyScript/managers/ItemManager.ts.
debug: Resolve file:///F:/CocosProject/PLY_Dreamyroom_Cocos/assets/7.Scripts/MyScript/managers/ProgressTrackingManager.ts from cce:/internal/x/prerequisite-imports as file:///F:/CocosProject/PLY_Dreamyroom_Cocos/assets/7.Scripts/MyScript/managers/ProgressTrackingManager.ts.
debug: Detected change: file:///F:/CocosProject/PLY_Dreamyroom_Cocos/assets/7.Scripts/MyScript/managers/ProgressTrackingManager.ts. Last mtime: Mon Aug 17 2026 09:49:23 GMT+0700 (Indochina Time)@01f9a797-a3c5-4494-833e-348ebe65b0ee, Current mtime: Wed Aug 19 2026 13:40:13 GMT+0700 (Indochina Time)@01f9a797-a3c5-4494-833e-348ebe65b0ee
debug: Inspect file:///F:/CocosProject/PLY_Dreamyroom_Cocos/assets/7.Scripts/MyScript/managers/ProgressTrackingManager.ts
debug: Resolve cce:/internal/code-quality/cr.mjs from file:///F:/CocosProject/PLY_Dreamyroom_Cocos/assets/7.Scripts/MyScript/managers/ProgressTrackingManager.ts as cce:/internal/code-quality/cr.mjs.
debug: Resolve cc from file:///F:/CocosProject/PLY_Dreamyroom_Cocos/assets/7.Scripts/MyScript/managers/ProgressTrackingManager.ts as cce:/internal/x/cc.
debug: Resolve cc from file:///F:/CocosProject/PLY_Dreamyroom_Cocos/assets/7.Scripts/MyScript/managers/ProgressTrackingManager.ts as cce:/internal/x/cc.
debug: Resolve cc from file:///F:/CocosProject/PLY_Dreamyroom_Cocos/assets/7.Scripts/MyScript/managers/ProgressTrackingManager.ts as cce:/internal/x/cc.
debug: Resolve ./UIManager from file:///F:/CocosProject/PLY_Dreamyroom_Cocos/assets/7.Scripts/MyScript/managers/ProgressTrackingManager.ts as file:///F:/CocosProject/PLY_Dreamyroom_Cocos/assets/7.Scripts/MyScript/managers/UIManager.ts.
debug: Resolve ./ItemManager from file:///F:/CocosProject/PLY_Dreamyroom_Cocos/assets/7.Scripts/MyScript/managers/ProgressTrackingManager.ts as file:///F:/CocosProject/PLY_Dreamyroom_Cocos/assets/7.Scripts/MyScript/managers/ItemManager.ts.
debug: Resolve file:///F:/CocosProject/PLY_Dreamyroom_Cocos/assets/7.Scripts/MyScript/managers/UIManager.ts from cce:/internal/x/prerequisite-imports as file:///F:/CocosProject/PLY_Dreamyroom_Cocos/assets/7.Scripts/MyScript/managers/UIManager.ts.
debug: Resolve file:///F:/CocosProject/PLY_Dreamyroom_Cocos/assets/7.Scripts/MyScript/managers/WorldScrollManager.ts from cce:/internal/x/prerequisite-imports as file:///F:/CocosProject/PLY_Dreamyroom_Cocos/assets/7.Scripts/MyScript/managers/WorldScrollManager.ts.
debug: Resolve file:///F:/CocosProject/PLY_Dreamyroom_Cocos/assets/7.Scripts/MyScript/pipeline/SceneBuilder.ts from cce:/internal/x/prerequisite-imports as file:///F:/CocosProject/PLY_Dreamyroom_Cocos/assets/7.Scripts/MyScript/pipeline/SceneBuilder.ts.
debug: Resolve file:///F:/CocosProject/PLY_Dreamyroom_Cocos/assets/7.Scripts/MyScript/utils/BallFollowFill.ts from cce:/internal/x/prerequisite-imports as file:///F:/CocosProject/PLY_Dreamyroom_Cocos/assets/7.Scripts/MyScript/utils/BallFollowFill.ts.
debug: Resolve file:///F:/CocosProject/PLY_Dreamyroom_Cocos/assets/7.Scripts/MyScript/utils/BaseRoom.ts from cce:/internal/x/prerequisite-imports as file:///F:/CocosProject/PLY_Dreamyroom_Cocos/assets/7.Scripts/MyScript/utils/BaseRoom.ts.
debug: Resolve file:///F:/CocosProject/PLY_Dreamyroom_Cocos/assets/7.Scripts/MyScript/utils/ChangeLight.ts from cce:/internal/x/prerequisite-imports as file:///F:/CocosProject/PLY_Dreamyroom_Cocos/assets/7.Scripts/MyScript/utils/ChangeLight.ts.
debug: Resolve file:///F:/CocosProject/PLY_Dreamyroom_Cocos/assets/7.Scripts/MyScript/utils/HandOfBox.ts from cce:/internal/x/prerequisite-imports as file:///F:/CocosProject/PLY_Dreamyroom_Cocos/assets/7.Scripts/MyScript/utils/HandOfBox.ts.
debug: Resolve file:///F:/CocosProject/PLY_Dreamyroom_Cocos/assets/7.Scripts/MyScript/utils/HolderSlot.ts from cce:/internal/x/prerequisite-imports as file:///F:/CocosProject/PLY_Dreamyroom_Cocos/assets/7.Scripts/MyScript/utils/HolderSlot.ts.
debug: Resolve file:///F:/CocosProject/PLY_Dreamyroom_Cocos/assets/7.Scripts/MyScript/utils/SeatHandler.ts from cce:/internal/x/prerequisite-imports as file:///F:/CocosProject/PLY_Dreamyroom_Cocos/assets/7.Scripts/MyScript/utils/SeatHandler.ts.
debug: Resolve file:///F:/CocosProject/PLY_Dreamyroom_Cocos/assets/7.Scripts/MyScript/utils/TurnOnSpine.ts from cce:/internal/x/prerequisite-imports as file:///F:/CocosProject/PLY_Dreamyroom_Cocos/assets/7.Scripts/MyScript/utils/TurnOnSpine.ts.
debug: Resolve file:///F:/CocosProject/PLY_Dreamyroom_Cocos/assets/7.Scripts/Pool/PoolControl.ts from cce:/internal/x/prerequisite-imports as file:///F:/CocosProject/PLY_Dreamyroom_Cocos/assets/7.Scripts/Pool/PoolControl.ts.
debug: Resolve file:///F:/CocosProject/PLY_Dreamyroom_Cocos/assets/7.Scripts/Pool/PoolManager.ts from cce:/internal/x/prerequisite-imports as file:///F:/CocosProject/PLY_Dreamyroom_Cocos/assets/7.Scripts/Pool/PoolManager.ts.
debug: Resolve file:///F:/CocosProject/PLY_Dreamyroom_Cocos/assets/7.Scripts/Pool/PoolMember.ts from cce:/internal/x/prerequisite-imports as file:///F:/CocosProject/PLY_Dreamyroom_Cocos/assets/7.Scripts/Pool/PoolMember.ts.
debug: Resolve file:///F:/CocosProject/PLY_Dreamyroom_Cocos/assets/7.Scripts/Tool/AppLovinAnalytics.ts from cce:/internal/x/prerequisite-imports as file:///F:/CocosProject/PLY_Dreamyroom_Cocos/assets/7.Scripts/Tool/AppLovinAnalytics.ts.
debug: Resolve file:///F:/CocosProject/PLY_Dreamyroom_Cocos/assets/7.Scripts/Tool/GameController.ts from cce:/internal/x/prerequisite-imports as file:///F:/CocosProject/PLY_Dreamyroom_Cocos/assets/7.Scripts/Tool/GameController.ts.
debug: Resolve file:///F:/CocosProject/PLY_Dreamyroom_Cocos/assets/7.Scripts/Tool/h5-helper.ts from cce:/internal/x/prerequisite-imports as file:///F:/CocosProject/PLY_Dreamyroom_Cocos/assets/7.Scripts/Tool/h5-helper.ts.
debug: Target(preview) ends with cost 125.81940001249313ms.
debug: Dispatch build request for time accumulated 1 asset changes.
debug: Build iteration starts.
Number of accumulated asset changes: 1
Feature changed: false
debug: Target(editor) build started.
debug: Detected change: cce:/internal/x/prerequisite-imports. Last mtime: Thu Jan 01 1970 07:04:09 GMT+0700 (Indochina Time), Current mtime: Thu Jan 01 1970 07:11:48 GMT+0700 (Indochina Time)
debug: Inspect cce:/internal/x/prerequisite-imports
debug: Resolve file:///C:/ProgramData/cocos/editors/Creator/3.7.4/resources/resources/3d/engine/editor/assets/tools/debug-view-runtime-control.ts from cce:/internal/x/prerequisite-imports as file:///C:/ProgramData/cocos/editors/Creator/3.7.4/resources/resources/3d/engine/editor/assets/tools/debug-view-runtime-control.ts.
debug: Resolve file:///F:/CocosProject/PLY_Dreamyroom_Cocos/assets/7.Scripts/Manager/AssetsManagerCustom.ts from cce:/internal/x/prerequisite-imports as file:///F:/CocosProject/PLY_Dreamyroom_Cocos/assets/7.Scripts/Manager/AssetsManagerCustom.ts.
debug: Resolve file:///F:/CocosProject/PLY_Dreamyroom_Cocos/assets/7.Scripts/Manager/Clock.ts from cce:/internal/x/prerequisite-imports as file:///F:/CocosProject/PLY_Dreamyroom_Cocos/assets/7.Scripts/Manager/Clock.ts.
debug: Resolve file:///F:/CocosProject/PLY_Dreamyroom_Cocos/assets/7.Scripts/Manager/InputManager.ts from cce:/internal/x/prerequisite-imports as file:///F:/CocosProject/PLY_Dreamyroom_Cocos/assets/7.Scripts/Manager/InputManager.ts.
debug: Resolve file:///F:/CocosProject/PLY_Dreamyroom_Cocos/assets/7.Scripts/Manager/Joystick.ts from cce:/internal/x/prerequisite-imports as file:///F:/CocosProject/PLY_Dreamyroom_Cocos/assets/7.Scripts/Manager/Joystick.ts.
debug: Resolve file:///F:/CocosProject/PLY_Dreamyroom_Cocos/assets/7.Scripts/Manager/MainCamera.ts from cce:/internal/x/prerequisite-imports as file:///F:/CocosProject/PLY_Dreamyroom_Cocos/assets/7.Scripts/Manager/MainCamera.ts.
debug: Resolve file:///F:/CocosProject/PLY_Dreamyroom_Cocos/assets/7.Scripts/Manager/PointerController.ts from cce:/internal/x/prerequisite-imports as file:///F:/CocosProject/PLY_Dreamyroom_Cocos/assets/7.Scripts/Manager/PointerController.ts.
debug: Resolve file:///F:/CocosProject/PLY_Dreamyroom_Cocos/assets/7.Scripts/Manager/SoundManager.ts from cce:/internal/x/prerequisite-imports as file:///F:/CocosProject/PLY_Dreamyroom_Cocos/assets/7.Scripts/Manager/SoundManager.ts.
debug: Resolve file:///F:/CocosProject/PLY_Dreamyroom_Cocos/assets/7.Scripts/Manager/UI.ts from cce:/internal/x/prerequisite-imports as file:///F:/CocosProject/PLY_Dreamyroom_Cocos/assets/7.Scripts/Manager/UI.ts.
debug: Resolve file:///F:/CocosProject/PLY_Dreamyroom_Cocos/assets/7.Scripts/Manager/VFX.ts from cce:/internal/x/prerequisite-imports as file:///F:/CocosProject/PLY_Dreamyroom_Cocos/assets/7.Scripts/Manager/VFX.ts.
debug: Resolve file:///F:/CocosProject/PLY_Dreamyroom_Cocos/assets/7.Scripts/Manager/World.ts from cce:/internal/x/prerequisite-imports as file:///F:/CocosProject/PLY_Dreamyroom_Cocos/assets/7.Scripts/Manager/World.ts.
debug: Resolve file:///F:/CocosProject/PLY_Dreamyroom_Cocos/assets/7.Scripts/MatchAsset/MatchSprite.ts from cce:/internal/x/prerequisite-imports as file:///F:/CocosProject/PLY_Dreamyroom_Cocos/assets/7.Scripts/MatchAsset/MatchSprite.ts.
debug: Resolve file:///F:/CocosProject/PLY_Dreamyroom_Cocos/assets/7.Scripts/MatchAsset/NodeOrder.ts from cce:/internal/x/prerequisite-imports as file:///F:/CocosProject/PLY_Dreamyroom_Cocos/assets/7.Scripts/MatchAsset/NodeOrder.ts.
debug: Resolve file:///F:/CocosProject/PLY_Dreamyroom_Cocos/assets/7.Scripts/MatchAsset/ReadImagePixel.ts from cce:/internal/x/prerequisite-imports as file:///F:/CocosProject/PLY_Dreamyroom_Cocos/assets/7.Scripts/MatchAsset/ReadImagePixel.ts.
debug: Resolve file:///F:/CocosProject/PLY_Dreamyroom_Cocos/assets/7.Scripts/MatchAsset/SpriteSizeSetter.ts from cce:/internal/x/prerequisite-imports as file:///F:/CocosProject/PLY_Dreamyroom_Cocos/assets/7.Scripts/MatchAsset/SpriteSizeSetter.ts.
debug: Resolve file:///F:/CocosProject/PLY_Dreamyroom_Cocos/assets/7.Scripts/MatchAsset/Ulis.ts from cce:/internal/x/prerequisite-imports as file:///F:/CocosProject/PLY_Dreamyroom_Cocos/assets/7.Scripts/MatchAsset/Ulis.ts.
debug: Resolve file:///F:/CocosProject/PLY_Dreamyroom_Cocos/assets/7.Scripts/Misc/AStar.ts from cce:/internal/x/prerequisite-imports as file:///F:/CocosProject/PLY_Dreamyroom_Cocos/assets/7.Scripts/Misc/AStar.ts.
debug: Resolve file:///F:/CocosProject/PLY_Dreamyroom_Cocos/assets/7.Scripts/Misc/Black.ts from cce:/internal/x/prerequisite-imports as file:///F:/CocosProject/PLY_Dreamyroom_Cocos/assets/7.Scripts/Misc/Black.ts.
debug: Resolve file:///F:/CocosProject/PLY_Dreamyroom_Cocos/assets/7.Scripts/Misc/Cloud.ts from cce:/internal/x/prerequisite-imports as file:///F:/CocosProject/PLY_Dreamyroom_Cocos/assets/7.Scripts/Misc/Cloud.ts.
debug: Resolve file:///F:/CocosProject/PLY_Dreamyroom_Cocos/assets/7.Scripts/Misc/IQ.ts from cce:/internal/x/prerequisite-imports as file:///F:/CocosProject/PLY_Dreamyroom_Cocos/assets/7.Scripts/Misc/IQ.ts.
debug: Resolve file:///F:/CocosProject/PLY_Dreamyroom_Cocos/assets/7.Scripts/Misc/MeshLoader.ts from cce:/internal/x/prerequisite-imports as file:///F:/CocosProject/PLY_Dreamyroom_Cocos/assets/7.Scripts/Misc/MeshLoader.ts.
debug: Resolve file:///F:/CocosProject/PLY_Dreamyroom_Cocos/assets/7.Scripts/Misc/SkinManager.ts from cce:/internal/x/prerequisite-imports as file:///F:/CocosProject/PLY_Dreamyroom_Cocos/assets/7.Scripts/Misc/SkinManager.ts.
debug: Resolve file:///F:/CocosProject/PLY_Dreamyroom_Cocos/assets/7.Scripts/Misc/SplineLineRenderer.ts from cce:/internal/x/prerequisite-imports as file:///F:/CocosProject/PLY_Dreamyroom_Cocos/assets/7.Scripts/Misc/SplineLineRenderer.ts.
debug: Resolve file:///F:/CocosProject/PLY_Dreamyroom_Cocos/assets/7.Scripts/Misc/Tooth.ts from cce:/internal/x/prerequisite-imports as file:///F:/CocosProject/PLY_Dreamyroom_Cocos/assets/7.Scripts/Misc/Tooth.ts.
debug: Resolve file:///F:/CocosProject/PLY_Dreamyroom_Cocos/assets/7.Scripts/Misc/Ulis.ts from cce:/internal/x/prerequisite-imports as file:///F:/CocosProject/PLY_Dreamyroom_Cocos/assets/7.Scripts/Misc/Ulis.ts.
debug: Resolve file:///F:/CocosProject/PLY_Dreamyroom_Cocos/assets/7.Scripts/MyScript/box/BoxController.ts from cce:/internal/x/prerequisite-imports as file:///F:/CocosProject/PLY_Dreamyroom_Cocos/assets/7.Scripts/MyScript/box/BoxController.ts.
debug: Resolve file:///F:/CocosProject/PLY_Dreamyroom_Cocos/assets/7.Scripts/MyScript/box/BoxGraphic.ts from cce:/internal/x/prerequisite-imports as file:///F:/CocosProject/PLY_Dreamyroom_Cocos/assets/7.Scripts/MyScript/box/BoxGraphic.ts.
debug: Resolve file:///F:/CocosProject/PLY_Dreamyroom_Cocos/assets/7.Scripts/MyScript/core/InputManager.ts from cce:/internal/x/prerequisite-imports as file:///F:/CocosProject/PLY_Dreamyroom_Cocos/assets/7.Scripts/MyScript/core/InputManager.ts.
debug: Resolve file:///F:/CocosProject/PLY_Dreamyroom_Cocos/assets/7.Scripts/MyScript/core/ObjectPool.ts from cce:/internal/x/prerequisite-imports as file:///F:/CocosProject/PLY_Dreamyroom_Cocos/assets/7.Scripts/MyScript/core/ObjectPool.ts.
debug: Resolve file:///F:/CocosProject/PLY_Dreamyroom_Cocos/assets/7.Scripts/MyScript/core/SoundManager.ts from cce:/internal/x/prerequisite-imports as file:///F:/CocosProject/PLY_Dreamyroom_Cocos/assets/7.Scripts/MyScript/core/SoundManager.ts.
debug: Resolve file:///F:/CocosProject/PLY_Dreamyroom_Cocos/assets/7.Scripts/MyScript/core/TweenUtil.ts from cce:/internal/x/prerequisite-imports as file:///F:/CocosProject/PLY_Dreamyroom_Cocos/assets/7.Scripts/MyScript/core/TweenUtil.ts.
debug: Resolve file:///F:/CocosProject/PLY_Dreamyroom_Cocos/assets/7.Scripts/MyScript/effects/BlinkEffect.ts from cce:/internal/x/prerequisite-imports as file:///F:/CocosProject/PLY_Dreamyroom_Cocos/assets/7.Scripts/MyScript/effects/BlinkEffect.ts.
debug: Resolve file:///F:/CocosProject/PLY_Dreamyroom_Cocos/assets/7.Scripts/MyScript/item/ItemController.ts from cce:/internal/x/prerequisite-imports as file:///F:/CocosProject/PLY_Dreamyroom_Cocos/assets/7.Scripts/MyScript/item/ItemController.ts.
debug: Resolve file:///F:/CocosProject/PLY_Dreamyroom_Cocos/assets/7.Scripts/MyScript/item/ItemGraphic.ts from cce:/internal/x/prerequisite-imports as file:///F:/CocosProject/PLY_Dreamyroom_Cocos/assets/7.Scripts/MyScript/item/ItemGraphic.ts.
debug: Resolve file:///F:/CocosProject/PLY_Dreamyroom_Cocos/assets/7.Scripts/MyScript/item/ItemMovement.ts from cce:/internal/x/prerequisite-imports as file:///F:/CocosProject/PLY_Dreamyroom_Cocos/assets/7.Scripts/MyScript/item/ItemMovement.ts.
debug: Resolve file:///F:/CocosProject/PLY_Dreamyroom_Cocos/assets/7.Scripts/MyScript/item/OpenItem.ts from cce:/internal/x/prerequisite-imports as file:///F:/CocosProject/PLY_Dreamyroom_Cocos/assets/7.Scripts/MyScript/item/OpenItem.ts.
debug: Resolve file:///F:/CocosProject/PLY_Dreamyroom_Cocos/assets/7.Scripts/MyScript/managers/BaseRoomManager.ts from cce:/internal/x/prerequisite-imports as file:///F:/CocosProject/PLY_Dreamyroom_Cocos/assets/7.Scripts/MyScript/managers/BaseRoomManager.ts.
debug: Resolve file:///F:/CocosProject/PLY_Dreamyroom_Cocos/assets/7.Scripts/MyScript/managers/BoxManager.ts from cce:/internal/x/prerequisite-imports as file:///F:/CocosProject/PLY_Dreamyroom_Cocos/assets/7.Scripts/MyScript/managers/BoxManager.ts.
debug: Resolve file:///F:/CocosProject/PLY_Dreamyroom_Cocos/assets/7.Scripts/MyScript/managers/ItemManager.ts from cce:/internal/x/prerequisite-imports as file:///F:/CocosProject/PLY_Dreamyroom_Cocos/assets/7.Scripts/MyScript/managers/ItemManager.ts.
debug: Resolve file:///F:/CocosProject/PLY_Dreamyroom_Cocos/assets/7.Scripts/MyScript/managers/ProgressTrackingManager.ts from cce:/internal/x/prerequisite-imports as file:///F:/CocosProject/PLY_Dreamyroom_Cocos/assets/7.Scripts/MyScript/managers/ProgressTrackingManager.ts.
debug: Resolve file:///F:/CocosProject/PLY_Dreamyroom_Cocos/assets/7.Scripts/MyScript/managers/UIManager.ts from cce:/internal/x/prerequisite-imports as file:///F:/CocosProject/PLY_Dreamyroom_Cocos/assets/7.Scripts/MyScript/managers/UIManager.ts.
debug: Resolve file:///F:/CocosProject/PLY_Dreamyroom_Cocos/assets/7.Scripts/MyScript/managers/WorldScrollManager.ts from cce:/internal/x/prerequisite-imports as file:///F:/CocosProject/PLY_Dreamyroom_Cocos/assets/7.Scripts/MyScript/managers/WorldScrollManager.ts.
debug: Resolve file:///F:/CocosProject/PLY_Dreamyroom_Cocos/assets/7.Scripts/MyScript/pipeline/SceneBuilder.ts from cce:/internal/x/prerequisite-imports as file:///F:/CocosProject/PLY_Dreamyroom_Cocos/assets/7.Scripts/MyScript/pipeline/SceneBuilder.ts.
debug: Detected change: file:///F:/CocosProject/PLY_Dreamyroom_Cocos/assets/7.Scripts/MyScript/pipeline/SceneBuilder.ts. Last mtime: Mon Aug 17 2026 09:49:23 GMT+0700 (Indochina Time)@9823c617-75c7-4125-915f-7b7e2e3428d4, Current mtime: Wed Aug 19 2026 13:47:30 GMT+0700 (Indochina Time)@9823c617-75c7-4125-915f-7b7e2e3428d4
debug: Inspect file:///F:/CocosProject/PLY_Dreamyroom_Cocos/assets/7.Scripts/MyScript/pipeline/SceneBuilder.ts
debug: Resolve cc from file:///F:/CocosProject/PLY_Dreamyroom_Cocos/assets/7.Scripts/MyScript/pipeline/SceneBuilder.ts as cce:/internal/x/cc.
debug: Resolve cc from file:///F:/CocosProject/PLY_Dreamyroom_Cocos/assets/7.Scripts/MyScript/pipeline/SceneBuilder.ts as cce:/internal/x/cc.
debug: Resolve cc from file:///F:/CocosProject/PLY_Dreamyroom_Cocos/assets/7.Scripts/MyScript/pipeline/SceneBuilder.ts as cce:/internal/x/cc.
debug: Resolve cc/env from file:///F:/CocosProject/PLY_Dreamyroom_Cocos/assets/7.Scripts/MyScript/pipeline/SceneBuilder.ts as external dependency cc/env.
debug: Resolve file:///F:/CocosProject/PLY_Dreamyroom_Cocos/assets/7.Scripts/MyScript/utils/BallFollowFill.ts from cce:/internal/x/prerequisite-imports as file:///F:/CocosProject/PLY_Dreamyroom_Cocos/assets/7.Scripts/MyScript/utils/BallFollowFill.ts.
debug: Resolve file:///F:/CocosProject/PLY_Dreamyroom_Cocos/assets/7.Scripts/MyScript/utils/BaseRoom.ts from cce:/internal/x/prerequisite-imports as file:///F:/CocosProject/PLY_Dreamyroom_Cocos/assets/7.Scripts/MyScript/utils/BaseRoom.ts.
debug: Resolve file:///F:/CocosProject/PLY_Dreamyroom_Cocos/assets/7.Scripts/MyScript/utils/ChangeLight.ts from cce:/internal/x/prerequisite-imports as file:///F:/CocosProject/PLY_Dreamyroom_Cocos/assets/7.Scripts/MyScript/utils/ChangeLight.ts.
debug: Resolve file:///F:/CocosProject/PLY_Dreamyroom_Cocos/assets/7.Scripts/MyScript/utils/HandOfBox.ts from cce:/internal/x/prerequisite-imports as file:///F:/CocosProject/PLY_Dreamyroom_Cocos/assets/7.Scripts/MyScript/utils/HandOfBox.ts.
debug: Resolve file:///F:/CocosProject/PLY_Dreamyroom_Cocos/assets/7.Scripts/MyScript/utils/HolderSlot.ts from cce:/internal/x/prerequisite-imports as file:///F:/CocosProject/PLY_Dreamyroom_Cocos/assets/7.Scripts/MyScript/utils/HolderSlot.ts.
debug: Resolve file:///F:/CocosProject/PLY_Dreamyroom_Cocos/assets/7.Scripts/MyScript/utils/SeatHandler.ts from cce:/internal/x/prerequisite-imports as file:///F:/CocosProject/PLY_Dreamyroom_Cocos/assets/7.Scripts/MyScript/utils/SeatHandler.ts.
debug: Resolve file:///F:/CocosProject/PLY_Dreamyroom_Cocos/assets/7.Scripts/MyScript/utils/TurnOnSpine.ts from cce:/internal/x/prerequisite-imports as file:///F:/CocosProject/PLY_Dreamyroom_Cocos/assets/7.Scripts/MyScript/utils/TurnOnSpine.ts.
debug: Resolve file:///F:/CocosProject/PLY_Dreamyroom_Cocos/assets/7.Scripts/Pool/PoolControl.ts from cce:/internal/x/prerequisite-imports as file:///F:/CocosProject/PLY_Dreamyroom_Cocos/assets/7.Scripts/Pool/PoolControl.ts.
debug: Resolve file:///F:/CocosProject/PLY_Dreamyroom_Cocos/assets/7.Scripts/Pool/PoolManager.ts from cce:/internal/x/prerequisite-imports as file:///F:/CocosProject/PLY_Dreamyroom_Cocos/assets/7.Scripts/Pool/PoolManager.ts.
debug: Resolve file:///F:/CocosProject/PLY_Dreamyroom_Cocos/assets/7.Scripts/Pool/PoolMember.ts from cce:/internal/x/prerequisite-imports as file:///F:/CocosProject/PLY_Dreamyroom_Cocos/assets/7.Scripts/Pool/PoolMember.ts.
debug: Resolve file:///F:/CocosProject/PLY_Dreamyroom_Cocos/assets/7.Scripts/Tool/AppLovinAnalytics.ts from cce:/internal/x/prerequisite-imports as file:///F:/CocosProject/PLY_Dreamyroom_Cocos/assets/7.Scripts/Tool/AppLovinAnalytics.ts.
debug: Resolve file:///F:/CocosProject/PLY_Dreamyroom_Cocos/assets/7.Scripts/Tool/GameController.ts from cce:/internal/x/prerequisite-imports as file:///F:/CocosProject/PLY_Dreamyroom_Cocos/assets/7.Scripts/Tool/GameController.ts.
debug: Resolve file:///F:/CocosProject/PLY_Dreamyroom_Cocos/assets/7.Scripts/Tool/h5-helper.ts from cce:/internal/x/prerequisite-imports as file:///F:/CocosProject/PLY_Dreamyroom_Cocos/assets/7.Scripts/Tool/h5-helper.ts.
debug: Target(editor) ends with cost 206.16109997034073ms.
debug: Target(preview) build started.
debug: Detected change: cce:/internal/x/prerequisite-imports. Last mtime: Thu Jan 01 1970 07:04:09 GMT+0700 (Indochina Time), Current mtime: Thu Jan 01 1970 07:11:49 GMT+0700 (Indochina Time)
debug: Inspect cce:/internal/x/prerequisite-imports
debug: Resolve file:///C:/ProgramData/cocos/editors/Creator/3.7.4/resources/resources/3d/engine/editor/assets/tools/debug-view-runtime-control.ts from cce:/internal/x/prerequisite-imports as file:///C:/ProgramData/cocos/editors/Creator/3.7.4/resources/resources/3d/engine/editor/assets/tools/debug-view-runtime-control.ts.
debug: Resolve file:///F:/CocosProject/PLY_Dreamyroom_Cocos/assets/7.Scripts/Manager/AssetsManagerCustom.ts from cce:/internal/x/prerequisite-imports as file:///F:/CocosProject/PLY_Dreamyroom_Cocos/assets/7.Scripts/Manager/AssetsManagerCustom.ts.
debug: Resolve file:///F:/CocosProject/PLY_Dreamyroom_Cocos/assets/7.Scripts/Manager/Clock.ts from cce:/internal/x/prerequisite-imports as file:///F:/CocosProject/PLY_Dreamyroom_Cocos/assets/7.Scripts/Manager/Clock.ts.
debug: Resolve file:///F:/CocosProject/PLY_Dreamyroom_Cocos/assets/7.Scripts/Manager/InputManager.ts from cce:/internal/x/prerequisite-imports as file:///F:/CocosProject/PLY_Dreamyroom_Cocos/assets/7.Scripts/Manager/InputManager.ts.
debug: Resolve file:///F:/CocosProject/PLY_Dreamyroom_Cocos/assets/7.Scripts/Manager/Joystick.ts from cce:/internal/x/prerequisite-imports as file:///F:/CocosProject/PLY_Dreamyroom_Cocos/assets/7.Scripts/Manager/Joystick.ts.
debug: Resolve file:///F:/CocosProject/PLY_Dreamyroom_Cocos/assets/7.Scripts/Manager/MainCamera.ts from cce:/internal/x/prerequisite-imports as file:///F:/CocosProject/PLY_Dreamyroom_Cocos/assets/7.Scripts/Manager/MainCamera.ts.
debug: Resolve file:///F:/CocosProject/PLY_Dreamyroom_Cocos/assets/7.Scripts/Manager/PointerController.ts from cce:/internal/x/prerequisite-imports as file:///F:/CocosProject/PLY_Dreamyroom_Cocos/assets/7.Scripts/Manager/PointerController.ts.
debug: Resolve file:///F:/CocosProject/PLY_Dreamyroom_Cocos/assets/7.Scripts/Manager/SoundManager.ts from cce:/internal/x/prerequisite-imports as file:///F:/CocosProject/PLY_Dreamyroom_Cocos/assets/7.Scripts/Manager/SoundManager.ts.
debug: Resolve file:///F:/CocosProject/PLY_Dreamyroom_Cocos/assets/7.Scripts/Manager/UI.ts from cce:/internal/x/prerequisite-imports as file:///F:/CocosProject/PLY_Dreamyroom_Cocos/assets/7.Scripts/Manager/UI.ts.
debug: Resolve file:///F:/CocosProject/PLY_Dreamyroom_Cocos/assets/7.Scripts/Manager/VFX.ts from cce:/internal/x/prerequisite-imports as file:///F:/CocosProject/PLY_Dreamyroom_Cocos/assets/7.Scripts/Manager/VFX.ts.
debug: Resolve file:///F:/CocosProject/PLY_Dreamyroom_Cocos/assets/7.Scripts/Manager/World.ts from cce:/internal/x/prerequisite-imports as file:///F:/CocosProject/PLY_Dreamyroom_Cocos/assets/7.Scripts/Manager/World.ts.
debug: Resolve file:///F:/CocosProject/PLY_Dreamyroom_Cocos/assets/7.Scripts/MatchAsset/MatchSprite.ts from cce:/internal/x/prerequisite-imports as file:///F:/CocosProject/PLY_Dreamyroom_Cocos/assets/7.Scripts/MatchAsset/MatchSprite.ts.
debug: Resolve file:///F:/CocosProject/PLY_Dreamyroom_Cocos/assets/7.Scripts/MatchAsset/NodeOrder.ts from cce:/internal/x/prerequisite-imports as file:///F:/CocosProject/PLY_Dreamyroom_Cocos/assets/7.Scripts/MatchAsset/NodeOrder.ts.
debug: Resolve file:///F:/CocosProject/PLY_Dreamyroom_Cocos/assets/7.Scripts/MatchAsset/ReadImagePixel.ts from cce:/internal/x/prerequisite-imports as file:///F:/CocosProject/PLY_Dreamyroom_Cocos/assets/7.Scripts/MatchAsset/ReadImagePixel.ts.
debug: Resolve file:///F:/CocosProject/PLY_Dreamyroom_Cocos/assets/7.Scripts/MatchAsset/SpriteSizeSetter.ts from cce:/internal/x/prerequisite-imports as file:///F:/CocosProject/PLY_Dreamyroom_Cocos/assets/7.Scripts/MatchAsset/SpriteSizeSetter.ts.
debug: Resolve file:///F:/CocosProject/PLY_Dreamyroom_Cocos/assets/7.Scripts/MatchAsset/Ulis.ts from cce:/internal/x/prerequisite-imports as file:///F:/CocosProject/PLY_Dreamyroom_Cocos/assets/7.Scripts/MatchAsset/Ulis.ts.
debug: Resolve file:///F:/CocosProject/PLY_Dreamyroom_Cocos/assets/7.Scripts/Misc/AStar.ts from cce:/internal/x/prerequisite-imports as file:///F:/CocosProject/PLY_Dreamyroom_Cocos/assets/7.Scripts/Misc/AStar.ts.
debug: Resolve file:///F:/CocosProject/PLY_Dreamyroom_Cocos/assets/7.Scripts/Misc/Black.ts from cce:/internal/x/prerequisite-imports as file:///F:/CocosProject/PLY_Dreamyroom_Cocos/assets/7.Scripts/Misc/Black.ts.
debug: Resolve file:///F:/CocosProject/PLY_Dreamyroom_Cocos/assets/7.Scripts/Misc/Cloud.ts from cce:/internal/x/prerequisite-imports as file:///F:/CocosProject/PLY_Dreamyroom_Cocos/assets/7.Scripts/Misc/Cloud.ts.
debug: Resolve file:///F:/CocosProject/PLY_Dreamyroom_Cocos/assets/7.Scripts/Misc/IQ.ts from cce:/internal/x/prerequisite-imports as file:///F:/CocosProject/PLY_Dreamyroom_Cocos/assets/7.Scripts/Misc/IQ.ts.
debug: Resolve file:///F:/CocosProject/PLY_Dreamyroom_Cocos/assets/7.Scripts/Misc/MeshLoader.ts from cce:/internal/x/prerequisite-imports as file:///F:/CocosProject/PLY_Dreamyroom_Cocos/assets/7.Scripts/Misc/MeshLoader.ts.
debug: Resolve file:///F:/CocosProject/PLY_Dreamyroom_Cocos/assets/7.Scripts/Misc/SkinManager.ts from cce:/internal/x/prerequisite-imports as file:///F:/CocosProject/PLY_Dreamyroom_Cocos/assets/7.Scripts/Misc/SkinManager.ts.
debug: Resolve file:///F:/CocosProject/PLY_Dreamyroom_Cocos/assets/7.Scripts/Misc/SplineLineRenderer.ts from cce:/internal/x/prerequisite-imports as file:///F:/CocosProject/PLY_Dreamyroom_Cocos/assets/7.Scripts/Misc/SplineLineRenderer.ts.
debug: Resolve file:///F:/CocosProject/PLY_Dreamyroom_Cocos/assets/7.Scripts/Misc/Tooth.ts from cce:/internal/x/prerequisite-imports as file:///F:/CocosProject/PLY_Dreamyroom_Cocos/assets/7.Scripts/Misc/Tooth.ts.
debug: Resolve file:///F:/CocosProject/PLY_Dreamyroom_Cocos/assets/7.Scripts/Misc/Ulis.ts from cce:/internal/x/prerequisite-imports as file:///F:/CocosProject/PLY_Dreamyroom_Cocos/assets/7.Scripts/Misc/Ulis.ts.
debug: Resolve file:///F:/CocosProject/PLY_Dreamyroom_Cocos/assets/7.Scripts/MyScript/box/BoxController.ts from cce:/internal/x/prerequisite-imports as file:///F:/CocosProject/PLY_Dreamyroom_Cocos/assets/7.Scripts/MyScript/box/BoxController.ts.
debug: Resolve file:///F:/CocosProject/PLY_Dreamyroom_Cocos/assets/7.Scripts/MyScript/box/BoxGraphic.ts from cce:/internal/x/prerequisite-imports as file:///F:/CocosProject/PLY_Dreamyroom_Cocos/assets/7.Scripts/MyScript/box/BoxGraphic.ts.
debug: Resolve file:///F:/CocosProject/PLY_Dreamyroom_Cocos/assets/7.Scripts/MyScript/core/InputManager.ts from cce:/internal/x/prerequisite-imports as file:///F:/CocosProject/PLY_Dreamyroom_Cocos/assets/7.Scripts/MyScript/core/InputManager.ts.
debug: Resolve file:///F:/CocosProject/PLY_Dreamyroom_Cocos/assets/7.Scripts/MyScript/core/ObjectPool.ts from cce:/internal/x/prerequisite-imports as file:///F:/CocosProject/PLY_Dreamyroom_Cocos/assets/7.Scripts/MyScript/core/ObjectPool.ts.
debug: Resolve file:///F:/CocosProject/PLY_Dreamyroom_Cocos/assets/7.Scripts/MyScript/core/SoundManager.ts from cce:/internal/x/prerequisite-imports as file:///F:/CocosProject/PLY_Dreamyroom_Cocos/assets/7.Scripts/MyScript/core/SoundManager.ts.
debug: Resolve file:///F:/CocosProject/PLY_Dreamyroom_Cocos/assets/7.Scripts/MyScript/core/TweenUtil.ts from cce:/internal/x/prerequisite-imports as file:///F:/CocosProject/PLY_Dreamyroom_Cocos/assets/7.Scripts/MyScript/core/TweenUtil.ts.
debug: Resolve file:///F:/CocosProject/PLY_Dreamyroom_Cocos/assets/7.Scripts/MyScript/effects/BlinkEffect.ts from cce:/internal/x/prerequisite-imports as file:///F:/CocosProject/PLY_Dreamyroom_Cocos/assets/7.Scripts/MyScript/effects/BlinkEffect.ts.
debug: Resolve file:///F:/CocosProject/PLY_Dreamyroom_Cocos/assets/7.Scripts/MyScript/item/ItemController.ts from cce:/internal/x/prerequisite-imports as file:///F:/CocosProject/PLY_Dreamyroom_Cocos/assets/7.Scripts/MyScript/item/ItemController.ts.
debug: Resolve file:///F:/CocosProject/PLY_Dreamyroom_Cocos/assets/7.Scripts/MyScript/item/ItemGraphic.ts from cce:/internal/x/prerequisite-imports as file:///F:/CocosProject/PLY_Dreamyroom_Cocos/assets/7.Scripts/MyScript/item/ItemGraphic.ts.
debug: Resolve file:///F:/CocosProject/PLY_Dreamyroom_Cocos/assets/7.Scripts/MyScript/item/ItemMovement.ts from cce:/internal/x/prerequisite-imports as file:///F:/CocosProject/PLY_Dreamyroom_Cocos/assets/7.Scripts/MyScript/item/ItemMovement.ts.
debug: Resolve file:///F:/CocosProject/PLY_Dreamyroom_Cocos/assets/7.Scripts/MyScript/item/OpenItem.ts from cce:/internal/x/prerequisite-imports as file:///F:/CocosProject/PLY_Dreamyroom_Cocos/assets/7.Scripts/MyScript/item/OpenItem.ts.
debug: Resolve file:///F:/CocosProject/PLY_Dreamyroom_Cocos/assets/7.Scripts/MyScript/managers/BaseRoomManager.ts from cce:/internal/x/prerequisite-imports as file:///F:/CocosProject/PLY_Dreamyroom_Cocos/assets/7.Scripts/MyScript/managers/BaseRoomManager.ts.
debug: Resolve file:///F:/CocosProject/PLY_Dreamyroom_Cocos/assets/7.Scripts/MyScript/managers/BoxManager.ts from cce:/internal/x/prerequisite-imports as file:///F:/CocosProject/PLY_Dreamyroom_Cocos/assets/7.Scripts/MyScript/managers/BoxManager.ts.
debug: Resolve file:///F:/CocosProject/PLY_Dreamyroom_Cocos/assets/7.Scripts/MyScript/managers/ItemManager.ts from cce:/internal/x/prerequisite-imports as file:///F:/CocosProject/PLY_Dreamyroom_Cocos/assets/7.Scripts/MyScript/managers/ItemManager.ts.
debug: Resolve file:///F:/CocosProject/PLY_Dreamyroom_Cocos/assets/7.Scripts/MyScript/managers/ProgressTrackingManager.ts from cce:/internal/x/prerequisite-imports as file:///F:/CocosProject/PLY_Dreamyroom_Cocos/assets/7.Scripts/MyScript/managers/ProgressTrackingManager.ts.
debug: Resolve file:///F:/CocosProject/PLY_Dreamyroom_Cocos/assets/7.Scripts/MyScript/managers/UIManager.ts from cce:/internal/x/prerequisite-imports as file:///F:/CocosProject/PLY_Dreamyroom_Cocos/assets/7.Scripts/MyScript/managers/UIManager.ts.
debug: Resolve file:///F:/CocosProject/PLY_Dreamyroom_Cocos/assets/7.Scripts/MyScript/managers/WorldScrollManager.ts from cce:/internal/x/prerequisite-imports as file:///F:/CocosProject/PLY_Dreamyroom_Cocos/assets/7.Scripts/MyScript/managers/WorldScrollManager.ts.
debug: Resolve file:///F:/CocosProject/PLY_Dreamyroom_Cocos/assets/7.Scripts/MyScript/pipeline/SceneBuilder.ts from cce:/internal/x/prerequisite-imports as file:///F:/CocosProject/PLY_Dreamyroom_Cocos/assets/7.Scripts/MyScript/pipeline/SceneBuilder.ts.
debug: Detected change: file:///F:/CocosProject/PLY_Dreamyroom_Cocos/assets/7.Scripts/MyScript/pipeline/SceneBuilder.ts. Last mtime: Mon Aug 17 2026 09:49:23 GMT+0700 (Indochina Time)@9823c617-75c7-4125-915f-7b7e2e3428d4, Current mtime: Wed Aug 19 2026 13:47:30 GMT+0700 (Indochina Time)@9823c617-75c7-4125-915f-7b7e2e3428d4
debug: Inspect file:///F:/CocosProject/PLY_Dreamyroom_Cocos/assets/7.Scripts/MyScript/pipeline/SceneBuilder.ts
debug: Resolve cc from file:///F:/CocosProject/PLY_Dreamyroom_Cocos/assets/7.Scripts/MyScript/pipeline/SceneBuilder.ts as cce:/internal/x/cc.
debug: Resolve cc from file:///F:/CocosProject/PLY_Dreamyroom_Cocos/assets/7.Scripts/MyScript/pipeline/SceneBuilder.ts as cce:/internal/x/cc.
debug: Resolve cc from file:///F:/CocosProject/PLY_Dreamyroom_Cocos/assets/7.Scripts/MyScript/pipeline/SceneBuilder.ts as cce:/internal/x/cc.
debug: Resolve cc/env from file:///F:/CocosProject/PLY_Dreamyroom_Cocos/assets/7.Scripts/MyScript/pipeline/SceneBuilder.ts as external dependency cc/env.
debug: Resolve file:///F:/CocosProject/PLY_Dreamyroom_Cocos/assets/7.Scripts/MyScript/utils/BallFollowFill.ts from cce:/internal/x/prerequisite-imports as file:///F:/CocosProject/PLY_Dreamyroom_Cocos/assets/7.Scripts/MyScript/utils/BallFollowFill.ts.
debug: Resolve file:///F:/CocosProject/PLY_Dreamyroom_Cocos/assets/7.Scripts/MyScript/utils/BaseRoom.ts from cce:/internal/x/prerequisite-imports as file:///F:/CocosProject/PLY_Dreamyroom_Cocos/assets/7.Scripts/MyScript/utils/BaseRoom.ts.
debug: Resolve file:///F:/CocosProject/PLY_Dreamyroom_Cocos/assets/7.Scripts/MyScript/utils/ChangeLight.ts from cce:/internal/x/prerequisite-imports as file:///F:/CocosProject/PLY_Dreamyroom_Cocos/assets/7.Scripts/MyScript/utils/ChangeLight.ts.
debug: Resolve file:///F:/CocosProject/PLY_Dreamyroom_Cocos/assets/7.Scripts/MyScript/utils/HandOfBox.ts from cce:/internal/x/prerequisite-imports as file:///F:/CocosProject/PLY_Dreamyroom_Cocos/assets/7.Scripts/MyScript/utils/HandOfBox.ts.
debug: Resolve file:///F:/CocosProject/PLY_Dreamyroom_Cocos/assets/7.Scripts/MyScript/utils/HolderSlot.ts from cce:/internal/x/prerequisite-imports as file:///F:/CocosProject/PLY_Dreamyroom_Cocos/assets/7.Scripts/MyScript/utils/HolderSlot.ts.
debug: Resolve file:///F:/CocosProject/PLY_Dreamyroom_Cocos/assets/7.Scripts/MyScript/utils/SeatHandler.ts from cce:/internal/x/prerequisite-imports as file:///F:/CocosProject/PLY_Dreamyroom_Cocos/assets/7.Scripts/MyScript/utils/SeatHandler.ts.
debug: Resolve file:///F:/CocosProject/PLY_Dreamyroom_Cocos/assets/7.Scripts/MyScript/utils/TurnOnSpine.ts from cce:/internal/x/prerequisite-imports as file:///F:/CocosProject/PLY_Dreamyroom_Cocos/assets/7.Scripts/MyScript/utils/TurnOnSpine.ts.
debug: Resolve file:///F:/CocosProject/PLY_Dreamyroom_Cocos/assets/7.Scripts/Pool/PoolControl.ts from cce:/internal/x/prerequisite-imports as file:///F:/CocosProject/PLY_Dreamyroom_Cocos/assets/7.Scripts/Pool/PoolControl.ts.
debug: Resolve file:///F:/CocosProject/PLY_Dreamyroom_Cocos/assets/7.Scripts/Pool/PoolManager.ts from cce:/internal/x/prerequisite-imports as file:///F:/CocosProject/PLY_Dreamyroom_Cocos/assets/7.Scripts/Pool/PoolManager.ts.
debug: Resolve file:///F:/CocosProject/PLY_Dreamyroom_Cocos/assets/7.Scripts/Pool/PoolMember.ts from cce:/internal/x/prerequisite-imports as file:///F:/CocosProject/PLY_Dreamyroom_Cocos/assets/7.Scripts/Pool/PoolMember.ts.
debug: Resolve file:///F:/CocosProject/PLY_Dreamyroom_Cocos/assets/7.Scripts/Tool/AppLovinAnalytics.ts from cce:/internal/x/prerequisite-imports as file:///F:/CocosProject/PLY_Dreamyroom_Cocos/assets/7.Scripts/Tool/AppLovinAnalytics.ts.
debug: Resolve file:///F:/CocosProject/PLY_Dreamyroom_Cocos/assets/7.Scripts/Tool/GameController.ts from cce:/internal/x/prerequisite-imports as file:///F:/CocosProject/PLY_Dreamyroom_Cocos/assets/7.Scripts/Tool/GameController.ts.
debug: Resolve file:///F:/CocosProject/PLY_Dreamyroom_Cocos/assets/7.Scripts/Tool/h5-helper.ts from cce:/internal/x/prerequisite-imports as file:///F:/CocosProject/PLY_Dreamyroom_Cocos/assets/7.Scripts/Tool/h5-helper.ts.
debug: Target(preview) ends with cost 260.5995999574661ms.
debug: Dispatch build request for time accumulated 1 asset changes.
debug: Build iteration starts.
Number of accumulated asset changes: 1
Feature changed: false
debug: Target(editor) build started.
debug: Detected change: cce:/internal/x/prerequisite-imports. Last mtime: Thu Jan 01 1970 07:11:48 GMT+0700 (Indochina Time), Current mtime: Thu Jan 01 1970 07:18:15 GMT+0700 (Indochina Time)
debug: Inspect cce:/internal/x/prerequisite-imports
debug: Resolve file:///C:/ProgramData/cocos/editors/Creator/3.7.4/resources/resources/3d/engine/editor/assets/tools/debug-view-runtime-control.ts from cce:/internal/x/prerequisite-imports as file:///C:/ProgramData/cocos/editors/Creator/3.7.4/resources/resources/3d/engine/editor/assets/tools/debug-view-runtime-control.ts.
debug: Resolve file:///F:/CocosProject/PLY_Dreamyroom_Cocos/assets/7.Scripts/Manager/AssetsManagerCustom.ts from cce:/internal/x/prerequisite-imports as file:///F:/CocosProject/PLY_Dreamyroom_Cocos/assets/7.Scripts/Manager/AssetsManagerCustom.ts.
debug: Resolve file:///F:/CocosProject/PLY_Dreamyroom_Cocos/assets/7.Scripts/Manager/Clock.ts from cce:/internal/x/prerequisite-imports as file:///F:/CocosProject/PLY_Dreamyroom_Cocos/assets/7.Scripts/Manager/Clock.ts.
debug: Resolve file:///F:/CocosProject/PLY_Dreamyroom_Cocos/assets/7.Scripts/Manager/InputManager.ts from cce:/internal/x/prerequisite-imports as file:///F:/CocosProject/PLY_Dreamyroom_Cocos/assets/7.Scripts/Manager/InputManager.ts.
debug: Resolve file:///F:/CocosProject/PLY_Dreamyroom_Cocos/assets/7.Scripts/Manager/Joystick.ts from cce:/internal/x/prerequisite-imports as file:///F:/CocosProject/PLY_Dreamyroom_Cocos/assets/7.Scripts/Manager/Joystick.ts.
debug: Resolve file:///F:/CocosProject/PLY_Dreamyroom_Cocos/assets/7.Scripts/Manager/MainCamera.ts from cce:/internal/x/prerequisite-imports as file:///F:/CocosProject/PLY_Dreamyroom_Cocos/assets/7.Scripts/Manager/MainCamera.ts.
debug: Resolve file:///F:/CocosProject/PLY_Dreamyroom_Cocos/assets/7.Scripts/Manager/PointerController.ts from cce:/internal/x/prerequisite-imports as file:///F:/CocosProject/PLY_Dreamyroom_Cocos/assets/7.Scripts/Manager/PointerController.ts.
debug: Resolve file:///F:/CocosProject/PLY_Dreamyroom_Cocos/assets/7.Scripts/Manager/SoundManager.ts from cce:/internal/x/prerequisite-imports as file:///F:/CocosProject/PLY_Dreamyroom_Cocos/assets/7.Scripts/Manager/SoundManager.ts.
debug: Resolve file:///F:/CocosProject/PLY_Dreamyroom_Cocos/assets/7.Scripts/Manager/UI.ts from cce:/internal/x/prerequisite-imports as file:///F:/CocosProject/PLY_Dreamyroom_Cocos/assets/7.Scripts/Manager/UI.ts.
debug: Resolve file:///F:/CocosProject/PLY_Dreamyroom_Cocos/assets/7.Scripts/Manager/VFX.ts from cce:/internal/x/prerequisite-imports as file:///F:/CocosProject/PLY_Dreamyroom_Cocos/assets/7.Scripts/Manager/VFX.ts.
debug: Resolve file:///F:/CocosProject/PLY_Dreamyroom_Cocos/assets/7.Scripts/Manager/World.ts from cce:/internal/x/prerequisite-imports as file:///F:/CocosProject/PLY_Dreamyroom_Cocos/assets/7.Scripts/Manager/World.ts.
debug: Resolve file:///F:/CocosProject/PLY_Dreamyroom_Cocos/assets/7.Scripts/MatchAsset/MatchSprite.ts from cce:/internal/x/prerequisite-imports as file:///F:/CocosProject/PLY_Dreamyroom_Cocos/assets/7.Scripts/MatchAsset/MatchSprite.ts.
debug: Resolve file:///F:/CocosProject/PLY_Dreamyroom_Cocos/assets/7.Scripts/MatchAsset/NodeOrder.ts from cce:/internal/x/prerequisite-imports as file:///F:/CocosProject/PLY_Dreamyroom_Cocos/assets/7.Scripts/MatchAsset/NodeOrder.ts.
debug: Resolve file:///F:/CocosProject/PLY_Dreamyroom_Cocos/assets/7.Scripts/MatchAsset/ReadImagePixel.ts from cce:/internal/x/prerequisite-imports as file:///F:/CocosProject/PLY_Dreamyroom_Cocos/assets/7.Scripts/MatchAsset/ReadImagePixel.ts.
debug: Resolve file:///F:/CocosProject/PLY_Dreamyroom_Cocos/assets/7.Scripts/MatchAsset/SpriteSizeSetter.ts from cce:/internal/x/prerequisite-imports as file:///F:/CocosProject/PLY_Dreamyroom_Cocos/assets/7.Scripts/MatchAsset/SpriteSizeSetter.ts.
debug: Resolve file:///F:/CocosProject/PLY_Dreamyroom_Cocos/assets/7.Scripts/MatchAsset/Ulis.ts from cce:/internal/x/prerequisite-imports as file:///F:/CocosProject/PLY_Dreamyroom_Cocos/assets/7.Scripts/MatchAsset/Ulis.ts.
debug: Resolve file:///F:/CocosProject/PLY_Dreamyroom_Cocos/assets/7.Scripts/Misc/AStar.ts from cce:/internal/x/prerequisite-imports as file:///F:/CocosProject/PLY_Dreamyroom_Cocos/assets/7.Scripts/Misc/AStar.ts.
debug: Resolve file:///F:/CocosProject/PLY_Dreamyroom_Cocos/assets/7.Scripts/Misc/Black.ts from cce:/internal/x/prerequisite-imports as file:///F:/CocosProject/PLY_Dreamyroom_Cocos/assets/7.Scripts/Misc/Black.ts.
debug: Resolve file:///F:/CocosProject/PLY_Dreamyroom_Cocos/assets/7.Scripts/Misc/Cloud.ts from cce:/internal/x/prerequisite-imports as file:///F:/CocosProject/PLY_Dreamyroom_Cocos/assets/7.Scripts/Misc/Cloud.ts.
debug: Resolve file:///F:/CocosProject/PLY_Dreamyroom_Cocos/assets/7.Scripts/Misc/IQ.ts from cce:/internal/x/prerequisite-imports as file:///F:/CocosProject/PLY_Dreamyroom_Cocos/assets/7.Scripts/Misc/IQ.ts.
debug: Resolve file:///F:/CocosProject/PLY_Dreamyroom_Cocos/assets/7.Scripts/Misc/MeshLoader.ts from cce:/internal/x/prerequisite-imports as file:///F:/CocosProject/PLY_Dreamyroom_Cocos/assets/7.Scripts/Misc/MeshLoader.ts.
debug: Resolve file:///F:/CocosProject/PLY_Dreamyroom_Cocos/assets/7.Scripts/Misc/SkinManager.ts from cce:/internal/x/prerequisite-imports as file:///F:/CocosProject/PLY_Dreamyroom_Cocos/assets/7.Scripts/Misc/SkinManager.ts.
debug: Resolve file:///F:/CocosProject/PLY_Dreamyroom_Cocos/assets/7.Scripts/Misc/SplineLineRenderer.ts from cce:/internal/x/prerequisite-imports as file:///F:/CocosProject/PLY_Dreamyroom_Cocos/assets/7.Scripts/Misc/SplineLineRenderer.ts.
debug: Resolve file:///F:/CocosProject/PLY_Dreamyroom_Cocos/assets/7.Scripts/Misc/Tooth.ts from cce:/internal/x/prerequisite-imports as file:///F:/CocosProject/PLY_Dreamyroom_Cocos/assets/7.Scripts/Misc/Tooth.ts.
debug: Resolve file:///F:/CocosProject/PLY_Dreamyroom_Cocos/assets/7.Scripts/Misc/Ulis.ts from cce:/internal/x/prerequisite-imports as file:///F:/CocosProject/PLY_Dreamyroom_Cocos/assets/7.Scripts/Misc/Ulis.ts.
debug: Resolve file:///F:/CocosProject/PLY_Dreamyroom_Cocos/assets/7.Scripts/MyScript/box/BoxController.ts from cce:/internal/x/prerequisite-imports as file:///F:/CocosProject/PLY_Dreamyroom_Cocos/assets/7.Scripts/MyScript/box/BoxController.ts.
debug: Resolve file:///F:/CocosProject/PLY_Dreamyroom_Cocos/assets/7.Scripts/MyScript/box/BoxGraphic.ts from cce:/internal/x/prerequisite-imports as file:///F:/CocosProject/PLY_Dreamyroom_Cocos/assets/7.Scripts/MyScript/box/BoxGraphic.ts.
debug: Resolve file:///F:/CocosProject/PLY_Dreamyroom_Cocos/assets/7.Scripts/MyScript/core/InputManager.ts from cce:/internal/x/prerequisite-imports as file:///F:/CocosProject/PLY_Dreamyroom_Cocos/assets/7.Scripts/MyScript/core/InputManager.ts.
debug: Resolve file:///F:/CocosProject/PLY_Dreamyroom_Cocos/assets/7.Scripts/MyScript/core/ObjectPool.ts from cce:/internal/x/prerequisite-imports as file:///F:/CocosProject/PLY_Dreamyroom_Cocos/assets/7.Scripts/MyScript/core/ObjectPool.ts.
debug: Resolve file:///F:/CocosProject/PLY_Dreamyroom_Cocos/assets/7.Scripts/MyScript/core/SoundManager.ts from cce:/internal/x/prerequisite-imports as file:///F:/CocosProject/PLY_Dreamyroom_Cocos/assets/7.Scripts/MyScript/core/SoundManager.ts.
debug: Resolve file:///F:/CocosProject/PLY_Dreamyroom_Cocos/assets/7.Scripts/MyScript/core/TweenUtil.ts from cce:/internal/x/prerequisite-imports as file:///F:/CocosProject/PLY_Dreamyroom_Cocos/assets/7.Scripts/MyScript/core/TweenUtil.ts.
debug: Resolve file:///F:/CocosProject/PLY_Dreamyroom_Cocos/assets/7.Scripts/MyScript/effects/BlinkEffect.ts from cce:/internal/x/prerequisite-imports as file:///F:/CocosProject/PLY_Dreamyroom_Cocos/assets/7.Scripts/MyScript/effects/BlinkEffect.ts.
debug: Resolve file:///F:/CocosProject/PLY_Dreamyroom_Cocos/assets/7.Scripts/MyScript/item/ItemController.ts from cce:/internal/x/prerequisite-imports as file:///F:/CocosProject/PLY_Dreamyroom_Cocos/assets/7.Scripts/MyScript/item/ItemController.ts.
debug: Resolve file:///F:/CocosProject/PLY_Dreamyroom_Cocos/assets/7.Scripts/MyScript/item/ItemGraphic.ts from cce:/internal/x/prerequisite-imports as file:///F:/CocosProject/PLY_Dreamyroom_Cocos/assets/7.Scripts/MyScript/item/ItemGraphic.ts.
debug: Resolve file:///F:/CocosProject/PLY_Dreamyroom_Cocos/assets/7.Scripts/MyScript/item/ItemMovement.ts from cce:/internal/x/prerequisite-imports as file:///F:/CocosProject/PLY_Dreamyroom_Cocos/assets/7.Scripts/MyScript/item/ItemMovement.ts.
debug: Resolve file:///F:/CocosProject/PLY_Dreamyroom_Cocos/assets/7.Scripts/MyScript/item/OpenItem.ts from cce:/internal/x/prerequisite-imports as file:///F:/CocosProject/PLY_Dreamyroom_Cocos/assets/7.Scripts/MyScript/item/OpenItem.ts.
debug: Resolve file:///F:/CocosProject/PLY_Dreamyroom_Cocos/assets/7.Scripts/MyScript/managers/BaseRoomManager.ts from cce:/internal/x/prerequisite-imports as file:///F:/CocosProject/PLY_Dreamyroom_Cocos/assets/7.Scripts/MyScript/managers/BaseRoomManager.ts.
debug: Resolve file:///F:/CocosProject/PLY_Dreamyroom_Cocos/assets/7.Scripts/MyScript/managers/BoxManager.ts from cce:/internal/x/prerequisite-imports as file:///F:/CocosProject/PLY_Dreamyroom_Cocos/assets/7.Scripts/MyScript/managers/BoxManager.ts.
debug: Resolve file:///F:/CocosProject/PLY_Dreamyroom_Cocos/assets/7.Scripts/MyScript/managers/ItemManager.ts from cce:/internal/x/prerequisite-imports as file:///F:/CocosProject/PLY_Dreamyroom_Cocos/assets/7.Scripts/MyScript/managers/ItemManager.ts.
debug: Resolve file:///F:/CocosProject/PLY_Dreamyroom_Cocos/assets/7.Scripts/MyScript/managers/ProgressTrackingManager.ts from cce:/internal/x/prerequisite-imports as file:///F:/CocosProject/PLY_Dreamyroom_Cocos/assets/7.Scripts/MyScript/managers/ProgressTrackingManager.ts.
debug: Resolve file:///F:/CocosProject/PLY_Dreamyroom_Cocos/assets/7.Scripts/MyScript/managers/UIManager.ts from cce:/internal/x/prerequisite-imports as file:///F:/CocosProject/PLY_Dreamyroom_Cocos/assets/7.Scripts/MyScript/managers/UIManager.ts.
debug: Resolve file:///F:/CocosProject/PLY_Dreamyroom_Cocos/assets/7.Scripts/MyScript/managers/WorldScrollManager.ts from cce:/internal/x/prerequisite-imports as file:///F:/CocosProject/PLY_Dreamyroom_Cocos/assets/7.Scripts/MyScript/managers/WorldScrollManager.ts.
debug: Resolve file:///F:/CocosProject/PLY_Dreamyroom_Cocos/assets/7.Scripts/MyScript/pipeline/SceneBuilder.ts from cce:/internal/x/prerequisite-imports as file:///F:/CocosProject/PLY_Dreamyroom_Cocos/assets/7.Scripts/MyScript/pipeline/SceneBuilder.ts.
debug: Detected change: file:///F:/CocosProject/PLY_Dreamyroom_Cocos/assets/7.Scripts/MyScript/pipeline/SceneBuilder.ts. Last mtime: Wed Aug 19 2026 13:47:30 GMT+0700 (Indochina Time)@9823c617-75c7-4125-915f-7b7e2e3428d4, Current mtime: Wed Aug 19 2026 13:54:01 GMT+0700 (Indochina Time)@9823c617-75c7-4125-915f-7b7e2e3428d4
debug: Inspect file:///F:/CocosProject/PLY_Dreamyroom_Cocos/assets/7.Scripts/MyScript/pipeline/SceneBuilder.ts
debug: Resolve cc from file:///F:/CocosProject/PLY_Dreamyroom_Cocos/assets/7.Scripts/MyScript/pipeline/SceneBuilder.ts as cce:/internal/x/cc.
debug: Resolve cc from file:///F:/CocosProject/PLY_Dreamyroom_Cocos/assets/7.Scripts/MyScript/pipeline/SceneBuilder.ts as cce:/internal/x/cc.
debug: Resolve cc from file:///F:/CocosProject/PLY_Dreamyroom_Cocos/assets/7.Scripts/MyScript/pipeline/SceneBuilder.ts as cce:/internal/x/cc.
debug: Resolve cc/env from file:///F:/CocosProject/PLY_Dreamyroom_Cocos/assets/7.Scripts/MyScript/pipeline/SceneBuilder.ts as external dependency cc/env.
debug: Resolve file:///F:/CocosProject/PLY_Dreamyroom_Cocos/assets/7.Scripts/MyScript/utils/BallFollowFill.ts from cce:/internal/x/prerequisite-imports as file:///F:/CocosProject/PLY_Dreamyroom_Cocos/assets/7.Scripts/MyScript/utils/BallFollowFill.ts.
debug: Resolve file:///F:/CocosProject/PLY_Dreamyroom_Cocos/assets/7.Scripts/MyScript/utils/BaseRoom.ts from cce:/internal/x/prerequisite-imports as file:///F:/CocosProject/PLY_Dreamyroom_Cocos/assets/7.Scripts/MyScript/utils/BaseRoom.ts.
debug: Resolve file:///F:/CocosProject/PLY_Dreamyroom_Cocos/assets/7.Scripts/MyScript/utils/ChangeLight.ts from cce:/internal/x/prerequisite-imports as file:///F:/CocosProject/PLY_Dreamyroom_Cocos/assets/7.Scripts/MyScript/utils/ChangeLight.ts.
debug: Resolve file:///F:/CocosProject/PLY_Dreamyroom_Cocos/assets/7.Scripts/MyScript/utils/HandOfBox.ts from cce:/internal/x/prerequisite-imports as file:///F:/CocosProject/PLY_Dreamyroom_Cocos/assets/7.Scripts/MyScript/utils/HandOfBox.ts.
debug: Resolve file:///F:/CocosProject/PLY_Dreamyroom_Cocos/assets/7.Scripts/MyScript/utils/HolderSlot.ts from cce:/internal/x/prerequisite-imports as file:///F:/CocosProject/PLY_Dreamyroom_Cocos/assets/7.Scripts/MyScript/utils/HolderSlot.ts.
debug: Resolve file:///F:/CocosProject/PLY_Dreamyroom_Cocos/assets/7.Scripts/MyScript/utils/SeatHandler.ts from cce:/internal/x/prerequisite-imports as file:///F:/CocosProject/PLY_Dreamyroom_Cocos/assets/7.Scripts/MyScript/utils/SeatHandler.ts.
debug: Resolve file:///F:/CocosProject/PLY_Dreamyroom_Cocos/assets/7.Scripts/MyScript/utils/TurnOnSpine.ts from cce:/internal/x/prerequisite-imports as file:///F:/CocosProject/PLY_Dreamyroom_Cocos/assets/7.Scripts/MyScript/utils/TurnOnSpine.ts.
debug: Resolve file:///F:/CocosProject/PLY_Dreamyroom_Cocos/assets/7.Scripts/Pool/PoolControl.ts from cce:/internal/x/prerequisite-imports as file:///F:/CocosProject/PLY_Dreamyroom_Cocos/assets/7.Scripts/Pool/PoolControl.ts.
debug: Resolve file:///F:/CocosProject/PLY_Dreamyroom_Cocos/assets/7.Scripts/Pool/PoolManager.ts from cce:/internal/x/prerequisite-imports as file:///F:/CocosProject/PLY_Dreamyroom_Cocos/assets/7.Scripts/Pool/PoolManager.ts.
debug: Resolve file:///F:/CocosProject/PLY_Dreamyroom_Cocos/assets/7.Scripts/Pool/PoolMember.ts from cce:/internal/x/prerequisite-imports as file:///F:/CocosProject/PLY_Dreamyroom_Cocos/assets/7.Scripts/Pool/PoolMember.ts.
debug: Resolve file:///F:/CocosProject/PLY_Dreamyroom_Cocos/assets/7.Scripts/Tool/AppLovinAnalytics.ts from cce:/internal/x/prerequisite-imports as file:///F:/CocosProject/PLY_Dreamyroom_Cocos/assets/7.Scripts/Tool/AppLovinAnalytics.ts.
debug: Resolve file:///F:/CocosProject/PLY_Dreamyroom_Cocos/assets/7.Scripts/Tool/GameController.ts from cce:/internal/x/prerequisite-imports as file:///F:/CocosProject/PLY_Dreamyroom_Cocos/assets/7.Scripts/Tool/GameController.ts.
debug: Resolve file:///F:/CocosProject/PLY_Dreamyroom_Cocos/assets/7.Scripts/Tool/h5-helper.ts from cce:/internal/x/prerequisite-imports as file:///F:/CocosProject/PLY_Dreamyroom_Cocos/assets/7.Scripts/Tool/h5-helper.ts.
debug: Target(editor) ends with cost 176.66600000858307ms.
debug: Target(preview) build started.
debug: Detected change: cce:/internal/x/prerequisite-imports. Last mtime: Thu Jan 01 1970 07:11:49 GMT+0700 (Indochina Time), Current mtime: Thu Jan 01 1970 07:18:16 GMT+0700 (Indochina Time)
debug: Inspect cce:/internal/x/prerequisite-imports
debug: Resolve file:///C:/ProgramData/cocos/editors/Creator/3.7.4/resources/resources/3d/engine/editor/assets/tools/debug-view-runtime-control.ts from cce:/internal/x/prerequisite-imports as file:///C:/ProgramData/cocos/editors/Creator/3.7.4/resources/resources/3d/engine/editor/assets/tools/debug-view-runtime-control.ts.
debug: Resolve file:///F:/CocosProject/PLY_Dreamyroom_Cocos/assets/7.Scripts/Manager/AssetsManagerCustom.ts from cce:/internal/x/prerequisite-imports as file:///F:/CocosProject/PLY_Dreamyroom_Cocos/assets/7.Scripts/Manager/AssetsManagerCustom.ts.
debug: Resolve file:///F:/CocosProject/PLY_Dreamyroom_Cocos/assets/7.Scripts/Manager/Clock.ts from cce:/internal/x/prerequisite-imports as file:///F:/CocosProject/PLY_Dreamyroom_Cocos/assets/7.Scripts/Manager/Clock.ts.
debug: Resolve file:///F:/CocosProject/PLY_Dreamyroom_Cocos/assets/7.Scripts/Manager/InputManager.ts from cce:/internal/x/prerequisite-imports as file:///F:/CocosProject/PLY_Dreamyroom_Cocos/assets/7.Scripts/Manager/InputManager.ts.
debug: Resolve file:///F:/CocosProject/PLY_Dreamyroom_Cocos/assets/7.Scripts/Manager/Joystick.ts from cce:/internal/x/prerequisite-imports as file:///F:/CocosProject/PLY_Dreamyroom_Cocos/assets/7.Scripts/Manager/Joystick.ts.
debug: Resolve file:///F:/CocosProject/PLY_Dreamyroom_Cocos/assets/7.Scripts/Manager/MainCamera.ts from cce:/internal/x/prerequisite-imports as file:///F:/CocosProject/PLY_Dreamyroom_Cocos/assets/7.Scripts/Manager/MainCamera.ts.
debug: Resolve file:///F:/CocosProject/PLY_Dreamyroom_Cocos/assets/7.Scripts/Manager/PointerController.ts from cce:/internal/x/prerequisite-imports as file:///F:/CocosProject/PLY_Dreamyroom_Cocos/assets/7.Scripts/Manager/PointerController.ts.
debug: Resolve file:///F:/CocosProject/PLY_Dreamyroom_Cocos/assets/7.Scripts/Manager/SoundManager.ts from cce:/internal/x/prerequisite-imports as file:///F:/CocosProject/PLY_Dreamyroom_Cocos/assets/7.Scripts/Manager/SoundManager.ts.
debug: Resolve file:///F:/CocosProject/PLY_Dreamyroom_Cocos/assets/7.Scripts/Manager/UI.ts from cce:/internal/x/prerequisite-imports as file:///F:/CocosProject/PLY_Dreamyroom_Cocos/assets/7.Scripts/Manager/UI.ts.
debug: Resolve file:///F:/CocosProject/PLY_Dreamyroom_Cocos/assets/7.Scripts/Manager/VFX.ts from cce:/internal/x/prerequisite-imports as file:///F:/CocosProject/PLY_Dreamyroom_Cocos/assets/7.Scripts/Manager/VFX.ts.
debug: Resolve file:///F:/CocosProject/PLY_Dreamyroom_Cocos/assets/7.Scripts/Manager/World.ts from cce:/internal/x/prerequisite-imports as file:///F:/CocosProject/PLY_Dreamyroom_Cocos/assets/7.Scripts/Manager/World.ts.
debug: Resolve file:///F:/CocosProject/PLY_Dreamyroom_Cocos/assets/7.Scripts/MatchAsset/MatchSprite.ts from cce:/internal/x/prerequisite-imports as file:///F:/CocosProject/PLY_Dreamyroom_Cocos/assets/7.Scripts/MatchAsset/MatchSprite.ts.
debug: Resolve file:///F:/CocosProject/PLY_Dreamyroom_Cocos/assets/7.Scripts/MatchAsset/NodeOrder.ts from cce:/internal/x/prerequisite-imports as file:///F:/CocosProject/PLY_Dreamyroom_Cocos/assets/7.Scripts/MatchAsset/NodeOrder.ts.
debug: Resolve file:///F:/CocosProject/PLY_Dreamyroom_Cocos/assets/7.Scripts/MatchAsset/ReadImagePixel.ts from cce:/internal/x/prerequisite-imports as file:///F:/CocosProject/PLY_Dreamyroom_Cocos/assets/7.Scripts/MatchAsset/ReadImagePixel.ts.
debug: Resolve file:///F:/CocosProject/PLY_Dreamyroom_Cocos/assets/7.Scripts/MatchAsset/SpriteSizeSetter.ts from cce:/internal/x/prerequisite-imports as file:///F:/CocosProject/PLY_Dreamyroom_Cocos/assets/7.Scripts/MatchAsset/SpriteSizeSetter.ts.
debug: Resolve file:///F:/CocosProject/PLY_Dreamyroom_Cocos/assets/7.Scripts/MatchAsset/Ulis.ts from cce:/internal/x/prerequisite-imports as file:///F:/CocosProject/PLY_Dreamyroom_Cocos/assets/7.Scripts/MatchAsset/Ulis.ts.
debug: Resolve file:///F:/CocosProject/PLY_Dreamyroom_Cocos/assets/7.Scripts/Misc/AStar.ts from cce:/internal/x/prerequisite-imports as file:///F:/CocosProject/PLY_Dreamyroom_Cocos/assets/7.Scripts/Misc/AStar.ts.
debug: Resolve file:///F:/CocosProject/PLY_Dreamyroom_Cocos/assets/7.Scripts/Misc/Black.ts from cce:/internal/x/prerequisite-imports as file:///F:/CocosProject/PLY_Dreamyroom_Cocos/assets/7.Scripts/Misc/Black.ts.
debug: Resolve file:///F:/CocosProject/PLY_Dreamyroom_Cocos/assets/7.Scripts/Misc/Cloud.ts from cce:/internal/x/prerequisite-imports as file:///F:/CocosProject/PLY_Dreamyroom_Cocos/assets/7.Scripts/Misc/Cloud.ts.
debug: Resolve file:///F:/CocosProject/PLY_Dreamyroom_Cocos/assets/7.Scripts/Misc/IQ.ts from cce:/internal/x/prerequisite-imports as file:///F:/CocosProject/PLY_Dreamyroom_Cocos/assets/7.Scripts/Misc/IQ.ts.
debug: Resolve file:///F:/CocosProject/PLY_Dreamyroom_Cocos/assets/7.Scripts/Misc/MeshLoader.ts from cce:/internal/x/prerequisite-imports as file:///F:/CocosProject/PLY_Dreamyroom_Cocos/assets/7.Scripts/Misc/MeshLoader.ts.
debug: Resolve file:///F:/CocosProject/PLY_Dreamyroom_Cocos/assets/7.Scripts/Misc/SkinManager.ts from cce:/internal/x/prerequisite-imports as file:///F:/CocosProject/PLY_Dreamyroom_Cocos/assets/7.Scripts/Misc/SkinManager.ts.
debug: Resolve file:///F:/CocosProject/PLY_Dreamyroom_Cocos/assets/7.Scripts/Misc/SplineLineRenderer.ts from cce:/internal/x/prerequisite-imports as file:///F:/CocosProject/PLY_Dreamyroom_Cocos/assets/7.Scripts/Misc/SplineLineRenderer.ts.
debug: Resolve file:///F:/CocosProject/PLY_Dreamyroom_Cocos/assets/7.Scripts/Misc/Tooth.ts from cce:/internal/x/prerequisite-imports as file:///F:/CocosProject/PLY_Dreamyroom_Cocos/assets/7.Scripts/Misc/Tooth.ts.
debug: Resolve file:///F:/CocosProject/PLY_Dreamyroom_Cocos/assets/7.Scripts/Misc/Ulis.ts from cce:/internal/x/prerequisite-imports as file:///F:/CocosProject/PLY_Dreamyroom_Cocos/assets/7.Scripts/Misc/Ulis.ts.
debug: Resolve file:///F:/CocosProject/PLY_Dreamyroom_Cocos/assets/7.Scripts/MyScript/box/BoxController.ts from cce:/internal/x/prerequisite-imports as file:///F:/CocosProject/PLY_Dreamyroom_Cocos/assets/7.Scripts/MyScript/box/BoxController.ts.
debug: Resolve file:///F:/CocosProject/PLY_Dreamyroom_Cocos/assets/7.Scripts/MyScript/box/BoxGraphic.ts from cce:/internal/x/prerequisite-imports as file:///F:/CocosProject/PLY_Dreamyroom_Cocos/assets/7.Scripts/MyScript/box/BoxGraphic.ts.
debug: Resolve file:///F:/CocosProject/PLY_Dreamyroom_Cocos/assets/7.Scripts/MyScript/core/InputManager.ts from cce:/internal/x/prerequisite-imports as file:///F:/CocosProject/PLY_Dreamyroom_Cocos/assets/7.Scripts/MyScript/core/InputManager.ts.
debug: Resolve file:///F:/CocosProject/PLY_Dreamyroom_Cocos/assets/7.Scripts/MyScript/core/ObjectPool.ts from cce:/internal/x/prerequisite-imports as file:///F:/CocosProject/PLY_Dreamyroom_Cocos/assets/7.Scripts/MyScript/core/ObjectPool.ts.
debug: Resolve file:///F:/CocosProject/PLY_Dreamyroom_Cocos/assets/7.Scripts/MyScript/core/SoundManager.ts from cce:/internal/x/prerequisite-imports as file:///F:/CocosProject/PLY_Dreamyroom_Cocos/assets/7.Scripts/MyScript/core/SoundManager.ts.
debug: Resolve file:///F:/CocosProject/PLY_Dreamyroom_Cocos/assets/7.Scripts/MyScript/core/TweenUtil.ts from cce:/internal/x/prerequisite-imports as file:///F:/CocosProject/PLY_Dreamyroom_Cocos/assets/7.Scripts/MyScript/core/TweenUtil.ts.
debug: Resolve file:///F:/CocosProject/PLY_Dreamyroom_Cocos/assets/7.Scripts/MyScript/effects/BlinkEffect.ts from cce:/internal/x/prerequisite-imports as file:///F:/CocosProject/PLY_Dreamyroom_Cocos/assets/7.Scripts/MyScript/effects/BlinkEffect.ts.
debug: Resolve file:///F:/CocosProject/PLY_Dreamyroom_Cocos/assets/7.Scripts/MyScript/item/ItemController.ts from cce:/internal/x/prerequisite-imports as file:///F:/CocosProject/PLY_Dreamyroom_Cocos/assets/7.Scripts/MyScript/item/ItemController.ts.
debug: Resolve file:///F:/CocosProject/PLY_Dreamyroom_Cocos/assets/7.Scripts/MyScript/item/ItemGraphic.ts from cce:/internal/x/prerequisite-imports as file:///F:/CocosProject/PLY_Dreamyroom_Cocos/assets/7.Scripts/MyScript/item/ItemGraphic.ts.
debug: Resolve file:///F:/CocosProject/PLY_Dreamyroom_Cocos/assets/7.Scripts/MyScript/item/ItemMovement.ts from cce:/internal/x/prerequisite-imports as file:///F:/CocosProject/PLY_Dreamyroom_Cocos/assets/7.Scripts/MyScript/item/ItemMovement.ts.
debug: Resolve file:///F:/CocosProject/PLY_Dreamyroom_Cocos/assets/7.Scripts/MyScript/item/OpenItem.ts from cce:/internal/x/prerequisite-imports as file:///F:/CocosProject/PLY_Dreamyroom_Cocos/assets/7.Scripts/MyScript/item/OpenItem.ts.
debug: Resolve file:///F:/CocosProject/PLY_Dreamyroom_Cocos/assets/7.Scripts/MyScript/managers/BaseRoomManager.ts from cce:/internal/x/prerequisite-imports as file:///F:/CocosProject/PLY_Dreamyroom_Cocos/assets/7.Scripts/MyScript/managers/BaseRoomManager.ts.
debug: Resolve file:///F:/CocosProject/PLY_Dreamyroom_Cocos/assets/7.Scripts/MyScript/managers/BoxManager.ts from cce:/internal/x/prerequisite-imports as file:///F:/CocosProject/PLY_Dreamyroom_Cocos/assets/7.Scripts/MyScript/managers/BoxManager.ts.
debug: Resolve file:///F:/CocosProject/PLY_Dreamyroom_Cocos/assets/7.Scripts/MyScript/managers/ItemManager.ts from cce:/internal/x/prerequisite-imports as file:///F:/CocosProject/PLY_Dreamyroom_Cocos/assets/7.Scripts/MyScript/managers/ItemManager.ts.
debug: Resolve file:///F:/CocosProject/PLY_Dreamyroom_Cocos/assets/7.Scripts/MyScript/managers/ProgressTrackingManager.ts from cce:/internal/x/prerequisite-imports as file:///F:/CocosProject/PLY_Dreamyroom_Cocos/assets/7.Scripts/MyScript/managers/ProgressTrackingManager.ts.
debug: Resolve file:///F:/CocosProject/PLY_Dreamyroom_Cocos/assets/7.Scripts/MyScript/managers/UIManager.ts from cce:/internal/x/prerequisite-imports as file:///F:/CocosProject/PLY_Dreamyroom_Cocos/assets/7.Scripts/MyScript/managers/UIManager.ts.
debug: Resolve file:///F:/CocosProject/PLY_Dreamyroom_Cocos/assets/7.Scripts/MyScript/managers/WorldScrollManager.ts from cce:/internal/x/prerequisite-imports as file:///F:/CocosProject/PLY_Dreamyroom_Cocos/assets/7.Scripts/MyScript/managers/WorldScrollManager.ts.
debug: Resolve file:///F:/CocosProject/PLY_Dreamyroom_Cocos/assets/7.Scripts/MyScript/pipeline/SceneBuilder.ts from cce:/internal/x/prerequisite-imports as file:///F:/CocosProject/PLY_Dreamyroom_Cocos/assets/7.Scripts/MyScript/pipeline/SceneBuilder.ts.
debug: Detected change: file:///F:/CocosProject/PLY_Dreamyroom_Cocos/assets/7.Scripts/MyScript/pipeline/SceneBuilder.ts. Last mtime: Wed Aug 19 2026 13:47:30 GMT+0700 (Indochina Time)@9823c617-75c7-4125-915f-7b7e2e3428d4, Current mtime: Wed Aug 19 2026 13:54:01 GMT+0700 (Indochina Time)@9823c617-75c7-4125-915f-7b7e2e3428d4
debug: Inspect file:///F:/CocosProject/PLY_Dreamyroom_Cocos/assets/7.Scripts/MyScript/pipeline/SceneBuilder.ts
debug: Resolve cc from file:///F:/CocosProject/PLY_Dreamyroom_Cocos/assets/7.Scripts/MyScript/pipeline/SceneBuilder.ts as cce:/internal/x/cc.
debug: Resolve cc from file:///F:/CocosProject/PLY_Dreamyroom_Cocos/assets/7.Scripts/MyScript/pipeline/SceneBuilder.ts as cce:/internal/x/cc.
debug: Resolve cc from file:///F:/CocosProject/PLY_Dreamyroom_Cocos/assets/7.Scripts/MyScript/pipeline/SceneBuilder.ts as cce:/internal/x/cc.
debug: Resolve cc/env from file:///F:/CocosProject/PLY_Dreamyroom_Cocos/assets/7.Scripts/MyScript/pipeline/SceneBuilder.ts as external dependency cc/env.
debug: Resolve file:///F:/CocosProject/PLY_Dreamyroom_Cocos/assets/7.Scripts/MyScript/utils/BallFollowFill.ts from cce:/internal/x/prerequisite-imports as file:///F:/CocosProject/PLY_Dreamyroom_Cocos/assets/7.Scripts/MyScript/utils/BallFollowFill.ts.
debug: Resolve file:///F:/CocosProject/PLY_Dreamyroom_Cocos/assets/7.Scripts/MyScript/utils/BaseRoom.ts from cce:/internal/x/prerequisite-imports as file:///F:/CocosProject/PLY_Dreamyroom_Cocos/assets/7.Scripts/MyScript/utils/BaseRoom.ts.
debug: Resolve file:///F:/CocosProject/PLY_Dreamyroom_Cocos/assets/7.Scripts/MyScript/utils/ChangeLight.ts from cce:/internal/x/prerequisite-imports as file:///F:/CocosProject/PLY_Dreamyroom_Cocos/assets/7.Scripts/MyScript/utils/ChangeLight.ts.
debug: Resolve file:///F:/CocosProject/PLY_Dreamyroom_Cocos/assets/7.Scripts/MyScript/utils/HandOfBox.ts from cce:/internal/x/prerequisite-imports as file:///F:/CocosProject/PLY_Dreamyroom_Cocos/assets/7.Scripts/MyScript/utils/HandOfBox.ts.
debug: Resolve file:///F:/CocosProject/PLY_Dreamyroom_Cocos/assets/7.Scripts/MyScript/utils/HolderSlot.ts from cce:/internal/x/prerequisite-imports as file:///F:/CocosProject/PLY_Dreamyroom_Cocos/assets/7.Scripts/MyScript/utils/HolderSlot.ts.
debug: Resolve file:///F:/CocosProject/PLY_Dreamyroom_Cocos/assets/7.Scripts/MyScript/utils/SeatHandler.ts from cce:/internal/x/prerequisite-imports as file:///F:/CocosProject/PLY_Dreamyroom_Cocos/assets/7.Scripts/MyScript/utils/SeatHandler.ts.
debug: Resolve file:///F:/CocosProject/PLY_Dreamyroom_Cocos/assets/7.Scripts/MyScript/utils/TurnOnSpine.ts from cce:/internal/x/prerequisite-imports as file:///F:/CocosProject/PLY_Dreamyroom_Cocos/assets/7.Scripts/MyScript/utils/TurnOnSpine.ts.
debug: Resolve file:///F:/CocosProject/PLY_Dreamyroom_Cocos/assets/7.Scripts/Pool/PoolControl.ts from cce:/internal/x/prerequisite-imports as file:///F:/CocosProject/PLY_Dreamyroom_Cocos/assets/7.Scripts/Pool/PoolControl.ts.
debug: Resolve file:///F:/CocosProject/PLY_Dreamyroom_Cocos/assets/7.Scripts/Pool/PoolManager.ts from cce:/internal/x/prerequisite-imports as file:///F:/CocosProject/PLY_Dreamyroom_Cocos/assets/7.Scripts/Pool/PoolManager.ts.
debug: Resolve file:///F:/CocosProject/PLY_Dreamyroom_Cocos/assets/7.Scripts/Pool/PoolMember.ts from cce:/internal/x/prerequisite-imports as file:///F:/CocosProject/PLY_Dreamyroom_Cocos/assets/7.Scripts/Pool/PoolMember.ts.
debug: Resolve file:///F:/CocosProject/PLY_Dreamyroom_Cocos/assets/7.Scripts/Tool/AppLovinAnalytics.ts from cce:/internal/x/prerequisite-imports as file:///F:/CocosProject/PLY_Dreamyroom_Cocos/assets/7.Scripts/Tool/AppLovinAnalytics.ts.
debug: Resolve file:///F:/CocosProject/PLY_Dreamyroom_Cocos/assets/7.Scripts/Tool/GameController.ts from cce:/internal/x/prerequisite-imports as file:///F:/CocosProject/PLY_Dreamyroom_Cocos/assets/7.Scripts/Tool/GameController.ts.
debug: Resolve file:///F:/CocosProject/PLY_Dreamyroom_Cocos/assets/7.Scripts/Tool/h5-helper.ts from cce:/internal/x/prerequisite-imports as file:///F:/CocosProject/PLY_Dreamyroom_Cocos/assets/7.Scripts/Tool/h5-helper.ts.
debug: Target(preview) ends with cost 216.96389997005463ms.
debug: Dispatch build request for time accumulated 1 asset changes.
debug: Build iteration starts.
Number of accumulated asset changes: 1
Feature changed: false
debug: Target(editor) build started.
debug: Detected change: cce:/internal/x/prerequisite-imports. Last mtime: Thu Jan 01 1970 07:18:15 GMT+0700 (Indochina Time), Current mtime: Thu Jan 01 1970 07:31:50 GMT+0700 (Indochina Time)
debug: Inspect cce:/internal/x/prerequisite-imports
debug: Resolve file:///C:/ProgramData/cocos/editors/Creator/3.7.4/resources/resources/3d/engine/editor/assets/tools/debug-view-runtime-control.ts from cce:/internal/x/prerequisite-imports as file:///C:/ProgramData/cocos/editors/Creator/3.7.4/resources/resources/3d/engine/editor/assets/tools/debug-view-runtime-control.ts.
debug: Resolve file:///F:/CocosProject/PLY_Dreamyroom_Cocos/assets/7.Scripts/Manager/AssetsManagerCustom.ts from cce:/internal/x/prerequisite-imports as file:///F:/CocosProject/PLY_Dreamyroom_Cocos/assets/7.Scripts/Manager/AssetsManagerCustom.ts.
debug: Resolve file:///F:/CocosProject/PLY_Dreamyroom_Cocos/assets/7.Scripts/Manager/Clock.ts from cce:/internal/x/prerequisite-imports as file:///F:/CocosProject/PLY_Dreamyroom_Cocos/assets/7.Scripts/Manager/Clock.ts.
debug: Resolve file:///F:/CocosProject/PLY_Dreamyroom_Cocos/assets/7.Scripts/Manager/InputManager.ts from cce:/internal/x/prerequisite-imports as file:///F:/CocosProject/PLY_Dreamyroom_Cocos/assets/7.Scripts/Manager/InputManager.ts.
debug: Resolve file:///F:/CocosProject/PLY_Dreamyroom_Cocos/assets/7.Scripts/Manager/Joystick.ts from cce:/internal/x/prerequisite-imports as file:///F:/CocosProject/PLY_Dreamyroom_Cocos/assets/7.Scripts/Manager/Joystick.ts.
debug: Resolve file:///F:/CocosProject/PLY_Dreamyroom_Cocos/assets/7.Scripts/Manager/MainCamera.ts from cce:/internal/x/prerequisite-imports as file:///F:/CocosProject/PLY_Dreamyroom_Cocos/assets/7.Scripts/Manager/MainCamera.ts.
debug: Resolve file:///F:/CocosProject/PLY_Dreamyroom_Cocos/assets/7.Scripts/Manager/PointerController.ts from cce:/internal/x/prerequisite-imports as file:///F:/CocosProject/PLY_Dreamyroom_Cocos/assets/7.Scripts/Manager/PointerController.ts.
debug: Resolve file:///F:/CocosProject/PLY_Dreamyroom_Cocos/assets/7.Scripts/Manager/SoundManager.ts from cce:/internal/x/prerequisite-imports as file:///F:/CocosProject/PLY_Dreamyroom_Cocos/assets/7.Scripts/Manager/SoundManager.ts.
debug: Resolve file:///F:/CocosProject/PLY_Dreamyroom_Cocos/assets/7.Scripts/Manager/UI.ts from cce:/internal/x/prerequisite-imports as file:///F:/CocosProject/PLY_Dreamyroom_Cocos/assets/7.Scripts/Manager/UI.ts.
debug: Resolve file:///F:/CocosProject/PLY_Dreamyroom_Cocos/assets/7.Scripts/Manager/VFX.ts from cce:/internal/x/prerequisite-imports as file:///F:/CocosProject/PLY_Dreamyroom_Cocos/assets/7.Scripts/Manager/VFX.ts.
debug: Resolve file:///F:/CocosProject/PLY_Dreamyroom_Cocos/assets/7.Scripts/Manager/World.ts from cce:/internal/x/prerequisite-imports as file:///F:/CocosProject/PLY_Dreamyroom_Cocos/assets/7.Scripts/Manager/World.ts.
debug: Resolve file:///F:/CocosProject/PLY_Dreamyroom_Cocos/assets/7.Scripts/MatchAsset/MatchSprite.ts from cce:/internal/x/prerequisite-imports as file:///F:/CocosProject/PLY_Dreamyroom_Cocos/assets/7.Scripts/MatchAsset/MatchSprite.ts.
debug: Resolve file:///F:/CocosProject/PLY_Dreamyroom_Cocos/assets/7.Scripts/MatchAsset/NodeOrder.ts from cce:/internal/x/prerequisite-imports as file:///F:/CocosProject/PLY_Dreamyroom_Cocos/assets/7.Scripts/MatchAsset/NodeOrder.ts.
debug: Resolve file:///F:/CocosProject/PLY_Dreamyroom_Cocos/assets/7.Scripts/MatchAsset/ReadImagePixel.ts from cce:/internal/x/prerequisite-imports as file:///F:/CocosProject/PLY_Dreamyroom_Cocos/assets/7.Scripts/MatchAsset/ReadImagePixel.ts.
debug: Resolve file:///F:/CocosProject/PLY_Dreamyroom_Cocos/assets/7.Scripts/MatchAsset/SpriteSizeSetter.ts from cce:/internal/x/prerequisite-imports as file:///F:/CocosProject/PLY_Dreamyroom_Cocos/assets/7.Scripts/MatchAsset/SpriteSizeSetter.ts.
debug: Resolve file:///F:/CocosProject/PLY_Dreamyroom_Cocos/assets/7.Scripts/MatchAsset/Ulis.ts from cce:/internal/x/prerequisite-imports as file:///F:/CocosProject/PLY_Dreamyroom_Cocos/assets/7.Scripts/MatchAsset/Ulis.ts.
debug: Resolve file:///F:/CocosProject/PLY_Dreamyroom_Cocos/assets/7.Scripts/Misc/AStar.ts from cce:/internal/x/prerequisite-imports as file:///F:/CocosProject/PLY_Dreamyroom_Cocos/assets/7.Scripts/Misc/AStar.ts.
debug: Resolve file:///F:/CocosProject/PLY_Dreamyroom_Cocos/assets/7.Scripts/Misc/Black.ts from cce:/internal/x/prerequisite-imports as file:///F:/CocosProject/PLY_Dreamyroom_Cocos/assets/7.Scripts/Misc/Black.ts.
debug: Resolve file:///F:/CocosProject/PLY_Dreamyroom_Cocos/assets/7.Scripts/Misc/Cloud.ts from cce:/internal/x/prerequisite-imports as file:///F:/CocosProject/PLY_Dreamyroom_Cocos/assets/7.Scripts/Misc/Cloud.ts.
debug: Resolve file:///F:/CocosProject/PLY_Dreamyroom_Cocos/assets/7.Scripts/Misc/IQ.ts from cce:/internal/x/prerequisite-imports as file:///F:/CocosProject/PLY_Dreamyroom_Cocos/assets/7.Scripts/Misc/IQ.ts.
debug: Resolve file:///F:/CocosProject/PLY_Dreamyroom_Cocos/assets/7.Scripts/Misc/MeshLoader.ts from cce:/internal/x/prerequisite-imports as file:///F:/CocosProject/PLY_Dreamyroom_Cocos/assets/7.Scripts/Misc/MeshLoader.ts.
debug: Resolve file:///F:/CocosProject/PLY_Dreamyroom_Cocos/assets/7.Scripts/Misc/SkinManager.ts from cce:/internal/x/prerequisite-imports as file:///F:/CocosProject/PLY_Dreamyroom_Cocos/assets/7.Scripts/Misc/SkinManager.ts.
debug: Resolve file:///F:/CocosProject/PLY_Dreamyroom_Cocos/assets/7.Scripts/Misc/SplineLineRenderer.ts from cce:/internal/x/prerequisite-imports as file:///F:/CocosProject/PLY_Dreamyroom_Cocos/assets/7.Scripts/Misc/SplineLineRenderer.ts.
debug: Resolve file:///F:/CocosProject/PLY_Dreamyroom_Cocos/assets/7.Scripts/Misc/Tooth.ts from cce:/internal/x/prerequisite-imports as file:///F:/CocosProject/PLY_Dreamyroom_Cocos/assets/7.Scripts/Misc/Tooth.ts.
debug: Resolve file:///F:/CocosProject/PLY_Dreamyroom_Cocos/assets/7.Scripts/Misc/Ulis.ts from cce:/internal/x/prerequisite-imports as file:///F:/CocosProject/PLY_Dreamyroom_Cocos/assets/7.Scripts/Misc/Ulis.ts.
debug: Resolve file:///F:/CocosProject/PLY_Dreamyroom_Cocos/assets/7.Scripts/MyScript/box/BoxController.ts from cce:/internal/x/prerequisite-imports as file:///F:/CocosProject/PLY_Dreamyroom_Cocos/assets/7.Scripts/MyScript/box/BoxController.ts.
debug: Resolve file:///F:/CocosProject/PLY_Dreamyroom_Cocos/assets/7.Scripts/MyScript/box/BoxGraphic.ts from cce:/internal/x/prerequisite-imports as file:///F:/CocosProject/PLY_Dreamyroom_Cocos/assets/7.Scripts/MyScript/box/BoxGraphic.ts.
debug: Resolve file:///F:/CocosProject/PLY_Dreamyroom_Cocos/assets/7.Scripts/MyScript/core/InputManager.ts from cce:/internal/x/prerequisite-imports as file:///F:/CocosProject/PLY_Dreamyroom_Cocos/assets/7.Scripts/MyScript/core/InputManager.ts.
debug: Resolve file:///F:/CocosProject/PLY_Dreamyroom_Cocos/assets/7.Scripts/MyScript/core/ObjectPool.ts from cce:/internal/x/prerequisite-imports as file:///F:/CocosProject/PLY_Dreamyroom_Cocos/assets/7.Scripts/MyScript/core/ObjectPool.ts.
debug: Resolve file:///F:/CocosProject/PLY_Dreamyroom_Cocos/assets/7.Scripts/MyScript/core/SoundManager.ts from cce:/internal/x/prerequisite-imports as file:///F:/CocosProject/PLY_Dreamyroom_Cocos/assets/7.Scripts/MyScript/core/SoundManager.ts.
debug: Resolve file:///F:/CocosProject/PLY_Dreamyroom_Cocos/assets/7.Scripts/MyScript/core/TweenUtil.ts from cce:/internal/x/prerequisite-imports as file:///F:/CocosProject/PLY_Dreamyroom_Cocos/assets/7.Scripts/MyScript/core/TweenUtil.ts.
debug: Resolve file:///F:/CocosProject/PLY_Dreamyroom_Cocos/assets/7.Scripts/MyScript/effects/BlinkEffect.ts from cce:/internal/x/prerequisite-imports as file:///F:/CocosProject/PLY_Dreamyroom_Cocos/assets/7.Scripts/MyScript/effects/BlinkEffect.ts.
debug: Resolve file:///F:/CocosProject/PLY_Dreamyroom_Cocos/assets/7.Scripts/MyScript/item/ItemController.ts from cce:/internal/x/prerequisite-imports as file:///F:/CocosProject/PLY_Dreamyroom_Cocos/assets/7.Scripts/MyScript/item/ItemController.ts.
debug: Resolve file:///F:/CocosProject/PLY_Dreamyroom_Cocos/assets/7.Scripts/MyScript/item/ItemGraphic.ts from cce:/internal/x/prerequisite-imports as file:///F:/CocosProject/PLY_Dreamyroom_Cocos/assets/7.Scripts/MyScript/item/ItemGraphic.ts.
debug: Resolve file:///F:/CocosProject/PLY_Dreamyroom_Cocos/assets/7.Scripts/MyScript/item/ItemMovement.ts from cce:/internal/x/prerequisite-imports as file:///F:/CocosProject/PLY_Dreamyroom_Cocos/assets/7.Scripts/MyScript/item/ItemMovement.ts.
debug: Resolve file:///F:/CocosProject/PLY_Dreamyroom_Cocos/assets/7.Scripts/MyScript/item/OpenItem.ts from cce:/internal/x/prerequisite-imports as file:///F:/CocosProject/PLY_Dreamyroom_Cocos/assets/7.Scripts/MyScript/item/OpenItem.ts.
debug: Resolve file:///F:/CocosProject/PLY_Dreamyroom_Cocos/assets/7.Scripts/MyScript/managers/BaseRoomManager.ts from cce:/internal/x/prerequisite-imports as file:///F:/CocosProject/PLY_Dreamyroom_Cocos/assets/7.Scripts/MyScript/managers/BaseRoomManager.ts.
debug: Resolve file:///F:/CocosProject/PLY_Dreamyroom_Cocos/assets/7.Scripts/MyScript/managers/BoxManager.ts from cce:/internal/x/prerequisite-imports as file:///F:/CocosProject/PLY_Dreamyroom_Cocos/assets/7.Scripts/MyScript/managers/BoxManager.ts.
debug: Resolve file:///F:/CocosProject/PLY_Dreamyroom_Cocos/assets/7.Scripts/MyScript/managers/ItemManager.ts from cce:/internal/x/prerequisite-imports as file:///F:/CocosProject/PLY_Dreamyroom_Cocos/assets/7.Scripts/MyScript/managers/ItemManager.ts.
debug: Resolve file:///F:/CocosProject/PLY_Dreamyroom_Cocos/assets/7.Scripts/MyScript/managers/ProgressTrackingManager.ts from cce:/internal/x/prerequisite-imports as file:///F:/CocosProject/PLY_Dreamyroom_Cocos/assets/7.Scripts/MyScript/managers/ProgressTrackingManager.ts.
debug: Resolve file:///F:/CocosProject/PLY_Dreamyroom_Cocos/assets/7.Scripts/MyScript/managers/UIManager.ts from cce:/internal/x/prerequisite-imports as file:///F:/CocosProject/PLY_Dreamyroom_Cocos/assets/7.Scripts/MyScript/managers/UIManager.ts.
debug: Resolve file:///F:/CocosProject/PLY_Dreamyroom_Cocos/assets/7.Scripts/MyScript/managers/WorldScrollManager.ts from cce:/internal/x/prerequisite-imports as file:///F:/CocosProject/PLY_Dreamyroom_Cocos/assets/7.Scripts/MyScript/managers/WorldScrollManager.ts.
debug: Resolve file:///F:/CocosProject/PLY_Dreamyroom_Cocos/assets/7.Scripts/MyScript/pipeline/AutoAssignByNameTool.ts from cce:/internal/x/prerequisite-imports as file:///F:/CocosProject/PLY_Dreamyroom_Cocos/assets/7.Scripts/MyScript/pipeline/AutoAssignByNameTool.ts.
debug: Inspect file:///F:/CocosProject/PLY_Dreamyroom_Cocos/assets/7.Scripts/MyScript/pipeline/AutoAssignByNameTool.ts
debug: Resolve cce:/internal/code-quality/cr.mjs from file:///F:/CocosProject/PLY_Dreamyroom_Cocos/assets/7.Scripts/MyScript/pipeline/AutoAssignByNameTool.ts as cce:/internal/code-quality/cr.mjs.
debug: Resolve cc from file:///F:/CocosProject/PLY_Dreamyroom_Cocos/assets/7.Scripts/MyScript/pipeline/AutoAssignByNameTool.ts as cce:/internal/x/cc.
debug: Resolve cc from file:///F:/CocosProject/PLY_Dreamyroom_Cocos/assets/7.Scripts/MyScript/pipeline/AutoAssignByNameTool.ts as cce:/internal/x/cc.
debug: Resolve cc from file:///F:/CocosProject/PLY_Dreamyroom_Cocos/assets/7.Scripts/MyScript/pipeline/AutoAssignByNameTool.ts as cce:/internal/x/cc.
debug: Resolve cc/env from file:///F:/CocosProject/PLY_Dreamyroom_Cocos/assets/7.Scripts/MyScript/pipeline/AutoAssignByNameTool.ts as external dependency cc/env.
debug: Resolve ../item/ItemController from file:///F:/CocosProject/PLY_Dreamyroom_Cocos/assets/7.Scripts/MyScript/pipeline/AutoAssignByNameTool.ts as file:///F:/CocosProject/PLY_Dreamyroom_Cocos/assets/7.Scripts/MyScript/item/ItemController.ts.
debug: Resolve file:///F:/CocosProject/PLY_Dreamyroom_Cocos/assets/7.Scripts/MyScript/pipeline/SceneBuilder.ts from cce:/internal/x/prerequisite-imports as file:///F:/CocosProject/PLY_Dreamyroom_Cocos/assets/7.Scripts/MyScript/pipeline/SceneBuilder.ts.
debug: Resolve file:///F:/CocosProject/PLY_Dreamyroom_Cocos/assets/7.Scripts/MyScript/utils/BallFollowFill.ts from cce:/internal/x/prerequisite-imports as file:///F:/CocosProject/PLY_Dreamyroom_Cocos/assets/7.Scripts/MyScript/utils/BallFollowFill.ts.
debug: Resolve file:///F:/CocosProject/PLY_Dreamyroom_Cocos/assets/7.Scripts/MyScript/utils/BaseRoom.ts from cce:/internal/x/prerequisite-imports as file:///F:/CocosProject/PLY_Dreamyroom_Cocos/assets/7.Scripts/MyScript/utils/BaseRoom.ts.
debug: Resolve file:///F:/CocosProject/PLY_Dreamyroom_Cocos/assets/7.Scripts/MyScript/utils/ChangeLight.ts from cce:/internal/x/prerequisite-imports as file:///F:/CocosProject/PLY_Dreamyroom_Cocos/assets/7.Scripts/MyScript/utils/ChangeLight.ts.
debug: Resolve file:///F:/CocosProject/PLY_Dreamyroom_Cocos/assets/7.Scripts/MyScript/utils/HandOfBox.ts from cce:/internal/x/prerequisite-imports as file:///F:/CocosProject/PLY_Dreamyroom_Cocos/assets/7.Scripts/MyScript/utils/HandOfBox.ts.
debug: Resolve file:///F:/CocosProject/PLY_Dreamyroom_Cocos/assets/7.Scripts/MyScript/utils/HolderSlot.ts from cce:/internal/x/prerequisite-imports as file:///F:/CocosProject/PLY_Dreamyroom_Cocos/assets/7.Scripts/MyScript/utils/HolderSlot.ts.
debug: Resolve file:///F:/CocosProject/PLY_Dreamyroom_Cocos/assets/7.Scripts/MyScript/utils/SeatHandler.ts from cce:/internal/x/prerequisite-imports as file:///F:/CocosProject/PLY_Dreamyroom_Cocos/assets/7.Scripts/MyScript/utils/SeatHandler.ts.
debug: Resolve file:///F:/CocosProject/PLY_Dreamyroom_Cocos/assets/7.Scripts/MyScript/utils/TurnOnSpine.ts from cce:/internal/x/prerequisite-imports as file:///F:/CocosProject/PLY_Dreamyroom_Cocos/assets/7.Scripts/MyScript/utils/TurnOnSpine.ts.
debug: Resolve file:///F:/CocosProject/PLY_Dreamyroom_Cocos/assets/7.Scripts/Pool/PoolControl.ts from cce:/internal/x/prerequisite-imports as file:///F:/CocosProject/PLY_Dreamyroom_Cocos/assets/7.Scripts/Pool/PoolControl.ts.
debug: Resolve file:///F:/CocosProject/PLY_Dreamyroom_Cocos/assets/7.Scripts/Pool/PoolManager.ts from cce:/internal/x/prerequisite-imports as file:///F:/CocosProject/PLY_Dreamyroom_Cocos/assets/7.Scripts/Pool/PoolManager.ts.
debug: Resolve file:///F:/CocosProject/PLY_Dreamyroom_Cocos/assets/7.Scripts/Pool/PoolMember.ts from cce:/internal/x/prerequisite-imports as file:///F:/CocosProject/PLY_Dreamyroom_Cocos/assets/7.Scripts/Pool/PoolMember.ts.
debug: Resolve file:///F:/CocosProject/PLY_Dreamyroom_Cocos/assets/7.Scripts/Tool/AppLovinAnalytics.ts from cce:/internal/x/prerequisite-imports as file:///F:/CocosProject/PLY_Dreamyroom_Cocos/assets/7.Scripts/Tool/AppLovinAnalytics.ts.
debug: Resolve file:///F:/CocosProject/PLY_Dreamyroom_Cocos/assets/7.Scripts/Tool/GameController.ts from cce:/internal/x/prerequisite-imports as file:///F:/CocosProject/PLY_Dreamyroom_Cocos/assets/7.Scripts/Tool/GameController.ts.
debug: Resolve file:///F:/CocosProject/PLY_Dreamyroom_Cocos/assets/7.Scripts/Tool/h5-helper.ts from cce:/internal/x/prerequisite-imports as file:///F:/CocosProject/PLY_Dreamyroom_Cocos/assets/7.Scripts/Tool/h5-helper.ts.
debug: Target(editor) ends with cost 145.5852000117302ms.
debug: Target(preview) build started.
debug: Detected change: cce:/internal/x/prerequisite-imports. Last mtime: Thu Jan 01 1970 07:18:16 GMT+0700 (Indochina Time), Current mtime: Thu Jan 01 1970 07:31:51 GMT+0700 (Indochina Time)
debug: Inspect cce:/internal/x/prerequisite-imports
debug: Resolve file:///C:/ProgramData/cocos/editors/Creator/3.7.4/resources/resources/3d/engine/editor/assets/tools/debug-view-runtime-control.ts from cce:/internal/x/prerequisite-imports as file:///C:/ProgramData/cocos/editors/Creator/3.7.4/resources/resources/3d/engine/editor/assets/tools/debug-view-runtime-control.ts.
debug: Resolve file:///F:/CocosProject/PLY_Dreamyroom_Cocos/assets/7.Scripts/Manager/AssetsManagerCustom.ts from cce:/internal/x/prerequisite-imports as file:///F:/CocosProject/PLY_Dreamyroom_Cocos/assets/7.Scripts/Manager/AssetsManagerCustom.ts.
debug: Resolve file:///F:/CocosProject/PLY_Dreamyroom_Cocos/assets/7.Scripts/Manager/Clock.ts from cce:/internal/x/prerequisite-imports as file:///F:/CocosProject/PLY_Dreamyroom_Cocos/assets/7.Scripts/Manager/Clock.ts.
debug: Resolve file:///F:/CocosProject/PLY_Dreamyroom_Cocos/assets/7.Scripts/Manager/InputManager.ts from cce:/internal/x/prerequisite-imports as file:///F:/CocosProject/PLY_Dreamyroom_Cocos/assets/7.Scripts/Manager/InputManager.ts.
debug: Resolve file:///F:/CocosProject/PLY_Dreamyroom_Cocos/assets/7.Scripts/Manager/Joystick.ts from cce:/internal/x/prerequisite-imports as file:///F:/CocosProject/PLY_Dreamyroom_Cocos/assets/7.Scripts/Manager/Joystick.ts.
debug: Resolve file:///F:/CocosProject/PLY_Dreamyroom_Cocos/assets/7.Scripts/Manager/MainCamera.ts from cce:/internal/x/prerequisite-imports as file:///F:/CocosProject/PLY_Dreamyroom_Cocos/assets/7.Scripts/Manager/MainCamera.ts.
debug: Resolve file:///F:/CocosProject/PLY_Dreamyroom_Cocos/assets/7.Scripts/Manager/PointerController.ts from cce:/internal/x/prerequisite-imports as file:///F:/CocosProject/PLY_Dreamyroom_Cocos/assets/7.Scripts/Manager/PointerController.ts.
debug: Resolve file:///F:/CocosProject/PLY_Dreamyroom_Cocos/assets/7.Scripts/Manager/SoundManager.ts from cce:/internal/x/prerequisite-imports as file:///F:/CocosProject/PLY_Dreamyroom_Cocos/assets/7.Scripts/Manager/SoundManager.ts.
debug: Resolve file:///F:/CocosProject/PLY_Dreamyroom_Cocos/assets/7.Scripts/Manager/UI.ts from cce:/internal/x/prerequisite-imports as file:///F:/CocosProject/PLY_Dreamyroom_Cocos/assets/7.Scripts/Manager/UI.ts.
debug: Resolve file:///F:/CocosProject/PLY_Dreamyroom_Cocos/assets/7.Scripts/Manager/VFX.ts from cce:/internal/x/prerequisite-imports as file:///F:/CocosProject/PLY_Dreamyroom_Cocos/assets/7.Scripts/Manager/VFX.ts.
debug: Resolve file:///F:/CocosProject/PLY_Dreamyroom_Cocos/assets/7.Scripts/Manager/World.ts from cce:/internal/x/prerequisite-imports as file:///F:/CocosProject/PLY_Dreamyroom_Cocos/assets/7.Scripts/Manager/World.ts.
debug: Resolve file:///F:/CocosProject/PLY_Dreamyroom_Cocos/assets/7.Scripts/MatchAsset/MatchSprite.ts from cce:/internal/x/prerequisite-imports as file:///F:/CocosProject/PLY_Dreamyroom_Cocos/assets/7.Scripts/MatchAsset/MatchSprite.ts.
debug: Resolve file:///F:/CocosProject/PLY_Dreamyroom_Cocos/assets/7.Scripts/MatchAsset/NodeOrder.ts from cce:/internal/x/prerequisite-imports as file:///F:/CocosProject/PLY_Dreamyroom_Cocos/assets/7.Scripts/MatchAsset/NodeOrder.ts.
debug: Resolve file:///F:/CocosProject/PLY_Dreamyroom_Cocos/assets/7.Scripts/MatchAsset/ReadImagePixel.ts from cce:/internal/x/prerequisite-imports as file:///F:/CocosProject/PLY_Dreamyroom_Cocos/assets/7.Scripts/MatchAsset/ReadImagePixel.ts.
debug: Resolve file:///F:/CocosProject/PLY_Dreamyroom_Cocos/assets/7.Scripts/MatchAsset/SpriteSizeSetter.ts from cce:/internal/x/prerequisite-imports as file:///F:/CocosProject/PLY_Dreamyroom_Cocos/assets/7.Scripts/MatchAsset/SpriteSizeSetter.ts.
debug: Resolve file:///F:/CocosProject/PLY_Dreamyroom_Cocos/assets/7.Scripts/MatchAsset/Ulis.ts from cce:/internal/x/prerequisite-imports as file:///F:/CocosProject/PLY_Dreamyroom_Cocos/assets/7.Scripts/MatchAsset/Ulis.ts.
debug: Resolve file:///F:/CocosProject/PLY_Dreamyroom_Cocos/assets/7.Scripts/Misc/AStar.ts from cce:/internal/x/prerequisite-imports as file:///F:/CocosProject/PLY_Dreamyroom_Cocos/assets/7.Scripts/Misc/AStar.ts.
debug: Resolve file:///F:/CocosProject/PLY_Dreamyroom_Cocos/assets/7.Scripts/Misc/Black.ts from cce:/internal/x/prerequisite-imports as file:///F:/CocosProject/PLY_Dreamyroom_Cocos/assets/7.Scripts/Misc/Black.ts.
debug: Resolve file:///F:/CocosProject/PLY_Dreamyroom_Cocos/assets/7.Scripts/Misc/Cloud.ts from cce:/internal/x/prerequisite-imports as file:///F:/CocosProject/PLY_Dreamyroom_Cocos/assets/7.Scripts/Misc/Cloud.ts.
debug: Resolve file:///F:/CocosProject/PLY_Dreamyroom_Cocos/assets/7.Scripts/Misc/IQ.ts from cce:/internal/x/prerequisite-imports as file:///F:/CocosProject/PLY_Dreamyroom_Cocos/assets/7.Scripts/Misc/IQ.ts.
debug: Resolve file:///F:/CocosProject/PLY_Dreamyroom_Cocos/assets/7.Scripts/Misc/MeshLoader.ts from cce:/internal/x/prerequisite-imports as file:///F:/CocosProject/PLY_Dreamyroom_Cocos/assets/7.Scripts/Misc/MeshLoader.ts.
debug: Resolve file:///F:/CocosProject/PLY_Dreamyroom_Cocos/assets/7.Scripts/Misc/SkinManager.ts from cce:/internal/x/prerequisite-imports as file:///F:/CocosProject/PLY_Dreamyroom_Cocos/assets/7.Scripts/Misc/SkinManager.ts.
debug: Resolve file:///F:/CocosProject/PLY_Dreamyroom_Cocos/assets/7.Scripts/Misc/SplineLineRenderer.ts from cce:/internal/x/prerequisite-imports as file:///F:/CocosProject/PLY_Dreamyroom_Cocos/assets/7.Scripts/Misc/SplineLineRenderer.ts.
debug: Resolve file:///F:/CocosProject/PLY_Dreamyroom_Cocos/assets/7.Scripts/Misc/Tooth.ts from cce:/internal/x/prerequisite-imports as file:///F:/CocosProject/PLY_Dreamyroom_Cocos/assets/7.Scripts/Misc/Tooth.ts.
debug: Resolve file:///F:/CocosProject/PLY_Dreamyroom_Cocos/assets/7.Scripts/Misc/Ulis.ts from cce:/internal/x/prerequisite-imports as file:///F:/CocosProject/PLY_Dreamyroom_Cocos/assets/7.Scripts/Misc/Ulis.ts.
debug: Resolve file:///F:/CocosProject/PLY_Dreamyroom_Cocos/assets/7.Scripts/MyScript/box/BoxController.ts from cce:/internal/x/prerequisite-imports as file:///F:/CocosProject/PLY_Dreamyroom_Cocos/assets/7.Scripts/MyScript/box/BoxController.ts.
debug: Resolve file:///F:/CocosProject/PLY_Dreamyroom_Cocos/assets/7.Scripts/MyScript/box/BoxGraphic.ts from cce:/internal/x/prerequisite-imports as file:///F:/CocosProject/PLY_Dreamyroom_Cocos/assets/7.Scripts/MyScript/box/BoxGraphic.ts.
debug: Resolve file:///F:/CocosProject/PLY_Dreamyroom_Cocos/assets/7.Scripts/MyScript/core/InputManager.ts from cce:/internal/x/prerequisite-imports as file:///F:/CocosProject/PLY_Dreamyroom_Cocos/assets/7.Scripts/MyScript/core/InputManager.ts.
debug: Resolve file:///F:/CocosProject/PLY_Dreamyroom_Cocos/assets/7.Scripts/MyScript/core/ObjectPool.ts from cce:/internal/x/prerequisite-imports as file:///F:/CocosProject/PLY_Dreamyroom_Cocos/assets/7.Scripts/MyScript/core/ObjectPool.ts.
debug: Resolve file:///F:/CocosProject/PLY_Dreamyroom_Cocos/assets/7.Scripts/MyScript/core/SoundManager.ts from cce:/internal/x/prerequisite-imports as file:///F:/CocosProject/PLY_Dreamyroom_Cocos/assets/7.Scripts/MyScript/core/SoundManager.ts.
debug: Resolve file:///F:/CocosProject/PLY_Dreamyroom_Cocos/assets/7.Scripts/MyScript/core/TweenUtil.ts from cce:/internal/x/prerequisite-imports as file:///F:/CocosProject/PLY_Dreamyroom_Cocos/assets/7.Scripts/MyScript/core/TweenUtil.ts.
debug: Resolve file:///F:/CocosProject/PLY_Dreamyroom_Cocos/assets/7.Scripts/MyScript/effects/BlinkEffect.ts from cce:/internal/x/prerequisite-imports as file:///F:/CocosProject/PLY_Dreamyroom_Cocos/assets/7.Scripts/MyScript/effects/BlinkEffect.ts.
debug: Resolve file:///F:/CocosProject/PLY_Dreamyroom_Cocos/assets/7.Scripts/MyScript/item/ItemController.ts from cce:/internal/x/prerequisite-imports as file:///F:/CocosProject/PLY_Dreamyroom_Cocos/assets/7.Scripts/MyScript/item/ItemController.ts.
debug: Resolve file:///F:/CocosProject/PLY_Dreamyroom_Cocos/assets/7.Scripts/MyScript/item/ItemGraphic.ts from cce:/internal/x/prerequisite-imports as file:///F:/CocosProject/PLY_Dreamyroom_Cocos/assets/7.Scripts/MyScript/item/ItemGraphic.ts.
debug: Resolve file:///F:/CocosProject/PLY_Dreamyroom_Cocos/assets/7.Scripts/MyScript/item/ItemMovement.ts from cce:/internal/x/prerequisite-imports as file:///F:/CocosProject/PLY_Dreamyroom_Cocos/assets/7.Scripts/MyScript/item/ItemMovement.ts.
debug: Resolve file:///F:/CocosProject/PLY_Dreamyroom_Cocos/assets/7.Scripts/MyScript/item/OpenItem.ts from cce:/internal/x/prerequisite-imports as file:///F:/CocosProject/PLY_Dreamyroom_Cocos/assets/7.Scripts/MyScript/item/OpenItem.ts.
debug: Resolve file:///F:/CocosProject/PLY_Dreamyroom_Cocos/assets/7.Scripts/MyScript/managers/BaseRoomManager.ts from cce:/internal/x/prerequisite-imports as file:///F:/CocosProject/PLY_Dreamyroom_Cocos/assets/7.Scripts/MyScript/managers/BaseRoomManager.ts.
debug: Resolve file:///F:/CocosProject/PLY_Dreamyroom_Cocos/assets/7.Scripts/MyScript/managers/BoxManager.ts from cce:/internal/x/prerequisite-imports as file:///F:/CocosProject/PLY_Dreamyroom_Cocos/assets/7.Scripts/MyScript/managers/BoxManager.ts.
debug: Resolve file:///F:/CocosProject/PLY_Dreamyroom_Cocos/assets/7.Scripts/MyScript/managers/ItemManager.ts from cce:/internal/x/prerequisite-imports as file:///F:/CocosProject/PLY_Dreamyroom_Cocos/assets/7.Scripts/MyScript/managers/ItemManager.ts.
debug: Resolve file:///F:/CocosProject/PLY_Dreamyroom_Cocos/assets/7.Scripts/MyScript/managers/ProgressTrackingManager.ts from cce:/internal/x/prerequisite-imports as file:///F:/CocosProject/PLY_Dreamyroom_Cocos/assets/7.Scripts/MyScript/managers/ProgressTrackingManager.ts.
debug: Resolve file:///F:/CocosProject/PLY_Dreamyroom_Cocos/assets/7.Scripts/MyScript/managers/UIManager.ts from cce:/internal/x/prerequisite-imports as file:///F:/CocosProject/PLY_Dreamyroom_Cocos/assets/7.Scripts/MyScript/managers/UIManager.ts.
debug: Resolve file:///F:/CocosProject/PLY_Dreamyroom_Cocos/assets/7.Scripts/MyScript/managers/WorldScrollManager.ts from cce:/internal/x/prerequisite-imports as file:///F:/CocosProject/PLY_Dreamyroom_Cocos/assets/7.Scripts/MyScript/managers/WorldScrollManager.ts.
debug: Resolve file:///F:/CocosProject/PLY_Dreamyroom_Cocos/assets/7.Scripts/MyScript/pipeline/AutoAssignByNameTool.ts from cce:/internal/x/prerequisite-imports as file:///F:/CocosProject/PLY_Dreamyroom_Cocos/assets/7.Scripts/MyScript/pipeline/AutoAssignByNameTool.ts.
debug: Inspect file:///F:/CocosProject/PLY_Dreamyroom_Cocos/assets/7.Scripts/MyScript/pipeline/AutoAssignByNameTool.ts
debug: Resolve cce:/internal/code-quality/cr.mjs from file:///F:/CocosProject/PLY_Dreamyroom_Cocos/assets/7.Scripts/MyScript/pipeline/AutoAssignByNameTool.ts as cce:/internal/code-quality/cr.mjs.
debug: Resolve cc from file:///F:/CocosProject/PLY_Dreamyroom_Cocos/assets/7.Scripts/MyScript/pipeline/AutoAssignByNameTool.ts as cce:/internal/x/cc.
debug: Resolve cc from file:///F:/CocosProject/PLY_Dreamyroom_Cocos/assets/7.Scripts/MyScript/pipeline/AutoAssignByNameTool.ts as cce:/internal/x/cc.
debug: Resolve cc from file:///F:/CocosProject/PLY_Dreamyroom_Cocos/assets/7.Scripts/MyScript/pipeline/AutoAssignByNameTool.ts as cce:/internal/x/cc.
debug: Resolve cc/env from file:///F:/CocosProject/PLY_Dreamyroom_Cocos/assets/7.Scripts/MyScript/pipeline/AutoAssignByNameTool.ts as external dependency cc/env.
debug: Resolve ../item/ItemController from file:///F:/CocosProject/PLY_Dreamyroom_Cocos/assets/7.Scripts/MyScript/pipeline/AutoAssignByNameTool.ts as file:///F:/CocosProject/PLY_Dreamyroom_Cocos/assets/7.Scripts/MyScript/item/ItemController.ts.
debug: Resolve file:///F:/CocosProject/PLY_Dreamyroom_Cocos/assets/7.Scripts/MyScript/pipeline/SceneBuilder.ts from cce:/internal/x/prerequisite-imports as file:///F:/CocosProject/PLY_Dreamyroom_Cocos/assets/7.Scripts/MyScript/pipeline/SceneBuilder.ts.
debug: Resolve file:///F:/CocosProject/PLY_Dreamyroom_Cocos/assets/7.Scripts/MyScript/utils/BallFollowFill.ts from cce:/internal/x/prerequisite-imports as file:///F:/CocosProject/PLY_Dreamyroom_Cocos/assets/7.Scripts/MyScript/utils/BallFollowFill.ts.
debug: Resolve file:///F:/CocosProject/PLY_Dreamyroom_Cocos/assets/7.Scripts/MyScript/utils/BaseRoom.ts from cce:/internal/x/prerequisite-imports as file:///F:/CocosProject/PLY_Dreamyroom_Cocos/assets/7.Scripts/MyScript/utils/BaseRoom.ts.
debug: Resolve file:///F:/CocosProject/PLY_Dreamyroom_Cocos/assets/7.Scripts/MyScript/utils/ChangeLight.ts from cce:/internal/x/prerequisite-imports as file:///F:/CocosProject/PLY_Dreamyroom_Cocos/assets/7.Scripts/MyScript/utils/ChangeLight.ts.
debug: Resolve file:///F:/CocosProject/PLY_Dreamyroom_Cocos/assets/7.Scripts/MyScript/utils/HandOfBox.ts from cce:/internal/x/prerequisite-imports as file:///F:/CocosProject/PLY_Dreamyroom_Cocos/assets/7.Scripts/MyScript/utils/HandOfBox.ts.
debug: Resolve file:///F:/CocosProject/PLY_Dreamyroom_Cocos/assets/7.Scripts/MyScript/utils/HolderSlot.ts from cce:/internal/x/prerequisite-imports as file:///F:/CocosProject/PLY_Dreamyroom_Cocos/assets/7.Scripts/MyScript/utils/HolderSlot.ts.
debug: Resolve file:///F:/CocosProject/PLY_Dreamyroom_Cocos/assets/7.Scripts/MyScript/utils/SeatHandler.ts from cce:/internal/x/prerequisite-imports as file:///F:/CocosProject/PLY_Dreamyroom_Cocos/assets/7.Scripts/MyScript/utils/SeatHandler.ts.
debug: Resolve file:///F:/CocosProject/PLY_Dreamyroom_Cocos/assets/7.Scripts/MyScript/utils/TurnOnSpine.ts from cce:/internal/x/prerequisite-imports as file:///F:/CocosProject/PLY_Dreamyroom_Cocos/assets/7.Scripts/MyScript/utils/TurnOnSpine.ts.
debug: Resolve file:///F:/CocosProject/PLY_Dreamyroom_Cocos/assets/7.Scripts/Pool/PoolControl.ts from cce:/internal/x/prerequisite-imports as file:///F:/CocosProject/PLY_Dreamyroom_Cocos/assets/7.Scripts/Pool/PoolControl.ts.
debug: Resolve file:///F:/CocosProject/PLY_Dreamyroom_Cocos/assets/7.Scripts/Pool/PoolManager.ts from cce:/internal/x/prerequisite-imports as file:///F:/CocosProject/PLY_Dreamyroom_Cocos/assets/7.Scripts/Pool/PoolManager.ts.
debug: Resolve file:///F:/CocosProject/PLY_Dreamyroom_Cocos/assets/7.Scripts/Pool/PoolMember.ts from cce:/internal/x/prerequisite-imports as file:///F:/CocosProject/PLY_Dreamyroom_Cocos/assets/7.Scripts/Pool/PoolMember.ts.
debug: Resolve file:///F:/CocosProject/PLY_Dreamyroom_Cocos/assets/7.Scripts/Tool/AppLovinAnalytics.ts from cce:/internal/x/prerequisite-imports as file:///F:/CocosProject/PLY_Dreamyroom_Cocos/assets/7.Scripts/Tool/AppLovinAnalytics.ts.
debug: Resolve file:///F:/CocosProject/PLY_Dreamyroom_Cocos/assets/7.Scripts/Tool/GameController.ts from cce:/internal/x/prerequisite-imports as file:///F:/CocosProject/PLY_Dreamyroom_Cocos/assets/7.Scripts/Tool/GameController.ts.
debug: Resolve file:///F:/CocosProject/PLY_Dreamyroom_Cocos/assets/7.Scripts/Tool/h5-helper.ts from cce:/internal/x/prerequisite-imports as file:///F:/CocosProject/PLY_Dreamyroom_Cocos/assets/7.Scripts/Tool/h5-helper.ts.
debug: Target(preview) ends with cost 124.04109996557236ms.
debug: Dispatch build request for time accumulated 6 asset changes.
debug: Build iteration starts.
Number of accumulated asset changes: 6
Feature changed: false
debug: Target(editor) build started.
debug: Detected change: cce:/internal/x/prerequisite-imports. Last mtime: Thu Jan 01 1970 07:31:50 GMT+0700 (Indochina Time), Current mtime: Thu Jan 01 1970 07:52:21 GMT+0700 (Indochina Time)
debug: Inspect cce:/internal/x/prerequisite-imports
debug: Resolve file:///C:/ProgramData/cocos/editors/Creator/3.7.4/resources/resources/3d/engine/editor/assets/tools/debug-view-runtime-control.ts from cce:/internal/x/prerequisite-imports as file:///C:/ProgramData/cocos/editors/Creator/3.7.4/resources/resources/3d/engine/editor/assets/tools/debug-view-runtime-control.ts.
debug: Resolve file:///F:/CocosProject/PLY_Dreamyroom_Cocos/assets/7.Scripts/Manager/AssetsManagerCustom.ts from cce:/internal/x/prerequisite-imports as file:///F:/CocosProject/PLY_Dreamyroom_Cocos/assets/7.Scripts/Manager/AssetsManagerCustom.ts.
debug: Resolve file:///F:/CocosProject/PLY_Dreamyroom_Cocos/assets/7.Scripts/Manager/Clock.ts from cce:/internal/x/prerequisite-imports as file:///F:/CocosProject/PLY_Dreamyroom_Cocos/assets/7.Scripts/Manager/Clock.ts.
debug: Resolve file:///F:/CocosProject/PLY_Dreamyroom_Cocos/assets/7.Scripts/Manager/InputManager.ts from cce:/internal/x/prerequisite-imports as file:///F:/CocosProject/PLY_Dreamyroom_Cocos/assets/7.Scripts/Manager/InputManager.ts.
debug: Resolve file:///F:/CocosProject/PLY_Dreamyroom_Cocos/assets/7.Scripts/Manager/Joystick.ts from cce:/internal/x/prerequisite-imports as file:///F:/CocosProject/PLY_Dreamyroom_Cocos/assets/7.Scripts/Manager/Joystick.ts.
debug: Resolve file:///F:/CocosProject/PLY_Dreamyroom_Cocos/assets/7.Scripts/Manager/MainCamera.ts from cce:/internal/x/prerequisite-imports as file:///F:/CocosProject/PLY_Dreamyroom_Cocos/assets/7.Scripts/Manager/MainCamera.ts.
debug: Resolve file:///F:/CocosProject/PLY_Dreamyroom_Cocos/assets/7.Scripts/Manager/PointerController.ts from cce:/internal/x/prerequisite-imports as file:///F:/CocosProject/PLY_Dreamyroom_Cocos/assets/7.Scripts/Manager/PointerController.ts.
debug: Resolve file:///F:/CocosProject/PLY_Dreamyroom_Cocos/assets/7.Scripts/Manager/SoundManager.ts from cce:/internal/x/prerequisite-imports as file:///F:/CocosProject/PLY_Dreamyroom_Cocos/assets/7.Scripts/Manager/SoundManager.ts.
debug: Resolve file:///F:/CocosProject/PLY_Dreamyroom_Cocos/assets/7.Scripts/Manager/UI.ts from cce:/internal/x/prerequisite-imports as file:///F:/CocosProject/PLY_Dreamyroom_Cocos/assets/7.Scripts/Manager/UI.ts.
debug: Resolve file:///F:/CocosProject/PLY_Dreamyroom_Cocos/assets/7.Scripts/Manager/VFX.ts from cce:/internal/x/prerequisite-imports as file:///F:/CocosProject/PLY_Dreamyroom_Cocos/assets/7.Scripts/Manager/VFX.ts.
debug: Resolve file:///F:/CocosProject/PLY_Dreamyroom_Cocos/assets/7.Scripts/Manager/World.ts from cce:/internal/x/prerequisite-imports as file:///F:/CocosProject/PLY_Dreamyroom_Cocos/assets/7.Scripts/Manager/World.ts.
debug: Resolve file:///F:/CocosProject/PLY_Dreamyroom_Cocos/assets/7.Scripts/MatchAsset/MatchSprite.ts from cce:/internal/x/prerequisite-imports as file:///F:/CocosProject/PLY_Dreamyroom_Cocos/assets/7.Scripts/MatchAsset/MatchSprite.ts.
debug: Resolve file:///F:/CocosProject/PLY_Dreamyroom_Cocos/assets/7.Scripts/MatchAsset/NodeOrder.ts from cce:/internal/x/prerequisite-imports as file:///F:/CocosProject/PLY_Dreamyroom_Cocos/assets/7.Scripts/MatchAsset/NodeOrder.ts.
debug: Resolve file:///F:/CocosProject/PLY_Dreamyroom_Cocos/assets/7.Scripts/MatchAsset/ReadImagePixel.ts from cce:/internal/x/prerequisite-imports as file:///F:/CocosProject/PLY_Dreamyroom_Cocos/assets/7.Scripts/MatchAsset/ReadImagePixel.ts.
debug: Resolve file:///F:/CocosProject/PLY_Dreamyroom_Cocos/assets/7.Scripts/MatchAsset/SpriteSizeSetter.ts from cce:/internal/x/prerequisite-imports as file:///F:/CocosProject/PLY_Dreamyroom_Cocos/assets/7.Scripts/MatchAsset/SpriteSizeSetter.ts.
debug: Resolve file:///F:/CocosProject/PLY_Dreamyroom_Cocos/assets/7.Scripts/MatchAsset/Ulis.ts from cce:/internal/x/prerequisite-imports as file:///F:/CocosProject/PLY_Dreamyroom_Cocos/assets/7.Scripts/MatchAsset/Ulis.ts.
debug: Resolve file:///F:/CocosProject/PLY_Dreamyroom_Cocos/assets/7.Scripts/Misc/AStar.ts from cce:/internal/x/prerequisite-imports as file:///F:/CocosProject/PLY_Dreamyroom_Cocos/assets/7.Scripts/Misc/AStar.ts.
debug: Resolve file:///F:/CocosProject/PLY_Dreamyroom_Cocos/assets/7.Scripts/Misc/Black.ts from cce:/internal/x/prerequisite-imports as file:///F:/CocosProject/PLY_Dreamyroom_Cocos/assets/7.Scripts/Misc/Black.ts.
debug: Resolve file:///F:/CocosProject/PLY_Dreamyroom_Cocos/assets/7.Scripts/Misc/Cloud.ts from cce:/internal/x/prerequisite-imports as file:///F:/CocosProject/PLY_Dreamyroom_Cocos/assets/7.Scripts/Misc/Cloud.ts.
debug: Resolve file:///F:/CocosProject/PLY_Dreamyroom_Cocos/assets/7.Scripts/Misc/IQ.ts from cce:/internal/x/prerequisite-imports as file:///F:/CocosProject/PLY_Dreamyroom_Cocos/assets/7.Scripts/Misc/IQ.ts.
debug: Resolve file:///F:/CocosProject/PLY_Dreamyroom_Cocos/assets/7.Scripts/Misc/MeshLoader.ts from cce:/internal/x/prerequisite-imports as file:///F:/CocosProject/PLY_Dreamyroom_Cocos/assets/7.Scripts/Misc/MeshLoader.ts.
debug: Resolve file:///F:/CocosProject/PLY_Dreamyroom_Cocos/assets/7.Scripts/Misc/SkinManager.ts from cce:/internal/x/prerequisite-imports as file:///F:/CocosProject/PLY_Dreamyroom_Cocos/assets/7.Scripts/Misc/SkinManager.ts.
debug: Resolve file:///F:/CocosProject/PLY_Dreamyroom_Cocos/assets/7.Scripts/Misc/SplineLineRenderer.ts from cce:/internal/x/prerequisite-imports as file:///F:/CocosProject/PLY_Dreamyroom_Cocos/assets/7.Scripts/Misc/SplineLineRenderer.ts.
debug: Resolve file:///F:/CocosProject/PLY_Dreamyroom_Cocos/assets/7.Scripts/Misc/Tooth.ts from cce:/internal/x/prerequisite-imports as file:///F:/CocosProject/PLY_Dreamyroom_Cocos/assets/7.Scripts/Misc/Tooth.ts.
debug: Resolve file:///F:/CocosProject/PLY_Dreamyroom_Cocos/assets/7.Scripts/Misc/Ulis.ts from cce:/internal/x/prerequisite-imports as file:///F:/CocosProject/PLY_Dreamyroom_Cocos/assets/7.Scripts/Misc/Ulis.ts.
debug: Resolve file:///F:/CocosProject/PLY_Dreamyroom_Cocos/assets/7.Scripts/MyScript/ScriptTemplate/ComponentCache.ts from cce:/internal/x/prerequisite-imports as file:///F:/CocosProject/PLY_Dreamyroom_Cocos/assets/7.Scripts/MyScript/ScriptTemplate/ComponentCache.ts.
debug: Inspect file:///F:/CocosProject/PLY_Dreamyroom_Cocos/assets/7.Scripts/MyScript/ScriptTemplate/ComponentCache.ts
debug: Resolve cc from file:///F:/CocosProject/PLY_Dreamyroom_Cocos/assets/7.Scripts/MyScript/ScriptTemplate/ComponentCache.ts as cce:/internal/x/cc.
debug: Resolve cc from file:///F:/CocosProject/PLY_Dreamyroom_Cocos/assets/7.Scripts/MyScript/ScriptTemplate/ComponentCache.ts as cce:/internal/x/cc.
debug: Resolve file:///F:/CocosProject/PLY_Dreamyroom_Cocos/assets/7.Scripts/MyScript/ScriptTemplate/Ply_GameUnit.ts from cce:/internal/x/prerequisite-imports as file:///F:/CocosProject/PLY_Dreamyroom_Cocos/assets/7.Scripts/MyScript/ScriptTemplate/Ply_GameUnit.ts.
debug: Inspect file:///F:/CocosProject/PLY_Dreamyroom_Cocos/assets/7.Scripts/MyScript/ScriptTemplate/Ply_GameUnit.ts
debug: Resolve cc from file:///F:/CocosProject/PLY_Dreamyroom_Cocos/assets/7.Scripts/MyScript/ScriptTemplate/Ply_GameUnit.ts as cce:/internal/x/cc.
debug: Resolve cc from file:///F:/CocosProject/PLY_Dreamyroom_Cocos/assets/7.Scripts/MyScript/ScriptTemplate/Ply_GameUnit.ts as cce:/internal/x/cc.
debug: Resolve cc from file:///F:/CocosProject/PLY_Dreamyroom_Cocos/assets/7.Scripts/MyScript/ScriptTemplate/Ply_GameUnit.ts as cce:/internal/x/cc.
debug: Resolve file:///F:/CocosProject/PLY_Dreamyroom_Cocos/assets/7.Scripts/MyScript/ScriptTemplate/Ply_Pool.ts from cce:/internal/x/prerequisite-imports as file:///F:/CocosProject/PLY_Dreamyroom_Cocos/assets/7.Scripts/MyScript/ScriptTemplate/Ply_Pool.ts.
debug: Inspect file:///F:/CocosProject/PLY_Dreamyroom_Cocos/assets/7.Scripts/MyScript/ScriptTemplate/Ply_Pool.ts
debug: Resolve cce:/internal/code-quality/cr.mjs from file:///F:/CocosProject/PLY_Dreamyroom_Cocos/assets/7.Scripts/MyScript/ScriptTemplate/Ply_Pool.ts as cce:/internal/code-quality/cr.mjs.
debug: Resolve cc from file:///F:/CocosProject/PLY_Dreamyroom_Cocos/assets/7.Scripts/MyScript/ScriptTemplate/Ply_Pool.ts as cce:/internal/x/cc.
debug: Resolve cc from file:///F:/CocosProject/PLY_Dreamyroom_Cocos/assets/7.Scripts/MyScript/ScriptTemplate/Ply_Pool.ts as cce:/internal/x/cc.
debug: Resolve cc from file:///F:/CocosProject/PLY_Dreamyroom_Cocos/assets/7.Scripts/MyScript/ScriptTemplate/Ply_Pool.ts as cce:/internal/x/cc.
debug: Resolve ./Ply_Singleton from file:///F:/CocosProject/PLY_Dreamyroom_Cocos/assets/7.Scripts/MyScript/ScriptTemplate/Ply_Pool.ts as file:///F:/CocosProject/PLY_Dreamyroom_Cocos/assets/7.Scripts/MyScript/ScriptTemplate/Ply_Singleton.ts.
debug: Inspect file:///F:/CocosProject/PLY_Dreamyroom_Cocos/assets/7.Scripts/MyScript/ScriptTemplate/Ply_Singleton.ts
debug: Resolve cc from file:///F:/CocosProject/PLY_Dreamyroom_Cocos/assets/7.Scripts/MyScript/ScriptTemplate/Ply_Singleton.ts as cce:/internal/x/cc.
debug: Resolve cc from file:///F:/CocosProject/PLY_Dreamyroom_Cocos/assets/7.Scripts/MyScript/ScriptTemplate/Ply_Singleton.ts as cce:/internal/x/cc.
debug: Resolve cc from file:///F:/CocosProject/PLY_Dreamyroom_Cocos/assets/7.Scripts/MyScript/ScriptTemplate/Ply_Singleton.ts as cce:/internal/x/cc.
debug: Resolve ./Ply_GameUnit from file:///F:/CocosProject/PLY_Dreamyroom_Cocos/assets/7.Scripts/MyScript/ScriptTemplate/Ply_Pool.ts as file:///F:/CocosProject/PLY_Dreamyroom_Cocos/assets/7.Scripts/MyScript/ScriptTemplate/Ply_GameUnit.ts.
debug: Resolve file:///F:/CocosProject/PLY_Dreamyroom_Cocos/assets/7.Scripts/MyScript/ScriptTemplate/Ply_Singleton.ts from cce:/internal/x/prerequisite-imports as file:///F:/CocosProject/PLY_Dreamyroom_Cocos/assets/7.Scripts/MyScript/ScriptTemplate/Ply_Singleton.ts.
debug: Resolve file:///F:/CocosProject/PLY_Dreamyroom_Cocos/assets/7.Scripts/MyScript/ScriptTemplate/Ply_SoundManager.ts from cce:/internal/x/prerequisite-imports as file:///F:/CocosProject/PLY_Dreamyroom_Cocos/assets/7.Scripts/MyScript/ScriptTemplate/Ply_SoundManager.ts.
debug: Inspect file:///F:/CocosProject/PLY_Dreamyroom_Cocos/assets/7.Scripts/MyScript/ScriptTemplate/Ply_SoundManager.ts
debug: Resolve cce:/internal/code-quality/cr.mjs from file:///F:/CocosProject/PLY_Dreamyroom_Cocos/assets/7.Scripts/MyScript/ScriptTemplate/Ply_SoundManager.ts as cce:/internal/code-quality/cr.mjs.
debug: Resolve cc from file:///F:/CocosProject/PLY_Dreamyroom_Cocos/assets/7.Scripts/MyScript/ScriptTemplate/Ply_SoundManager.ts as cce:/internal/x/cc.
debug: Resolve cc from file:///F:/CocosProject/PLY_Dreamyroom_Cocos/assets/7.Scripts/MyScript/ScriptTemplate/Ply_SoundManager.ts as cce:/internal/x/cc.
debug: Resolve cc from file:///F:/CocosProject/PLY_Dreamyroom_Cocos/assets/7.Scripts/MyScript/ScriptTemplate/Ply_SoundManager.ts as cce:/internal/x/cc.
debug: Resolve ./Ply_Singleton from file:///F:/CocosProject/PLY_Dreamyroom_Cocos/assets/7.Scripts/MyScript/ScriptTemplate/Ply_SoundManager.ts as file:///F:/CocosProject/PLY_Dreamyroom_Cocos/assets/7.Scripts/MyScript/ScriptTemplate/Ply_Singleton.ts.
debug: Resolve file:///F:/CocosProject/PLY_Dreamyroom_Cocos/assets/7.Scripts/MyScript/ScriptTemplate/Yielders.ts from cce:/internal/x/prerequisite-imports as file:///F:/CocosProject/PLY_Dreamyroom_Cocos/assets/7.Scripts/MyScript/ScriptTemplate/Yielders.ts.
debug: Inspect file:///F:/CocosProject/PLY_Dreamyroom_Cocos/assets/7.Scripts/MyScript/ScriptTemplate/Yielders.ts
debug: Resolve cc from file:///F:/CocosProject/PLY_Dreamyroom_Cocos/assets/7.Scripts/MyScript/ScriptTemplate/Yielders.ts as cce:/internal/x/cc.
debug: Resolve file:///F:/CocosProject/PLY_Dreamyroom_Cocos/assets/7.Scripts/MyScript/box/BoxController.ts from cce:/internal/x/prerequisite-imports as file:///F:/CocosProject/PLY_Dreamyroom_Cocos/assets/7.Scripts/MyScript/box/BoxController.ts.
debug: Resolve file:///F:/CocosProject/PLY_Dreamyroom_Cocos/assets/7.Scripts/MyScript/box/BoxGraphic.ts from cce:/internal/x/prerequisite-imports as file:///F:/CocosProject/PLY_Dreamyroom_Cocos/assets/7.Scripts/MyScript/box/BoxGraphic.ts.
debug: Resolve file:///F:/CocosProject/PLY_Dreamyroom_Cocos/assets/7.Scripts/MyScript/core/InputManager.ts from cce:/internal/x/prerequisite-imports as file:///F:/CocosProject/PLY_Dreamyroom_Cocos/assets/7.Scripts/MyScript/core/InputManager.ts.
debug: Resolve file:///F:/CocosProject/PLY_Dreamyroom_Cocos/assets/7.Scripts/MyScript/core/ObjectPool.ts from cce:/internal/x/prerequisite-imports as file:///F:/CocosProject/PLY_Dreamyroom_Cocos/assets/7.Scripts/MyScript/core/ObjectPool.ts.
debug: Resolve file:///F:/CocosProject/PLY_Dreamyroom_Cocos/assets/7.Scripts/MyScript/core/SoundManager.ts from cce:/internal/x/prerequisite-imports as file:///F:/CocosProject/PLY_Dreamyroom_Cocos/assets/7.Scripts/MyScript/core/SoundManager.ts.
debug: Resolve file:///F:/CocosProject/PLY_Dreamyroom_Cocos/assets/7.Scripts/MyScript/core/TweenUtil.ts from cce:/internal/x/prerequisite-imports as file:///F:/CocosProject/PLY_Dreamyroom_Cocos/assets/7.Scripts/MyScript/core/TweenUtil.ts.
debug: Resolve file:///F:/CocosProject/PLY_Dreamyroom_Cocos/assets/7.Scripts/MyScript/effects/BlinkEffect.ts from cce:/internal/x/prerequisite-imports as file:///F:/CocosProject/PLY_Dreamyroom_Cocos/assets/7.Scripts/MyScript/effects/BlinkEffect.ts.
debug: Resolve file:///F:/CocosProject/PLY_Dreamyroom_Cocos/assets/7.Scripts/MyScript/item/ItemController.ts from cce:/internal/x/prerequisite-imports as file:///F:/CocosProject/PLY_Dreamyroom_Cocos/assets/7.Scripts/MyScript/item/ItemController.ts.
debug: Resolve file:///F:/CocosProject/PLY_Dreamyroom_Cocos/assets/7.Scripts/MyScript/item/ItemGraphic.ts from cce:/internal/x/prerequisite-imports as file:///F:/CocosProject/PLY_Dreamyroom_Cocos/assets/7.Scripts/MyScript/item/ItemGraphic.ts.
debug: Resolve file:///F:/CocosProject/PLY_Dreamyroom_Cocos/assets/7.Scripts/MyScript/item/ItemMovement.ts from cce:/internal/x/prerequisite-imports as file:///F:/CocosProject/PLY_Dreamyroom_Cocos/assets/7.Scripts/MyScript/item/ItemMovement.ts.
debug: Resolve file:///F:/CocosProject/PLY_Dreamyroom_Cocos/assets/7.Scripts/MyScript/item/OpenItem.ts from cce:/internal/x/prerequisite-imports as file:///F:/CocosProject/PLY_Dreamyroom_Cocos/assets/7.Scripts/MyScript/item/OpenItem.ts.
debug: Resolve file:///F:/CocosProject/PLY_Dreamyroom_Cocos/assets/7.Scripts/MyScript/managers/BaseRoomManager.ts from cce:/internal/x/prerequisite-imports as file:///F:/CocosProject/PLY_Dreamyroom_Cocos/assets/7.Scripts/MyScript/managers/BaseRoomManager.ts.
debug: Resolve file:///F:/CocosProject/PLY_Dreamyroom_Cocos/assets/7.Scripts/MyScript/managers/BoxManager.ts from cce:/internal/x/prerequisite-imports as file:///F:/CocosProject/PLY_Dreamyroom_Cocos/assets/7.Scripts/MyScript/managers/BoxManager.ts.
debug: Resolve file:///F:/CocosProject/PLY_Dreamyroom_Cocos/assets/7.Scripts/MyScript/managers/ItemManager.ts from cce:/internal/x/prerequisite-imports as file:///F:/CocosProject/PLY_Dreamyroom_Cocos/assets/7.Scripts/MyScript/managers/ItemManager.ts.
debug: Resolve file:///F:/CocosProject/PLY_Dreamyroom_Cocos/assets/7.Scripts/MyScript/managers/ProgressTrackingManager.ts from cce:/internal/x/prerequisite-imports as file:///F:/CocosProject/PLY_Dreamyroom_Cocos/assets/7.Scripts/MyScript/managers/ProgressTrackingManager.ts.
debug: Resolve file:///F:/CocosProject/PLY_Dreamyroom_Cocos/assets/7.Scripts/MyScript/managers/UIManager.ts from cce:/internal/x/prerequisite-imports as file:///F:/CocosProject/PLY_Dreamyroom_Cocos/assets/7.Scripts/MyScript/managers/UIManager.ts.
debug: Resolve file:///F:/CocosProject/PLY_Dreamyroom_Cocos/assets/7.Scripts/MyScript/managers/WorldScrollManager.ts from cce:/internal/x/prerequisite-imports as file:///F:/CocosProject/PLY_Dreamyroom_Cocos/assets/7.Scripts/MyScript/managers/WorldScrollManager.ts.
debug: Resolve file:///F:/CocosProject/PLY_Dreamyroom_Cocos/assets/7.Scripts/MyScript/pipeline/AutoAssignByNameTool.ts from cce:/internal/x/prerequisite-imports as file:///F:/CocosProject/PLY_Dreamyroom_Cocos/assets/7.Scripts/MyScript/pipeline/AutoAssignByNameTool.ts.
debug: Resolve file:///F:/CocosProject/PLY_Dreamyroom_Cocos/assets/7.Scripts/MyScript/pipeline/SceneBuilder.ts from cce:/internal/x/prerequisite-imports as file:///F:/CocosProject/PLY_Dreamyroom_Cocos/assets/7.Scripts/MyScript/pipeline/SceneBuilder.ts.
debug: Resolve file:///F:/CocosProject/PLY_Dreamyroom_Cocos/assets/7.Scripts/MyScript/utils/BallFollowFill.ts from cce:/internal/x/prerequisite-imports as file:///F:/CocosProject/PLY_Dreamyroom_Cocos/assets/7.Scripts/MyScript/utils/BallFollowFill.ts.
debug: Resolve file:///F:/CocosProject/PLY_Dreamyroom_Cocos/assets/7.Scripts/MyScript/utils/BaseRoom.ts from cce:/internal/x/prerequisite-imports as file:///F:/CocosProject/PLY_Dreamyroom_Cocos/assets/7.Scripts/MyScript/utils/BaseRoom.ts.
debug: Resolve file:///F:/CocosProject/PLY_Dreamyroom_Cocos/assets/7.Scripts/MyScript/utils/ChangeLight.ts from cce:/internal/x/prerequisite-imports as file:///F:/CocosProject/PLY_Dreamyroom_Cocos/assets/7.Scripts/MyScript/utils/ChangeLight.ts.
debug: Resolve file:///F:/CocosProject/PLY_Dreamyroom_Cocos/assets/7.Scripts/MyScript/utils/HandOfBox.ts from cce:/internal/x/prerequisite-imports as file:///F:/CocosProject/PLY_Dreamyroom_Cocos/assets/7.Scripts/MyScript/utils/HandOfBox.ts.
debug: Resolve file:///F:/CocosProject/PLY_Dreamyroom_Cocos/assets/7.Scripts/MyScript/utils/HolderSlot.ts from cce:/internal/x/prerequisite-imports as file:///F:/CocosProject/PLY_Dreamyroom_Cocos/assets/7.Scripts/MyScript/utils/HolderSlot.ts.
debug: Resolve file:///F:/CocosProject/PLY_Dreamyroom_Cocos/assets/7.Scripts/MyScript/utils/SeatHandler.ts from cce:/internal/x/prerequisite-imports as file:///F:/CocosProject/PLY_Dreamyroom_Cocos/assets/7.Scripts/MyScript/utils/SeatHandler.ts.
debug: Resolve file:///F:/CocosProject/PLY_Dreamyroom_Cocos/assets/7.Scripts/MyScript/utils/TurnOnSpine.ts from cce:/internal/x/prerequisite-imports as file:///F:/CocosProject/PLY_Dreamyroom_Cocos/assets/7.Scripts/MyScript/utils/TurnOnSpine.ts.
debug: Resolve file:///F:/CocosProject/PLY_Dreamyroom_Cocos/assets/7.Scripts/Pool/PoolControl.ts from cce:/internal/x/prerequisite-imports as file:///F:/CocosProject/PLY_Dreamyroom_Cocos/assets/7.Scripts/Pool/PoolControl.ts.
debug: Resolve file:///F:/CocosProject/PLY_Dreamyroom_Cocos/assets/7.Scripts/Pool/PoolManager.ts from cce:/internal/x/prerequisite-imports as file:///F:/CocosProject/PLY_Dreamyroom_Cocos/assets/7.Scripts/Pool/PoolManager.ts.
debug: Resolve file:///F:/CocosProject/PLY_Dreamyroom_Cocos/assets/7.Scripts/Pool/PoolMember.ts from cce:/internal/x/prerequisite-imports as file:///F:/CocosProject/PLY_Dreamyroom_Cocos/assets/7.Scripts/Pool/PoolMember.ts.
debug: Resolve file:///F:/CocosProject/PLY_Dreamyroom_Cocos/assets/7.Scripts/Tool/AppLovinAnalytics.ts from cce:/internal/x/prerequisite-imports as file:///F:/CocosProject/PLY_Dreamyroom_Cocos/assets/7.Scripts/Tool/AppLovinAnalytics.ts.
debug: Resolve file:///F:/CocosProject/PLY_Dreamyroom_Cocos/assets/7.Scripts/Tool/GameController.ts from cce:/internal/x/prerequisite-imports as file:///F:/CocosProject/PLY_Dreamyroom_Cocos/assets/7.Scripts/Tool/GameController.ts.
debug: Resolve file:///F:/CocosProject/PLY_Dreamyroom_Cocos/assets/7.Scripts/Tool/h5-helper.ts from cce:/internal/x/prerequisite-imports as file:///F:/CocosProject/PLY_Dreamyroom_Cocos/assets/7.Scripts/Tool/h5-helper.ts.
debug: Target(editor) ends with cost 300.56999999284744ms.
debug: Target(preview) build started.
debug: Detected change: cce:/internal/x/prerequisite-imports. Last mtime: Thu Jan 01 1970 07:31:51 GMT+0700 (Indochina Time), Current mtime: Thu Jan 01 1970 07:52:21 GMT+0700 (Indochina Time)
debug: Inspect cce:/internal/x/prerequisite-imports
debug: Resolve file:///C:/ProgramData/cocos/editors/Creator/3.7.4/resources/resources/3d/engine/editor/assets/tools/debug-view-runtime-control.ts from cce:/internal/x/prerequisite-imports as file:///C:/ProgramData/cocos/editors/Creator/3.7.4/resources/resources/3d/engine/editor/assets/tools/debug-view-runtime-control.ts.
debug: Resolve file:///F:/CocosProject/PLY_Dreamyroom_Cocos/assets/7.Scripts/Manager/AssetsManagerCustom.ts from cce:/internal/x/prerequisite-imports as file:///F:/CocosProject/PLY_Dreamyroom_Cocos/assets/7.Scripts/Manager/AssetsManagerCustom.ts.
debug: Resolve file:///F:/CocosProject/PLY_Dreamyroom_Cocos/assets/7.Scripts/Manager/Clock.ts from cce:/internal/x/prerequisite-imports as file:///F:/CocosProject/PLY_Dreamyroom_Cocos/assets/7.Scripts/Manager/Clock.ts.
debug: Resolve file:///F:/CocosProject/PLY_Dreamyroom_Cocos/assets/7.Scripts/Manager/InputManager.ts from cce:/internal/x/prerequisite-imports as file:///F:/CocosProject/PLY_Dreamyroom_Cocos/assets/7.Scripts/Manager/InputManager.ts.
debug: Resolve file:///F:/CocosProject/PLY_Dreamyroom_Cocos/assets/7.Scripts/Manager/Joystick.ts from cce:/internal/x/prerequisite-imports as file:///F:/CocosProject/PLY_Dreamyroom_Cocos/assets/7.Scripts/Manager/Joystick.ts.
debug: Resolve file:///F:/CocosProject/PLY_Dreamyroom_Cocos/assets/7.Scripts/Manager/MainCamera.ts from cce:/internal/x/prerequisite-imports as file:///F:/CocosProject/PLY_Dreamyroom_Cocos/assets/7.Scripts/Manager/MainCamera.ts.
debug: Resolve file:///F:/CocosProject/PLY_Dreamyroom_Cocos/assets/7.Scripts/Manager/PointerController.ts from cce:/internal/x/prerequisite-imports as file:///F:/CocosProject/PLY_Dreamyroom_Cocos/assets/7.Scripts/Manager/PointerController.ts.
debug: Resolve file:///F:/CocosProject/PLY_Dreamyroom_Cocos/assets/7.Scripts/Manager/SoundManager.ts from cce:/internal/x/prerequisite-imports as file:///F:/CocosProject/PLY_Dreamyroom_Cocos/assets/7.Scripts/Manager/SoundManager.ts.
debug: Resolve file:///F:/CocosProject/PLY_Dreamyroom_Cocos/assets/7.Scripts/Manager/UI.ts from cce:/internal/x/prerequisite-imports as file:///F:/CocosProject/PLY_Dreamyroom_Cocos/assets/7.Scripts/Manager/UI.ts.
debug: Resolve file:///F:/CocosProject/PLY_Dreamyroom_Cocos/assets/7.Scripts/Manager/VFX.ts from cce:/internal/x/prerequisite-imports as file:///F:/CocosProject/PLY_Dreamyroom_Cocos/assets/7.Scripts/Manager/VFX.ts.
debug: Resolve file:///F:/CocosProject/PLY_Dreamyroom_Cocos/assets/7.Scripts/Manager/World.ts from cce:/internal/x/prerequisite-imports as file:///F:/CocosProject/PLY_Dreamyroom_Cocos/assets/7.Scripts/Manager/World.ts.
debug: Resolve file:///F:/CocosProject/PLY_Dreamyroom_Cocos/assets/7.Scripts/MatchAsset/MatchSprite.ts from cce:/internal/x/prerequisite-imports as file:///F:/CocosProject/PLY_Dreamyroom_Cocos/assets/7.Scripts/MatchAsset/MatchSprite.ts.
debug: Resolve file:///F:/CocosProject/PLY_Dreamyroom_Cocos/assets/7.Scripts/MatchAsset/NodeOrder.ts from cce:/internal/x/prerequisite-imports as file:///F:/CocosProject/PLY_Dreamyroom_Cocos/assets/7.Scripts/MatchAsset/NodeOrder.ts.
debug: Resolve file:///F:/CocosProject/PLY_Dreamyroom_Cocos/assets/7.Scripts/MatchAsset/ReadImagePixel.ts from cce:/internal/x/prerequisite-imports as file:///F:/CocosProject/PLY_Dreamyroom_Cocos/assets/7.Scripts/MatchAsset/ReadImagePixel.ts.
debug: Resolve file:///F:/CocosProject/PLY_Dreamyroom_Cocos/assets/7.Scripts/MatchAsset/SpriteSizeSetter.ts from cce:/internal/x/prerequisite-imports as file:///F:/CocosProject/PLY_Dreamyroom_Cocos/assets/7.Scripts/MatchAsset/SpriteSizeSetter.ts.
debug: Resolve file:///F:/CocosProject/PLY_Dreamyroom_Cocos/assets/7.Scripts/MatchAsset/Ulis.ts from cce:/internal/x/prerequisite-imports as file:///F:/CocosProject/PLY_Dreamyroom_Cocos/assets/7.Scripts/MatchAsset/Ulis.ts.
debug: Resolve file:///F:/CocosProject/PLY_Dreamyroom_Cocos/assets/7.Scripts/Misc/AStar.ts from cce:/internal/x/prerequisite-imports as file:///F:/CocosProject/PLY_Dreamyroom_Cocos/assets/7.Scripts/Misc/AStar.ts.
debug: Resolve file:///F:/CocosProject/PLY_Dreamyroom_Cocos/assets/7.Scripts/Misc/Black.ts from cce:/internal/x/prerequisite-imports as file:///F:/CocosProject/PLY_Dreamyroom_Cocos/assets/7.Scripts/Misc/Black.ts.
debug: Resolve file:///F:/CocosProject/PLY_Dreamyroom_Cocos/assets/7.Scripts/Misc/Cloud.ts from cce:/internal/x/prerequisite-imports as file:///F:/CocosProject/PLY_Dreamyroom_Cocos/assets/7.Scripts/Misc/Cloud.ts.
debug: Resolve file:///F:/CocosProject/PLY_Dreamyroom_Cocos/assets/7.Scripts/Misc/IQ.ts from cce:/internal/x/prerequisite-imports as file:///F:/CocosProject/PLY_Dreamyroom_Cocos/assets/7.Scripts/Misc/IQ.ts.
debug: Resolve file:///F:/CocosProject/PLY_Dreamyroom_Cocos/assets/7.Scripts/Misc/MeshLoader.ts from cce:/internal/x/prerequisite-imports as file:///F:/CocosProject/PLY_Dreamyroom_Cocos/assets/7.Scripts/Misc/MeshLoader.ts.
debug: Resolve file:///F:/CocosProject/PLY_Dreamyroom_Cocos/assets/7.Scripts/Misc/SkinManager.ts from cce:/internal/x/prerequisite-imports as file:///F:/CocosProject/PLY_Dreamyroom_Cocos/assets/7.Scripts/Misc/SkinManager.ts.
debug: Resolve file:///F:/CocosProject/PLY_Dreamyroom_Cocos/assets/7.Scripts/Misc/SplineLineRenderer.ts from cce:/internal/x/prerequisite-imports as file:///F:/CocosProject/PLY_Dreamyroom_Cocos/assets/7.Scripts/Misc/SplineLineRenderer.ts.
debug: Resolve file:///F:/CocosProject/PLY_Dreamyroom_Cocos/assets/7.Scripts/Misc/Tooth.ts from cce:/internal/x/prerequisite-imports as file:///F:/CocosProject/PLY_Dreamyroom_Cocos/assets/7.Scripts/Misc/Tooth.ts.
debug: Resolve file:///F:/CocosProject/PLY_Dreamyroom_Cocos/assets/7.Scripts/Misc/Ulis.ts from cce:/internal/x/prerequisite-imports as file:///F:/CocosProject/PLY_Dreamyroom_Cocos/assets/7.Scripts/Misc/Ulis.ts.
debug: Resolve file:///F:/CocosProject/PLY_Dreamyroom_Cocos/assets/7.Scripts/MyScript/ScriptTemplate/ComponentCache.ts from cce:/internal/x/prerequisite-imports as file:///F:/CocosProject/PLY_Dreamyroom_Cocos/assets/7.Scripts/MyScript/ScriptTemplate/ComponentCache.ts.
debug: Inspect file:///F:/CocosProject/PLY_Dreamyroom_Cocos/assets/7.Scripts/MyScript/ScriptTemplate/ComponentCache.ts
debug: Resolve cc from file:///F:/CocosProject/PLY_Dreamyroom_Cocos/assets/7.Scripts/MyScript/ScriptTemplate/ComponentCache.ts as cce:/internal/x/cc.
debug: Resolve cc from file:///F:/CocosProject/PLY_Dreamyroom_Cocos/assets/7.Scripts/MyScript/ScriptTemplate/ComponentCache.ts as cce:/internal/x/cc.
debug: Resolve file:///F:/CocosProject/PLY_Dreamyroom_Cocos/assets/7.Scripts/MyScript/ScriptTemplate/Ply_GameUnit.ts from cce:/internal/x/prerequisite-imports as file:///F:/CocosProject/PLY_Dreamyroom_Cocos/assets/7.Scripts/MyScript/ScriptTemplate/Ply_GameUnit.ts.
debug: Inspect file:///F:/CocosProject/PLY_Dreamyroom_Cocos/assets/7.Scripts/MyScript/ScriptTemplate/Ply_GameUnit.ts
debug: Resolve cc from file:///F:/CocosProject/PLY_Dreamyroom_Cocos/assets/7.Scripts/MyScript/ScriptTemplate/Ply_GameUnit.ts as cce:/internal/x/cc.
debug: Resolve cc from file:///F:/CocosProject/PLY_Dreamyroom_Cocos/assets/7.Scripts/MyScript/ScriptTemplate/Ply_GameUnit.ts as cce:/internal/x/cc.
debug: Resolve cc from file:///F:/CocosProject/PLY_Dreamyroom_Cocos/assets/7.Scripts/MyScript/ScriptTemplate/Ply_GameUnit.ts as cce:/internal/x/cc.
debug: Resolve file:///F:/CocosProject/PLY_Dreamyroom_Cocos/assets/7.Scripts/MyScript/ScriptTemplate/Ply_Pool.ts from cce:/internal/x/prerequisite-imports as file:///F:/CocosProject/PLY_Dreamyroom_Cocos/assets/7.Scripts/MyScript/ScriptTemplate/Ply_Pool.ts.
debug: Inspect file:///F:/CocosProject/PLY_Dreamyroom_Cocos/assets/7.Scripts/MyScript/ScriptTemplate/Ply_Pool.ts
debug: Resolve cce:/internal/code-quality/cr.mjs from file:///F:/CocosProject/PLY_Dreamyroom_Cocos/assets/7.Scripts/MyScript/ScriptTemplate/Ply_Pool.ts as cce:/internal/code-quality/cr.mjs.
debug: Resolve cc from file:///F:/CocosProject/PLY_Dreamyroom_Cocos/assets/7.Scripts/MyScript/ScriptTemplate/Ply_Pool.ts as cce:/internal/x/cc.
debug: Resolve cc from file:///F:/CocosProject/PLY_Dreamyroom_Cocos/assets/7.Scripts/MyScript/ScriptTemplate/Ply_Pool.ts as cce:/internal/x/cc.
debug: Resolve cc from file:///F:/CocosProject/PLY_Dreamyroom_Cocos/assets/7.Scripts/MyScript/ScriptTemplate/Ply_Pool.ts as cce:/internal/x/cc.
debug: Resolve ./Ply_Singleton from file:///F:/CocosProject/PLY_Dreamyroom_Cocos/assets/7.Scripts/MyScript/ScriptTemplate/Ply_Pool.ts as file:///F:/CocosProject/PLY_Dreamyroom_Cocos/assets/7.Scripts/MyScript/ScriptTemplate/Ply_Singleton.ts.
debug: Inspect file:///F:/CocosProject/PLY_Dreamyroom_Cocos/assets/7.Scripts/MyScript/ScriptTemplate/Ply_Singleton.ts
debug: Resolve cc from file:///F:/CocosProject/PLY_Dreamyroom_Cocos/assets/7.Scripts/MyScript/ScriptTemplate/Ply_Singleton.ts as cce:/internal/x/cc.
debug: Resolve cc from file:///F:/CocosProject/PLY_Dreamyroom_Cocos/assets/7.Scripts/MyScript/ScriptTemplate/Ply_Singleton.ts as cce:/internal/x/cc.
debug: Resolve cc from file:///F:/CocosProject/PLY_Dreamyroom_Cocos/assets/7.Scripts/MyScript/ScriptTemplate/Ply_Singleton.ts as cce:/internal/x/cc.
debug: Resolve ./Ply_GameUnit from file:///F:/CocosProject/PLY_Dreamyroom_Cocos/assets/7.Scripts/MyScript/ScriptTemplate/Ply_Pool.ts as file:///F:/CocosProject/PLY_Dreamyroom_Cocos/assets/7.Scripts/MyScript/ScriptTemplate/Ply_GameUnit.ts.
debug: Resolve file:///F:/CocosProject/PLY_Dreamyroom_Cocos/assets/7.Scripts/MyScript/ScriptTemplate/Ply_Singleton.ts from cce:/internal/x/prerequisite-imports as file:///F:/CocosProject/PLY_Dreamyroom_Cocos/assets/7.Scripts/MyScript/ScriptTemplate/Ply_Singleton.ts.
debug: Resolve file:///F:/CocosProject/PLY_Dreamyroom_Cocos/assets/7.Scripts/MyScript/ScriptTemplate/Ply_SoundManager.ts from cce:/internal/x/prerequisite-imports as file:///F:/CocosProject/PLY_Dreamyroom_Cocos/assets/7.Scripts/MyScript/ScriptTemplate/Ply_SoundManager.ts.
debug: Inspect file:///F:/CocosProject/PLY_Dreamyroom_Cocos/assets/7.Scripts/MyScript/ScriptTemplate/Ply_SoundManager.ts
debug: Resolve cce:/internal/code-quality/cr.mjs from file:///F:/CocosProject/PLY_Dreamyroom_Cocos/assets/7.Scripts/MyScript/ScriptTemplate/Ply_SoundManager.ts as cce:/internal/code-quality/cr.mjs.
debug: Resolve cc from file:///F:/CocosProject/PLY_Dreamyroom_Cocos/assets/7.Scripts/MyScript/ScriptTemplate/Ply_SoundManager.ts as cce:/internal/x/cc.
debug: Resolve cc from file:///F:/CocosProject/PLY_Dreamyroom_Cocos/assets/7.Scripts/MyScript/ScriptTemplate/Ply_SoundManager.ts as cce:/internal/x/cc.
debug: Resolve cc from file:///F:/CocosProject/PLY_Dreamyroom_Cocos/assets/7.Scripts/MyScript/ScriptTemplate/Ply_SoundManager.ts as cce:/internal/x/cc.
debug: Resolve ./Ply_Singleton from file:///F:/CocosProject/PLY_Dreamyroom_Cocos/assets/7.Scripts/MyScript/ScriptTemplate/Ply_SoundManager.ts as file:///F:/CocosProject/PLY_Dreamyroom_Cocos/assets/7.Scripts/MyScript/ScriptTemplate/Ply_Singleton.ts.
debug: Resolve file:///F:/CocosProject/PLY_Dreamyroom_Cocos/assets/7.Scripts/MyScript/ScriptTemplate/Yielders.ts from cce:/internal/x/prerequisite-imports as file:///F:/CocosProject/PLY_Dreamyroom_Cocos/assets/7.Scripts/MyScript/ScriptTemplate/Yielders.ts.
debug: Inspect file:///F:/CocosProject/PLY_Dreamyroom_Cocos/assets/7.Scripts/MyScript/ScriptTemplate/Yielders.ts
debug: Resolve cc from file:///F:/CocosProject/PLY_Dreamyroom_Cocos/assets/7.Scripts/MyScript/ScriptTemplate/Yielders.ts as cce:/internal/x/cc.
debug: Resolve file:///F:/CocosProject/PLY_Dreamyroom_Cocos/assets/7.Scripts/MyScript/box/BoxController.ts from cce:/internal/x/prerequisite-imports as file:///F:/CocosProject/PLY_Dreamyroom_Cocos/assets/7.Scripts/MyScript/box/BoxController.ts.
debug: Resolve file:///F:/CocosProject/PLY_Dreamyroom_Cocos/assets/7.Scripts/MyScript/box/BoxGraphic.ts from cce:/internal/x/prerequisite-imports as file:///F:/CocosProject/PLY_Dreamyroom_Cocos/assets/7.Scripts/MyScript/box/BoxGraphic.ts.
debug: Resolve file:///F:/CocosProject/PLY_Dreamyroom_Cocos/assets/7.Scripts/MyScript/core/InputManager.ts from cce:/internal/x/prerequisite-imports as file:///F:/CocosProject/PLY_Dreamyroom_Cocos/assets/7.Scripts/MyScript/core/InputManager.ts.
debug: Resolve file:///F:/CocosProject/PLY_Dreamyroom_Cocos/assets/7.Scripts/MyScript/core/ObjectPool.ts from cce:/internal/x/prerequisite-imports as file:///F:/CocosProject/PLY_Dreamyroom_Cocos/assets/7.Scripts/MyScript/core/ObjectPool.ts.
debug: Resolve file:///F:/CocosProject/PLY_Dreamyroom_Cocos/assets/7.Scripts/MyScript/core/SoundManager.ts from cce:/internal/x/prerequisite-imports as file:///F:/CocosProject/PLY_Dreamyroom_Cocos/assets/7.Scripts/MyScript/core/SoundManager.ts.
debug: Resolve file:///F:/CocosProject/PLY_Dreamyroom_Cocos/assets/7.Scripts/MyScript/core/TweenUtil.ts from cce:/internal/x/prerequisite-imports as file:///F:/CocosProject/PLY_Dreamyroom_Cocos/assets/7.Scripts/MyScript/core/TweenUtil.ts.
debug: Resolve file:///F:/CocosProject/PLY_Dreamyroom_Cocos/assets/7.Scripts/MyScript/effects/BlinkEffect.ts from cce:/internal/x/prerequisite-imports as file:///F:/CocosProject/PLY_Dreamyroom_Cocos/assets/7.Scripts/MyScript/effects/BlinkEffect.ts.
debug: Resolve file:///F:/CocosProject/PLY_Dreamyroom_Cocos/assets/7.Scripts/MyScript/item/ItemController.ts from cce:/internal/x/prerequisite-imports as file:///F:/CocosProject/PLY_Dreamyroom_Cocos/assets/7.Scripts/MyScript/item/ItemController.ts.
debug: Resolve file:///F:/CocosProject/PLY_Dreamyroom_Cocos/assets/7.Scripts/MyScript/item/ItemGraphic.ts from cce:/internal/x/prerequisite-imports as file:///F:/CocosProject/PLY_Dreamyroom_Cocos/assets/7.Scripts/MyScript/item/ItemGraphic.ts.
debug: Resolve file:///F:/CocosProject/PLY_Dreamyroom_Cocos/assets/7.Scripts/MyScript/item/ItemMovement.ts from cce:/internal/x/prerequisite-imports as file:///F:/CocosProject/PLY_Dreamyroom_Cocos/assets/7.Scripts/MyScript/item/ItemMovement.ts.
debug: Resolve file:///F:/CocosProject/PLY_Dreamyroom_Cocos/assets/7.Scripts/MyScript/item/OpenItem.ts from cce:/internal/x/prerequisite-imports as file:///F:/CocosProject/PLY_Dreamyroom_Cocos/assets/7.Scripts/MyScript/item/OpenItem.ts.
debug: Resolve file:///F:/CocosProject/PLY_Dreamyroom_Cocos/assets/7.Scripts/MyScript/managers/BaseRoomManager.ts from cce:/internal/x/prerequisite-imports as file:///F:/CocosProject/PLY_Dreamyroom_Cocos/assets/7.Scripts/MyScript/managers/BaseRoomManager.ts.
debug: Resolve file:///F:/CocosProject/PLY_Dreamyroom_Cocos/assets/7.Scripts/MyScript/managers/BoxManager.ts from cce:/internal/x/prerequisite-imports as file:///F:/CocosProject/PLY_Dreamyroom_Cocos/assets/7.Scripts/MyScript/managers/BoxManager.ts.
debug: Resolve file:///F:/CocosProject/PLY_Dreamyroom_Cocos/assets/7.Scripts/MyScript/managers/ItemManager.ts from cce:/internal/x/prerequisite-imports as file:///F:/CocosProject/PLY_Dreamyroom_Cocos/assets/7.Scripts/MyScript/managers/ItemManager.ts.
debug: Resolve file:///F:/CocosProject/PLY_Dreamyroom_Cocos/assets/7.Scripts/MyScript/managers/ProgressTrackingManager.ts from cce:/internal/x/prerequisite-imports as file:///F:/CocosProject/PLY_Dreamyroom_Cocos/assets/7.Scripts/MyScript/managers/ProgressTrackingManager.ts.
debug: Resolve file:///F:/CocosProject/PLY_Dreamyroom_Cocos/assets/7.Scripts/MyScript/managers/UIManager.ts from cce:/internal/x/prerequisite-imports as file:///F:/CocosProject/PLY_Dreamyroom_Cocos/assets/7.Scripts/MyScript/managers/UIManager.ts.
debug: Resolve file:///F:/CocosProject/PLY_Dreamyroom_Cocos/assets/7.Scripts/MyScript/managers/WorldScrollManager.ts from cce:/internal/x/prerequisite-imports as file:///F:/CocosProject/PLY_Dreamyroom_Cocos/assets/7.Scripts/MyScript/managers/WorldScrollManager.ts.
debug: Resolve file:///F:/CocosProject/PLY_Dreamyroom_Cocos/assets/7.Scripts/MyScript/pipeline/AutoAssignByNameTool.ts from cce:/internal/x/prerequisite-imports as file:///F:/CocosProject/PLY_Dreamyroom_Cocos/assets/7.Scripts/MyScript/pipeline/AutoAssignByNameTool.ts.
debug: Resolve file:///F:/CocosProject/PLY_Dreamyroom_Cocos/assets/7.Scripts/MyScript/pipeline/SceneBuilder.ts from cce:/internal/x/prerequisite-imports as file:///F:/CocosProject/PLY_Dreamyroom_Cocos/assets/7.Scripts/MyScript/pipeline/SceneBuilder.ts.
debug: Resolve file:///F:/CocosProject/PLY_Dreamyroom_Cocos/assets/7.Scripts/MyScript/utils/BallFollowFill.ts from cce:/internal/x/prerequisite-imports as file:///F:/CocosProject/PLY_Dreamyroom_Cocos/assets/7.Scripts/MyScript/utils/BallFollowFill.ts.
debug: Resolve file:///F:/CocosProject/PLY_Dreamyroom_Cocos/assets/7.Scripts/MyScript/utils/BaseRoom.ts from cce:/internal/x/prerequisite-imports as file:///F:/CocosProject/PLY_Dreamyroom_Cocos/assets/7.Scripts/MyScript/utils/BaseRoom.ts.
debug: Resolve file:///F:/CocosProject/PLY_Dreamyroom_Cocos/assets/7.Scripts/MyScript/utils/ChangeLight.ts from cce:/internal/x/prerequisite-imports as file:///F:/CocosProject/PLY_Dreamyroom_Cocos/assets/7.Scripts/MyScript/utils/ChangeLight.ts.
debug: Resolve file:///F:/CocosProject/PLY_Dreamyroom_Cocos/assets/7.Scripts/MyScript/utils/HandOfBox.ts from cce:/internal/x/prerequisite-imports as file:///F:/CocosProject/PLY_Dreamyroom_Cocos/assets/7.Scripts/MyScript/utils/HandOfBox.ts.
debug: Resolve file:///F:/CocosProject/PLY_Dreamyroom_Cocos/assets/7.Scripts/MyScript/utils/HolderSlot.ts from cce:/internal/x/prerequisite-imports as file:///F:/CocosProject/PLY_Dreamyroom_Cocos/assets/7.Scripts/MyScript/utils/HolderSlot.ts.
debug: Resolve file:///F:/CocosProject/PLY_Dreamyroom_Cocos/assets/7.Scripts/MyScript/utils/SeatHandler.ts from cce:/internal/x/prerequisite-imports as file:///F:/CocosProject/PLY_Dreamyroom_Cocos/assets/7.Scripts/MyScript/utils/SeatHandler.ts.
debug: Resolve file:///F:/CocosProject/PLY_Dreamyroom_Cocos/assets/7.Scripts/MyScript/utils/TurnOnSpine.ts from cce:/internal/x/prerequisite-imports as file:///F:/CocosProject/PLY_Dreamyroom_Cocos/assets/7.Scripts/MyScript/utils/TurnOnSpine.ts.
debug: Resolve file:///F:/CocosProject/PLY_Dreamyroom_Cocos/assets/7.Scripts/Pool/PoolControl.ts from cce:/internal/x/prerequisite-imports as file:///F:/CocosProject/PLY_Dreamyroom_Cocos/assets/7.Scripts/Pool/PoolControl.ts.
debug: Resolve file:///F:/CocosProject/PLY_Dreamyroom_Cocos/assets/7.Scripts/Pool/PoolManager.ts from cce:/internal/x/prerequisite-imports as file:///F:/CocosProject/PLY_Dreamyroom_Cocos/assets/7.Scripts/Pool/PoolManager.ts.
debug: Resolve file:///F:/CocosProject/PLY_Dreamyroom_Cocos/assets/7.Scripts/Pool/PoolMember.ts from cce:/internal/x/prerequisite-imports as file:///F:/CocosProject/PLY_Dreamyroom_Cocos/assets/7.Scripts/Pool/PoolMember.ts.
debug: Resolve file:///F:/CocosProject/PLY_Dreamyroom_Cocos/assets/7.Scripts/Tool/AppLovinAnalytics.ts from cce:/internal/x/prerequisite-imports as file:///F:/CocosProject/PLY_Dreamyroom_Cocos/assets/7.Scripts/Tool/AppLovinAnalytics.ts.
debug: Resolve file:///F:/CocosProject/PLY_Dreamyroom_Cocos/assets/7.Scripts/Tool/GameController.ts from cce:/internal/x/prerequisite-imports as file:///F:/CocosProject/PLY_Dreamyroom_Cocos/assets/7.Scripts/Tool/GameController.ts.
debug: Resolve file:///F:/CocosProject/PLY_Dreamyroom_Cocos/assets/7.Scripts/Tool/h5-helper.ts from cce:/internal/x/prerequisite-imports as file:///F:/CocosProject/PLY_Dreamyroom_Cocos/assets/7.Scripts/Tool/h5-helper.ts.
debug: Target(preview) ends with cost 291.63749998807907ms.
debug: Dispatch build request for time accumulated 3 asset changes.
debug: Build iteration starts.
Number of accumulated asset changes: 3
Feature changed: false
debug: Target(editor) build started.
debug: Detected change: cce:/internal/x/prerequisite-imports. Last mtime: Thu Jan 01 1970 07:52:21 GMT+0700 (Indochina Time), Current mtime: Thu Jan 01 1970 07:57:55 GMT+0700 (Indochina Time)
debug: Inspect cce:/internal/x/prerequisite-imports
debug: Resolve file:///C:/ProgramData/cocos/editors/Creator/3.7.4/resources/resources/3d/engine/editor/assets/tools/debug-view-runtime-control.ts from cce:/internal/x/prerequisite-imports as file:///C:/ProgramData/cocos/editors/Creator/3.7.4/resources/resources/3d/engine/editor/assets/tools/debug-view-runtime-control.ts.
debug: Resolve file:///F:/CocosProject/PLY_Dreamyroom_Cocos/assets/7.Scripts/Manager/AssetsManagerCustom.ts from cce:/internal/x/prerequisite-imports as file:///F:/CocosProject/PLY_Dreamyroom_Cocos/assets/7.Scripts/Manager/AssetsManagerCustom.ts.
debug: Resolve file:///F:/CocosProject/PLY_Dreamyroom_Cocos/assets/7.Scripts/Manager/Clock.ts from cce:/internal/x/prerequisite-imports as file:///F:/CocosProject/PLY_Dreamyroom_Cocos/assets/7.Scripts/Manager/Clock.ts.
debug: Resolve file:///F:/CocosProject/PLY_Dreamyroom_Cocos/assets/7.Scripts/Manager/InputManager.ts from cce:/internal/x/prerequisite-imports as file:///F:/CocosProject/PLY_Dreamyroom_Cocos/assets/7.Scripts/Manager/InputManager.ts.
debug: Resolve file:///F:/CocosProject/PLY_Dreamyroom_Cocos/assets/7.Scripts/Manager/Joystick.ts from cce:/internal/x/prerequisite-imports as file:///F:/CocosProject/PLY_Dreamyroom_Cocos/assets/7.Scripts/Manager/Joystick.ts.
debug: Resolve file:///F:/CocosProject/PLY_Dreamyroom_Cocos/assets/7.Scripts/Manager/MainCamera.ts from cce:/internal/x/prerequisite-imports as file:///F:/CocosProject/PLY_Dreamyroom_Cocos/assets/7.Scripts/Manager/MainCamera.ts.
debug: Resolve file:///F:/CocosProject/PLY_Dreamyroom_Cocos/assets/7.Scripts/Manager/PointerController.ts from cce:/internal/x/prerequisite-imports as file:///F:/CocosProject/PLY_Dreamyroom_Cocos/assets/7.Scripts/Manager/PointerController.ts.
debug: Resolve file:///F:/CocosProject/PLY_Dreamyroom_Cocos/assets/7.Scripts/Manager/SoundManager.ts from cce:/internal/x/prerequisite-imports as file:///F:/CocosProject/PLY_Dreamyroom_Cocos/assets/7.Scripts/Manager/SoundManager.ts.
debug: Resolve file:///F:/CocosProject/PLY_Dreamyroom_Cocos/assets/7.Scripts/Manager/UI.ts from cce:/internal/x/prerequisite-imports as file:///F:/CocosProject/PLY_Dreamyroom_Cocos/assets/7.Scripts/Manager/UI.ts.
debug: Resolve file:///F:/CocosProject/PLY_Dreamyroom_Cocos/assets/7.Scripts/Manager/VFX.ts from cce:/internal/x/prerequisite-imports as file:///F:/CocosProject/PLY_Dreamyroom_Cocos/assets/7.Scripts/Manager/VFX.ts.
debug: Resolve file:///F:/CocosProject/PLY_Dreamyroom_Cocos/assets/7.Scripts/Manager/World.ts from cce:/internal/x/prerequisite-imports as file:///F:/CocosProject/PLY_Dreamyroom_Cocos/assets/7.Scripts/Manager/World.ts.
debug: Resolve file:///F:/CocosProject/PLY_Dreamyroom_Cocos/assets/7.Scripts/MatchAsset/MatchSprite.ts from cce:/internal/x/prerequisite-imports as file:///F:/CocosProject/PLY_Dreamyroom_Cocos/assets/7.Scripts/MatchAsset/MatchSprite.ts.
debug: Resolve file:///F:/CocosProject/PLY_Dreamyroom_Cocos/assets/7.Scripts/MatchAsset/NodeOrder.ts from cce:/internal/x/prerequisite-imports as file:///F:/CocosProject/PLY_Dreamyroom_Cocos/assets/7.Scripts/MatchAsset/NodeOrder.ts.
debug: Resolve file:///F:/CocosProject/PLY_Dreamyroom_Cocos/assets/7.Scripts/MatchAsset/ReadImagePixel.ts from cce:/internal/x/prerequisite-imports as file:///F:/CocosProject/PLY_Dreamyroom_Cocos/assets/7.Scripts/MatchAsset/ReadImagePixel.ts.
debug: Resolve file:///F:/CocosProject/PLY_Dreamyroom_Cocos/assets/7.Scripts/MatchAsset/SpriteSizeSetter.ts from cce:/internal/x/prerequisite-imports as file:///F:/CocosProject/PLY_Dreamyroom_Cocos/assets/7.Scripts/MatchAsset/SpriteSizeSetter.ts.
debug: Resolve file:///F:/CocosProject/PLY_Dreamyroom_Cocos/assets/7.Scripts/MatchAsset/Ulis.ts from cce:/internal/x/prerequisite-imports as file:///F:/CocosProject/PLY_Dreamyroom_Cocos/assets/7.Scripts/MatchAsset/Ulis.ts.
debug: Resolve file:///F:/CocosProject/PLY_Dreamyroom_Cocos/assets/7.Scripts/Misc/AStar.ts from cce:/internal/x/prerequisite-imports as file:///F:/CocosProject/PLY_Dreamyroom_Cocos/assets/7.Scripts/Misc/AStar.ts.
debug: Resolve file:///F:/CocosProject/PLY_Dreamyroom_Cocos/assets/7.Scripts/Misc/Black.ts from cce:/internal/x/prerequisite-imports as file:///F:/CocosProject/PLY_Dreamyroom_Cocos/assets/7.Scripts/Misc/Black.ts.
debug: Resolve file:///F:/CocosProject/PLY_Dreamyroom_Cocos/assets/7.Scripts/Misc/Cloud.ts from cce:/internal/x/prerequisite-imports as file:///F:/CocosProject/PLY_Dreamyroom_Cocos/assets/7.Scripts/Misc/Cloud.ts.
debug: Resolve file:///F:/CocosProject/PLY_Dreamyroom_Cocos/assets/7.Scripts/Misc/IQ.ts from cce:/internal/x/prerequisite-imports as file:///F:/CocosProject/PLY_Dreamyroom_Cocos/assets/7.Scripts/Misc/IQ.ts.
debug: Resolve file:///F:/CocosProject/PLY_Dreamyroom_Cocos/assets/7.Scripts/Misc/MeshLoader.ts from cce:/internal/x/prerequisite-imports as file:///F:/CocosProject/PLY_Dreamyroom_Cocos/assets/7.Scripts/Misc/MeshLoader.ts.
debug: Resolve file:///F:/CocosProject/PLY_Dreamyroom_Cocos/assets/7.Scripts/Misc/SkinManager.ts from cce:/internal/x/prerequisite-imports as file:///F:/CocosProject/PLY_Dreamyroom_Cocos/assets/7.Scripts/Misc/SkinManager.ts.
debug: Resolve file:///F:/CocosProject/PLY_Dreamyroom_Cocos/assets/7.Scripts/Misc/SplineLineRenderer.ts from cce:/internal/x/prerequisite-imports as file:///F:/CocosProject/PLY_Dreamyroom_Cocos/assets/7.Scripts/Misc/SplineLineRenderer.ts.
debug: Resolve file:///F:/CocosProject/PLY_Dreamyroom_Cocos/assets/7.Scripts/Misc/Tooth.ts from cce:/internal/x/prerequisite-imports as file:///F:/CocosProject/PLY_Dreamyroom_Cocos/assets/7.Scripts/Misc/Tooth.ts.
debug: Resolve file:///F:/CocosProject/PLY_Dreamyroom_Cocos/assets/7.Scripts/Misc/Ulis.ts from cce:/internal/x/prerequisite-imports as file:///F:/CocosProject/PLY_Dreamyroom_Cocos/assets/7.Scripts/Misc/Ulis.ts.
debug: Resolve file:///F:/CocosProject/PLY_Dreamyroom_Cocos/assets/7.Scripts/MyScript/ScriptTemplate/ComponentCache.ts from cce:/internal/x/prerequisite-imports as file:///F:/CocosProject/PLY_Dreamyroom_Cocos/assets/7.Scripts/MyScript/ScriptTemplate/ComponentCache.ts.
debug: Resolve file:///F:/CocosProject/PLY_Dreamyroom_Cocos/assets/7.Scripts/MyScript/ScriptTemplate/Ply_GameUnit.ts from cce:/internal/x/prerequisite-imports as file:///F:/CocosProject/PLY_Dreamyroom_Cocos/assets/7.Scripts/MyScript/ScriptTemplate/Ply_GameUnit.ts.
debug: Resolve file:///F:/CocosProject/PLY_Dreamyroom_Cocos/assets/7.Scripts/MyScript/ScriptTemplate/Ply_Pool.ts from cce:/internal/x/prerequisite-imports as file:///F:/CocosProject/PLY_Dreamyroom_Cocos/assets/7.Scripts/MyScript/ScriptTemplate/Ply_Pool.ts.
debug: Detected change: file:///F:/CocosProject/PLY_Dreamyroom_Cocos/assets/7.Scripts/MyScript/ScriptTemplate/Ply_Pool.ts. Last mtime: Wed Aug 12 2026 13:51:41 GMT+0700 (Indochina Time)@0659ac3c-d084-4732-95e3-f16cbbd9eca1, Current mtime: Wed Aug 19 2026 14:31:36 GMT+0700 (Indochina Time)@0659ac3c-d084-4732-95e3-f16cbbd9eca1
debug: Inspect file:///F:/CocosProject/PLY_Dreamyroom_Cocos/assets/7.Scripts/MyScript/ScriptTemplate/Ply_Pool.ts
debug: Resolve cce:/internal/code-quality/cr.mjs from file:///F:/CocosProject/PLY_Dreamyroom_Cocos/assets/7.Scripts/MyScript/ScriptTemplate/Ply_Pool.ts as cce:/internal/code-quality/cr.mjs.
debug: Resolve cc from file:///F:/CocosProject/PLY_Dreamyroom_Cocos/assets/7.Scripts/MyScript/ScriptTemplate/Ply_Pool.ts as cce:/internal/x/cc.
debug: Resolve cc from file:///F:/CocosProject/PLY_Dreamyroom_Cocos/assets/7.Scripts/MyScript/ScriptTemplate/Ply_Pool.ts as cce:/internal/x/cc.
debug: Resolve cc from file:///F:/CocosProject/PLY_Dreamyroom_Cocos/assets/7.Scripts/MyScript/ScriptTemplate/Ply_Pool.ts as cce:/internal/x/cc.
debug: Resolve ./Ply_Singleton from file:///F:/CocosProject/PLY_Dreamyroom_Cocos/assets/7.Scripts/MyScript/ScriptTemplate/Ply_Pool.ts as file:///F:/CocosProject/PLY_Dreamyroom_Cocos/assets/7.Scripts/MyScript/ScriptTemplate/Ply_Singleton.ts.
debug: Resolve ./Ply_GameUnit from file:///F:/CocosProject/PLY_Dreamyroom_Cocos/assets/7.Scripts/MyScript/ScriptTemplate/Ply_Pool.ts as file:///F:/CocosProject/PLY_Dreamyroom_Cocos/assets/7.Scripts/MyScript/ScriptTemplate/Ply_GameUnit.ts.
debug: Resolve file:///F:/CocosProject/PLY_Dreamyroom_Cocos/assets/7.Scripts/MyScript/ScriptTemplate/Ply_Singleton.ts from cce:/internal/x/prerequisite-imports as file:///F:/CocosProject/PLY_Dreamyroom_Cocos/assets/7.Scripts/MyScript/ScriptTemplate/Ply_Singleton.ts.
debug: Resolve file:///F:/CocosProject/PLY_Dreamyroom_Cocos/assets/7.Scripts/MyScript/ScriptTemplate/Ply_SoundManager.ts from cce:/internal/x/prerequisite-imports as file:///F:/CocosProject/PLY_Dreamyroom_Cocos/assets/7.Scripts/MyScript/ScriptTemplate/Ply_SoundManager.ts.
debug: Resolve file:///F:/CocosProject/PLY_Dreamyroom_Cocos/assets/7.Scripts/MyScript/ScriptTemplate/Yielders.ts from cce:/internal/x/prerequisite-imports as file:///F:/CocosProject/PLY_Dreamyroom_Cocos/assets/7.Scripts/MyScript/ScriptTemplate/Yielders.ts.
debug: Resolve file:///F:/CocosProject/PLY_Dreamyroom_Cocos/assets/7.Scripts/MyScript/box/BoxController.ts from cce:/internal/x/prerequisite-imports as file:///F:/CocosProject/PLY_Dreamyroom_Cocos/assets/7.Scripts/MyScript/box/BoxController.ts.
debug: Detected change: file:///F:/CocosProject/PLY_Dreamyroom_Cocos/assets/7.Scripts/MyScript/core/InputManager.ts. Last mtime: Wed Aug 19 2026 11:47:33 GMT+0700 (Indochina Time)@f7ad4090-a9de-40ad-8c8b-9613ca9f1546, Current mtime: Wed Aug 19 2026 14:33:36 GMT+0700 (Indochina Time)@f7ad4090-a9de-40ad-8c8b-9613ca9f1546
debug: Inspect file:///F:/CocosProject/PLY_Dreamyroom_Cocos/assets/7.Scripts/MyScript/core/InputManager.ts
debug: Resolve cce:/internal/code-quality/cr.mjs from file:///F:/CocosProject/PLY_Dreamyroom_Cocos/assets/7.Scripts/MyScript/core/InputManager.ts as cce:/internal/code-quality/cr.mjs.
debug: Resolve cc from file:///F:/CocosProject/PLY_Dreamyroom_Cocos/assets/7.Scripts/MyScript/core/InputManager.ts as cce:/internal/x/cc.
debug: Resolve cc from file:///F:/CocosProject/PLY_Dreamyroom_Cocos/assets/7.Scripts/MyScript/core/InputManager.ts as cce:/internal/x/cc.
debug: Resolve cc from file:///F:/CocosProject/PLY_Dreamyroom_Cocos/assets/7.Scripts/MyScript/core/InputManager.ts as cce:/internal/x/cc.
debug: Resolve cc/env from file:///F:/CocosProject/PLY_Dreamyroom_Cocos/assets/7.Scripts/MyScript/core/InputManager.ts as external dependency cc/env.
debug: Resolve ../item/ItemGraphic from file:///F:/CocosProject/PLY_Dreamyroom_Cocos/assets/7.Scripts/MyScript/core/InputManager.ts as file:///F:/CocosProject/PLY_Dreamyroom_Cocos/assets/7.Scripts/MyScript/item/ItemGraphic.ts.
debug: Resolve ../managers/ItemManager from file:///F:/CocosProject/PLY_Dreamyroom_Cocos/assets/7.Scripts/MyScript/core/InputManager.ts as file:///F:/CocosProject/PLY_Dreamyroom_Cocos/assets/7.Scripts/MyScript/managers/ItemManager.ts.
debug: Detected change: file:///F:/CocosProject/PLY_Dreamyroom_Cocos/assets/7.Scripts/MyScript/item/ItemController.ts. Last mtime: Mon Aug 17 2026 09:49:23 GMT+0700 (Indochina Time)@ffc0c2df-0287-40ef-8beb-7f4381ae1550, Current mtime: Wed Aug 19 2026 14:30:47 GMT+0700 (Indochina Time)@ffc0c2df-0287-40ef-8beb-7f4381ae1550
debug: Inspect file:///F:/CocosProject/PLY_Dreamyroom_Cocos/assets/7.Scripts/MyScript/item/ItemController.ts
debug: Resolve cce:/internal/code-quality/cr.mjs from file:///F:/CocosProject/PLY_Dreamyroom_Cocos/assets/7.Scripts/MyScript/item/ItemController.ts as cce:/internal/code-quality/cr.mjs.
debug: Resolve cc from file:///F:/CocosProject/PLY_Dreamyroom_Cocos/assets/7.Scripts/MyScript/item/ItemController.ts as cce:/internal/x/cc.
debug: Resolve cc from file:///F:/CocosProject/PLY_Dreamyroom_Cocos/assets/7.Scripts/MyScript/item/ItemController.ts as cce:/internal/x/cc.
debug: Resolve cc from file:///F:/CocosProject/PLY_Dreamyroom_Cocos/assets/7.Scripts/MyScript/item/ItemController.ts as cce:/internal/x/cc.
debug: Resolve ../core/InputManager from file:///F:/CocosProject/PLY_Dreamyroom_Cocos/assets/7.Scripts/MyScript/item/ItemController.ts as file:///F:/CocosProject/PLY_Dreamyroom_Cocos/assets/7.Scripts/MyScript/core/InputManager.ts.
debug: Resolve ./ItemGraphic from file:///F:/CocosProject/PLY_Dreamyroom_Cocos/assets/7.Scripts/MyScript/item/ItemController.ts as file:///F:/CocosProject/PLY_Dreamyroom_Cocos/assets/7.Scripts/MyScript/item/ItemGraphic.ts.
debug: Resolve ./ItemMovement from file:///F:/CocosProject/PLY_Dreamyroom_Cocos/assets/7.Scripts/MyScript/item/ItemController.ts as file:///F:/CocosProject/PLY_Dreamyroom_Cocos/assets/7.Scripts/MyScript/item/ItemMovement.ts.
debug: Resolve ./OpenItem from file:///F:/CocosProject/PLY_Dreamyroom_Cocos/assets/7.Scripts/MyScript/item/ItemController.ts as file:///F:/CocosProject/PLY_Dreamyroom_Cocos/assets/7.Scripts/MyScript/item/OpenItem.ts.
debug: Resolve ../managers/ItemManager from file:///F:/CocosProject/PLY_Dreamyroom_Cocos/assets/7.Scripts/MyScript/item/ItemController.ts as file:///F:/CocosProject/PLY_Dreamyroom_Cocos/assets/7.Scripts/MyScript/managers/ItemManager.ts.
debug: Resolve ../managers/WorldScrollManager from file:///F:/CocosProject/PLY_Dreamyroom_Cocos/assets/7.Scripts/MyScript/item/ItemController.ts as file:///F:/CocosProject/PLY_Dreamyroom_Cocos/assets/7.Scripts/MyScript/managers/WorldScrollManager.ts.
debug: Resolve ../utils/SeatHandler from file:///F:/CocosProject/PLY_Dreamyroom_Cocos/assets/7.Scripts/MyScript/item/ItemController.ts as file:///F:/CocosProject/PLY_Dreamyroom_Cocos/assets/7.Scripts/MyScript/utils/SeatHandler.ts.
debug: Resolve ../utils/TurnOnSpine from file:///F:/CocosProject/PLY_Dreamyroom_Cocos/assets/7.Scripts/MyScript/item/ItemController.ts as file:///F:/CocosProject/PLY_Dreamyroom_Cocos/assets/7.Scripts/MyScript/utils/TurnOnSpine.ts.
debug: Resolve ../utils/ChangeLight from file:///F:/CocosProject/PLY_Dreamyroom_Cocos/assets/7.Scripts/MyScript/item/ItemController.ts as file:///F:/CocosProject/PLY_Dreamyroom_Cocos/assets/7.Scripts/MyScript/utils/ChangeLight.ts.
debug: Resolve ../core/ObjectPool from file:///F:/CocosProject/PLY_Dreamyroom_Cocos/assets/7.Scripts/MyScript/item/ItemController.ts as file:///F:/CocosProject/PLY_Dreamyroom_Cocos/assets/7.Scripts/MyScript/core/ObjectPool.ts.
debug: Resolve ../effects/BlinkEffect from file:///F:/CocosProject/PLY_Dreamyroom_Cocos/assets/7.Scripts/MyScript/item/ItemController.ts as file:///F:/CocosProject/PLY_Dreamyroom_Cocos/assets/7.Scripts/MyScript/effects/BlinkEffect.ts.
debug: Resolve ../../Manager/SoundManager from file:///F:/CocosProject/PLY_Dreamyroom_Cocos/assets/7.Scripts/MyScript/item/ItemController.ts as file:///F:/CocosProject/PLY_Dreamyroom_Cocos/assets/7.Scripts/Manager/SoundManager.ts.
debug: Resolve ../core/SoundManager from file:///F:/CocosProject/PLY_Dreamyroom_Cocos/assets/7.Scripts/MyScript/item/ItemController.ts as file:///F:/CocosProject/PLY_Dreamyroom_Cocos/assets/7.Scripts/MyScript/core/SoundManager.ts.
debug: Resolve file:///F:/CocosProject/PLY_Dreamyroom_Cocos/assets/7.Scripts/MyScript/box/BoxGraphic.ts from cce:/internal/x/prerequisite-imports as file:///F:/CocosProject/PLY_Dreamyroom_Cocos/assets/7.Scripts/MyScript/box/BoxGraphic.ts.
debug: Resolve file:///F:/CocosProject/PLY_Dreamyroom_Cocos/assets/7.Scripts/MyScript/core/InputManager.ts from cce:/internal/x/prerequisite-imports as file:///F:/CocosProject/PLY_Dreamyroom_Cocos/assets/7.Scripts/MyScript/core/InputManager.ts.
debug: Resolve file:///F:/CocosProject/PLY_Dreamyroom_Cocos/assets/7.Scripts/MyScript/core/ObjectPool.ts from cce:/internal/x/prerequisite-imports as file:///F:/CocosProject/PLY_Dreamyroom_Cocos/assets/7.Scripts/MyScript/core/ObjectPool.ts.
debug: Resolve file:///F:/CocosProject/PLY_Dreamyroom_Cocos/assets/7.Scripts/MyScript/core/SoundManager.ts from cce:/internal/x/prerequisite-imports as file:///F:/CocosProject/PLY_Dreamyroom_Cocos/assets/7.Scripts/MyScript/core/SoundManager.ts.
debug: Resolve file:///F:/CocosProject/PLY_Dreamyroom_Cocos/assets/7.Scripts/MyScript/core/TweenUtil.ts from cce:/internal/x/prerequisite-imports as file:///F:/CocosProject/PLY_Dreamyroom_Cocos/assets/7.Scripts/MyScript/core/TweenUtil.ts.
debug: Resolve file:///F:/CocosProject/PLY_Dreamyroom_Cocos/assets/7.Scripts/MyScript/effects/BlinkEffect.ts from cce:/internal/x/prerequisite-imports as file:///F:/CocosProject/PLY_Dreamyroom_Cocos/assets/7.Scripts/MyScript/effects/BlinkEffect.ts.
debug: Resolve file:///F:/CocosProject/PLY_Dreamyroom_Cocos/assets/7.Scripts/MyScript/item/ItemController.ts from cce:/internal/x/prerequisite-imports as file:///F:/CocosProject/PLY_Dreamyroom_Cocos/assets/7.Scripts/MyScript/item/ItemController.ts.
debug: Resolve file:///F:/CocosProject/PLY_Dreamyroom_Cocos/assets/7.Scripts/MyScript/item/ItemGraphic.ts from cce:/internal/x/prerequisite-imports as file:///F:/CocosProject/PLY_Dreamyroom_Cocos/assets/7.Scripts/MyScript/item/ItemGraphic.ts.
debug: Resolve file:///F:/CocosProject/PLY_Dreamyroom_Cocos/assets/7.Scripts/MyScript/item/ItemMovement.ts from cce:/internal/x/prerequisite-imports as file:///F:/CocosProject/PLY_Dreamyroom_Cocos/assets/7.Scripts/MyScript/item/ItemMovement.ts.
debug: Resolve file:///F:/CocosProject/PLY_Dreamyroom_Cocos/assets/7.Scripts/MyScript/item/OpenItem.ts from cce:/internal/x/prerequisite-imports as file:///F:/CocosProject/PLY_Dreamyroom_Cocos/assets/7.Scripts/MyScript/item/OpenItem.ts.
debug: Resolve file:///F:/CocosProject/PLY_Dreamyroom_Cocos/assets/7.Scripts/MyScript/managers/BaseRoomManager.ts from cce:/internal/x/prerequisite-imports as file:///F:/CocosProject/PLY_Dreamyroom_Cocos/assets/7.Scripts/MyScript/managers/BaseRoomManager.ts.
debug: Resolve file:///F:/CocosProject/PLY_Dreamyroom_Cocos/assets/7.Scripts/MyScript/managers/BoxManager.ts from cce:/internal/x/prerequisite-imports as file:///F:/CocosProject/PLY_Dreamyroom_Cocos/assets/7.Scripts/MyScript/managers/BoxManager.ts.
debug: Resolve file:///F:/CocosProject/PLY_Dreamyroom_Cocos/assets/7.Scripts/MyScript/managers/ItemManager.ts from cce:/internal/x/prerequisite-imports as file:///F:/CocosProject/PLY_Dreamyroom_Cocos/assets/7.Scripts/MyScript/managers/ItemManager.ts.
debug: Resolve file:///F:/CocosProject/PLY_Dreamyroom_Cocos/assets/7.Scripts/MyScript/managers/ProgressTrackingManager.ts from cce:/internal/x/prerequisite-imports as file:///F:/CocosProject/PLY_Dreamyroom_Cocos/assets/7.Scripts/MyScript/managers/ProgressTrackingManager.ts.
debug: Resolve file:///F:/CocosProject/PLY_Dreamyroom_Cocos/assets/7.Scripts/MyScript/managers/UIManager.ts from cce:/internal/x/prerequisite-imports as file:///F:/CocosProject/PLY_Dreamyroom_Cocos/assets/7.Scripts/MyScript/managers/UIManager.ts.
debug: Resolve file:///F:/CocosProject/PLY_Dreamyroom_Cocos/assets/7.Scripts/MyScript/managers/WorldScrollManager.ts from cce:/internal/x/prerequisite-imports as file:///F:/CocosProject/PLY_Dreamyroom_Cocos/assets/7.Scripts/MyScript/managers/WorldScrollManager.ts.
debug: Resolve file:///F:/CocosProject/PLY_Dreamyroom_Cocos/assets/7.Scripts/MyScript/pipeline/AutoAssignByNameTool.ts from cce:/internal/x/prerequisite-imports as file:///F:/CocosProject/PLY_Dreamyroom_Cocos/assets/7.Scripts/MyScript/pipeline/AutoAssignByNameTool.ts.
debug: Resolve file:///F:/CocosProject/PLY_Dreamyroom_Cocos/assets/7.Scripts/MyScript/pipeline/SceneBuilder.ts from cce:/internal/x/prerequisite-imports as file:///F:/CocosProject/PLY_Dreamyroom_Cocos/assets/7.Scripts/MyScript/pipeline/SceneBuilder.ts.
debug: Resolve file:///F:/CocosProject/PLY_Dreamyroom_Cocos/assets/7.Scripts/MyScript/utils/BallFollowFill.ts from cce:/internal/x/prerequisite-imports as file:///F:/CocosProject/PLY_Dreamyroom_Cocos/assets/7.Scripts/MyScript/utils/BallFollowFill.ts.
debug: Resolve file:///F:/CocosProject/PLY_Dreamyroom_Cocos/assets/7.Scripts/MyScript/utils/BaseRoom.ts from cce:/internal/x/prerequisite-imports as file:///F:/CocosProject/PLY_Dreamyroom_Cocos/assets/7.Scripts/MyScript/utils/BaseRoom.ts.
debug: Resolve file:///F:/CocosProject/PLY_Dreamyroom_Cocos/assets/7.Scripts/MyScript/utils/ChangeLight.ts from cce:/internal/x/prerequisite-imports as file:///F:/CocosProject/PLY_Dreamyroom_Cocos/assets/7.Scripts/MyScript/utils/ChangeLight.ts.
debug: Resolve file:///F:/CocosProject/PLY_Dreamyroom_Cocos/assets/7.Scripts/MyScript/utils/HandOfBox.ts from cce:/internal/x/prerequisite-imports as file:///F:/CocosProject/PLY_Dreamyroom_Cocos/assets/7.Scripts/MyScript/utils/HandOfBox.ts.
debug: Resolve file:///F:/CocosProject/PLY_Dreamyroom_Cocos/assets/7.Scripts/MyScript/utils/HolderSlot.ts from cce:/internal/x/prerequisite-imports as file:///F:/CocosProject/PLY_Dreamyroom_Cocos/assets/7.Scripts/MyScript/utils/HolderSlot.ts.
debug: Resolve file:///F:/CocosProject/PLY_Dreamyroom_Cocos/assets/7.Scripts/MyScript/utils/SeatHandler.ts from cce:/internal/x/prerequisite-imports as file:///F:/CocosProject/PLY_Dreamyroom_Cocos/assets/7.Scripts/MyScript/utils/SeatHandler.ts.
debug: Resolve file:///F:/CocosProject/PLY_Dreamyroom_Cocos/assets/7.Scripts/MyScript/utils/TurnOnSpine.ts from cce:/internal/x/prerequisite-imports as file:///F:/CocosProject/PLY_Dreamyroom_Cocos/assets/7.Scripts/MyScript/utils/TurnOnSpine.ts.
debug: Resolve file:///F:/CocosProject/PLY_Dreamyroom_Cocos/assets/7.Scripts/Pool/PoolControl.ts from cce:/internal/x/prerequisite-imports as file:///F:/CocosProject/PLY_Dreamyroom_Cocos/assets/7.Scripts/Pool/PoolControl.ts.
debug: Resolve file:///F:/CocosProject/PLY_Dreamyroom_Cocos/assets/7.Scripts/Pool/PoolManager.ts from cce:/internal/x/prerequisite-imports as file:///F:/CocosProject/PLY_Dreamyroom_Cocos/assets/7.Scripts/Pool/PoolManager.ts.
debug: Resolve file:///F:/CocosProject/PLY_Dreamyroom_Cocos/assets/7.Scripts/Pool/PoolMember.ts from cce:/internal/x/prerequisite-imports as file:///F:/CocosProject/PLY_Dreamyroom_Cocos/assets/7.Scripts/Pool/PoolMember.ts.
debug: Resolve file:///F:/CocosProject/PLY_Dreamyroom_Cocos/assets/7.Scripts/Tool/AppLovinAnalytics.ts from cce:/internal/x/prerequisite-imports as file:///F:/CocosProject/PLY_Dreamyroom_Cocos/assets/7.Scripts/Tool/AppLovinAnalytics.ts.
debug: Resolve file:///F:/CocosProject/PLY_Dreamyroom_Cocos/assets/7.Scripts/Tool/GameController.ts from cce:/internal/x/prerequisite-imports as file:///F:/CocosProject/PLY_Dreamyroom_Cocos/assets/7.Scripts/Tool/GameController.ts.
debug: Resolve file:///F:/CocosProject/PLY_Dreamyroom_Cocos/assets/7.Scripts/Tool/h5-helper.ts from cce:/internal/x/prerequisite-imports as file:///F:/CocosProject/PLY_Dreamyroom_Cocos/assets/7.Scripts/Tool/h5-helper.ts.
debug: Target(editor) ends with cost 260.4559999704361ms.
debug: Target(preview) build started.
debug: Detected change: cce:/internal/x/prerequisite-imports. Last mtime: Thu Jan 01 1970 07:52:21 GMT+0700 (Indochina Time), Current mtime: Thu Jan 01 1970 07:57:55 GMT+0700 (Indochina Time)
debug: Inspect cce:/internal/x/prerequisite-imports
debug: Resolve file:///C:/ProgramData/cocos/editors/Creator/3.7.4/resources/resources/3d/engine/editor/assets/tools/debug-view-runtime-control.ts from cce:/internal/x/prerequisite-imports as file:///C:/ProgramData/cocos/editors/Creator/3.7.4/resources/resources/3d/engine/editor/assets/tools/debug-view-runtime-control.ts.
debug: Resolve file:///F:/CocosProject/PLY_Dreamyroom_Cocos/assets/7.Scripts/Manager/AssetsManagerCustom.ts from cce:/internal/x/prerequisite-imports as file:///F:/CocosProject/PLY_Dreamyroom_Cocos/assets/7.Scripts/Manager/AssetsManagerCustom.ts.
debug: Resolve file:///F:/CocosProject/PLY_Dreamyroom_Cocos/assets/7.Scripts/Manager/Clock.ts from cce:/internal/x/prerequisite-imports as file:///F:/CocosProject/PLY_Dreamyroom_Cocos/assets/7.Scripts/Manager/Clock.ts.
debug: Resolve file:///F:/CocosProject/PLY_Dreamyroom_Cocos/assets/7.Scripts/Manager/InputManager.ts from cce:/internal/x/prerequisite-imports as file:///F:/CocosProject/PLY_Dreamyroom_Cocos/assets/7.Scripts/Manager/InputManager.ts.
debug: Resolve file:///F:/CocosProject/PLY_Dreamyroom_Cocos/assets/7.Scripts/Manager/Joystick.ts from cce:/internal/x/prerequisite-imports as file:///F:/CocosProject/PLY_Dreamyroom_Cocos/assets/7.Scripts/Manager/Joystick.ts.
debug: Resolve file:///F:/CocosProject/PLY_Dreamyroom_Cocos/assets/7.Scripts/Manager/MainCamera.ts from cce:/internal/x/prerequisite-imports as file:///F:/CocosProject/PLY_Dreamyroom_Cocos/assets/7.Scripts/Manager/MainCamera.ts.
debug: Resolve file:///F:/CocosProject/PLY_Dreamyroom_Cocos/assets/7.Scripts/Manager/PointerController.ts from cce:/internal/x/prerequisite-imports as file:///F:/CocosProject/PLY_Dreamyroom_Cocos/assets/7.Scripts/Manager/PointerController.ts.
debug: Resolve file:///F:/CocosProject/PLY_Dreamyroom_Cocos/assets/7.Scripts/Manager/SoundManager.ts from cce:/internal/x/prerequisite-imports as file:///F:/CocosProject/PLY_Dreamyroom_Cocos/assets/7.Scripts/Manager/SoundManager.ts.
debug: Resolve file:///F:/CocosProject/PLY_Dreamyroom_Cocos/assets/7.Scripts/Manager/UI.ts from cce:/internal/x/prerequisite-imports as file:///F:/CocosProject/PLY_Dreamyroom_Cocos/assets/7.Scripts/Manager/UI.ts.
debug: Resolve file:///F:/CocosProject/PLY_Dreamyroom_Cocos/assets/7.Scripts/Manager/VFX.ts from cce:/internal/x/prerequisite-imports as file:///F:/CocosProject/PLY_Dreamyroom_Cocos/assets/7.Scripts/Manager/VFX.ts.
debug: Resolve file:///F:/CocosProject/PLY_Dreamyroom_Cocos/assets/7.Scripts/Manager/World.ts from cce:/internal/x/prerequisite-imports as file:///F:/CocosProject/PLY_Dreamyroom_Cocos/assets/7.Scripts/Manager/World.ts.
debug: Resolve file:///F:/CocosProject/PLY_Dreamyroom_Cocos/assets/7.Scripts/MatchAsset/MatchSprite.ts from cce:/internal/x/prerequisite-imports as file:///F:/CocosProject/PLY_Dreamyroom_Cocos/assets/7.Scripts/MatchAsset/MatchSprite.ts.
debug: Resolve file:///F:/CocosProject/PLY_Dreamyroom_Cocos/assets/7.Scripts/MatchAsset/NodeOrder.ts from cce:/internal/x/prerequisite-imports as file:///F:/CocosProject/PLY_Dreamyroom_Cocos/assets/7.Scripts/MatchAsset/NodeOrder.ts.
debug: Resolve file:///F:/CocosProject/PLY_Dreamyroom_Cocos/assets/7.Scripts/MatchAsset/ReadImagePixel.ts from cce:/internal/x/prerequisite-imports as file:///F:/CocosProject/PLY_Dreamyroom_Cocos/assets/7.Scripts/MatchAsset/ReadImagePixel.ts.
debug: Resolve file:///F:/CocosProject/PLY_Dreamyroom_Cocos/assets/7.Scripts/MatchAsset/SpriteSizeSetter.ts from cce:/internal/x/prerequisite-imports as file:///F:/CocosProject/PLY_Dreamyroom_Cocos/assets/7.Scripts/MatchAsset/SpriteSizeSetter.ts.
debug: Resolve file:///F:/CocosProject/PLY_Dreamyroom_Cocos/assets/7.Scripts/MatchAsset/Ulis.ts from cce:/internal/x/prerequisite-imports as file:///F:/CocosProject/PLY_Dreamyroom_Cocos/assets/7.Scripts/MatchAsset/Ulis.ts.
debug: Resolve file:///F:/CocosProject/PLY_Dreamyroom_Cocos/assets/7.Scripts/Misc/AStar.ts from cce:/internal/x/prerequisite-imports as file:///F:/CocosProject/PLY_Dreamyroom_Cocos/assets/7.Scripts/Misc/AStar.ts.
debug: Resolve file:///F:/CocosProject/PLY_Dreamyroom_Cocos/assets/7.Scripts/Misc/Black.ts from cce:/internal/x/prerequisite-imports as file:///F:/CocosProject/PLY_Dreamyroom_Cocos/assets/7.Scripts/Misc/Black.ts.
debug: Resolve file:///F:/CocosProject/PLY_Dreamyroom_Cocos/assets/7.Scripts/Misc/Cloud.ts from cce:/internal/x/prerequisite-imports as file:///F:/CocosProject/PLY_Dreamyroom_Cocos/assets/7.Scripts/Misc/Cloud.ts.
debug: Resolve file:///F:/CocosProject/PLY_Dreamyroom_Cocos/assets/7.Scripts/Misc/IQ.ts from cce:/internal/x/prerequisite-imports as file:///F:/CocosProject/PLY_Dreamyroom_Cocos/assets/7.Scripts/Misc/IQ.ts.
debug: Resolve file:///F:/CocosProject/PLY_Dreamyroom_Cocos/assets/7.Scripts/Misc/MeshLoader.ts from cce:/internal/x/prerequisite-imports as file:///F:/CocosProject/PLY_Dreamyroom_Cocos/assets/7.Scripts/Misc/MeshLoader.ts.
debug: Resolve file:///F:/CocosProject/PLY_Dreamyroom_Cocos/assets/7.Scripts/Misc/SkinManager.ts from cce:/internal/x/prerequisite-imports as file:///F:/CocosProject/PLY_Dreamyroom_Cocos/assets/7.Scripts/Misc/SkinManager.ts.
debug: Resolve file:///F:/CocosProject/PLY_Dreamyroom_Cocos/assets/7.Scripts/Misc/SplineLineRenderer.ts from cce:/internal/x/prerequisite-imports as file:///F:/CocosProject/PLY_Dreamyroom_Cocos/assets/7.Scripts/Misc/SplineLineRenderer.ts.
debug: Resolve file:///F:/CocosProject/PLY_Dreamyroom_Cocos/assets/7.Scripts/Misc/Tooth.ts from cce:/internal/x/prerequisite-imports as file:///F:/CocosProject/PLY_Dreamyroom_Cocos/assets/7.Scripts/Misc/Tooth.ts.
debug: Resolve file:///F:/CocosProject/PLY_Dreamyroom_Cocos/assets/7.Scripts/Misc/Ulis.ts from cce:/internal/x/prerequisite-imports as file:///F:/CocosProject/PLY_Dreamyroom_Cocos/assets/7.Scripts/Misc/Ulis.ts.
debug: Resolve file:///F:/CocosProject/PLY_Dreamyroom_Cocos/assets/7.Scripts/MyScript/ScriptTemplate/ComponentCache.ts from cce:/internal/x/prerequisite-imports as file:///F:/CocosProject/PLY_Dreamyroom_Cocos/assets/7.Scripts/MyScript/ScriptTemplate/ComponentCache.ts.
debug: Resolve file:///F:/CocosProject/PLY_Dreamyroom_Cocos/assets/7.Scripts/MyScript/ScriptTemplate/Ply_GameUnit.ts from cce:/internal/x/prerequisite-imports as file:///F:/CocosProject/PLY_Dreamyroom_Cocos/assets/7.Scripts/MyScript/ScriptTemplate/Ply_GameUnit.ts.
debug: Resolve file:///F:/CocosProject/PLY_Dreamyroom_Cocos/assets/7.Scripts/MyScript/ScriptTemplate/Ply_Pool.ts from cce:/internal/x/prerequisite-imports as file:///F:/CocosProject/PLY_Dreamyroom_Cocos/assets/7.Scripts/MyScript/ScriptTemplate/Ply_Pool.ts.
debug: Detected change: file:///F:/CocosProject/PLY_Dreamyroom_Cocos/assets/7.Scripts/MyScript/ScriptTemplate/Ply_Pool.ts. Last mtime: Wed Aug 12 2026 13:51:41 GMT+0700 (Indochina Time)@0659ac3c-d084-4732-95e3-f16cbbd9eca1, Current mtime: Wed Aug 19 2026 14:31:36 GMT+0700 (Indochina Time)@0659ac3c-d084-4732-95e3-f16cbbd9eca1
debug: Inspect file:///F:/CocosProject/PLY_Dreamyroom_Cocos/assets/7.Scripts/MyScript/ScriptTemplate/Ply_Pool.ts
debug: Resolve cce:/internal/code-quality/cr.mjs from file:///F:/CocosProject/PLY_Dreamyroom_Cocos/assets/7.Scripts/MyScript/ScriptTemplate/Ply_Pool.ts as cce:/internal/code-quality/cr.mjs.
debug: Resolve cc from file:///F:/CocosProject/PLY_Dreamyroom_Cocos/assets/7.Scripts/MyScript/ScriptTemplate/Ply_Pool.ts as cce:/internal/x/cc.
debug: Resolve cc from file:///F:/CocosProject/PLY_Dreamyroom_Cocos/assets/7.Scripts/MyScript/ScriptTemplate/Ply_Pool.ts as cce:/internal/x/cc.
debug: Resolve cc from file:///F:/CocosProject/PLY_Dreamyroom_Cocos/assets/7.Scripts/MyScript/ScriptTemplate/Ply_Pool.ts as cce:/internal/x/cc.
debug: Resolve ./Ply_Singleton from file:///F:/CocosProject/PLY_Dreamyroom_Cocos/assets/7.Scripts/MyScript/ScriptTemplate/Ply_Pool.ts as file:///F:/CocosProject/PLY_Dreamyroom_Cocos/assets/7.Scripts/MyScript/ScriptTemplate/Ply_Singleton.ts.
debug: Resolve ./Ply_GameUnit from file:///F:/CocosProject/PLY_Dreamyroom_Cocos/assets/7.Scripts/MyScript/ScriptTemplate/Ply_Pool.ts as file:///F:/CocosProject/PLY_Dreamyroom_Cocos/assets/7.Scripts/MyScript/ScriptTemplate/Ply_GameUnit.ts.
debug: Resolve file:///F:/CocosProject/PLY_Dreamyroom_Cocos/assets/7.Scripts/MyScript/ScriptTemplate/Ply_Singleton.ts from cce:/internal/x/prerequisite-imports as file:///F:/CocosProject/PLY_Dreamyroom_Cocos/assets/7.Scripts/MyScript/ScriptTemplate/Ply_Singleton.ts.
debug: Resolve file:///F:/CocosProject/PLY_Dreamyroom_Cocos/assets/7.Scripts/MyScript/ScriptTemplate/Ply_SoundManager.ts from cce:/internal/x/prerequisite-imports as file:///F:/CocosProject/PLY_Dreamyroom_Cocos/assets/7.Scripts/MyScript/ScriptTemplate/Ply_SoundManager.ts.
debug: Resolve file:///F:/CocosProject/PLY_Dreamyroom_Cocos/assets/7.Scripts/MyScript/ScriptTemplate/Yielders.ts from cce:/internal/x/prerequisite-imports as file:///F:/CocosProject/PLY_Dreamyroom_Cocos/assets/7.Scripts/MyScript/ScriptTemplate/Yielders.ts.
debug: Resolve file:///F:/CocosProject/PLY_Dreamyroom_Cocos/assets/7.Scripts/MyScript/box/BoxController.ts from cce:/internal/x/prerequisite-imports as file:///F:/CocosProject/PLY_Dreamyroom_Cocos/assets/7.Scripts/MyScript/box/BoxController.ts.
debug: Detected change: file:///F:/CocosProject/PLY_Dreamyroom_Cocos/assets/7.Scripts/MyScript/core/InputManager.ts. Last mtime: Wed Aug 19 2026 11:47:33 GMT+0700 (Indochina Time)@f7ad4090-a9de-40ad-8c8b-9613ca9f1546, Current mtime: Wed Aug 19 2026 14:33:36 GMT+0700 (Indochina Time)@f7ad4090-a9de-40ad-8c8b-9613ca9f1546
debug: Inspect file:///F:/CocosProject/PLY_Dreamyroom_Cocos/assets/7.Scripts/MyScript/core/InputManager.ts
debug: Resolve cce:/internal/code-quality/cr.mjs from file:///F:/CocosProject/PLY_Dreamyroom_Cocos/assets/7.Scripts/MyScript/core/InputManager.ts as cce:/internal/code-quality/cr.mjs.
debug: Resolve cc from file:///F:/CocosProject/PLY_Dreamyroom_Cocos/assets/7.Scripts/MyScript/core/InputManager.ts as cce:/internal/x/cc.
debug: Resolve cc from file:///F:/CocosProject/PLY_Dreamyroom_Cocos/assets/7.Scripts/MyScript/core/InputManager.ts as cce:/internal/x/cc.
debug: Resolve cc from file:///F:/CocosProject/PLY_Dreamyroom_Cocos/assets/7.Scripts/MyScript/core/InputManager.ts as cce:/internal/x/cc.
debug: Resolve cc/env from file:///F:/CocosProject/PLY_Dreamyroom_Cocos/assets/7.Scripts/MyScript/core/InputManager.ts as external dependency cc/env.
debug: Resolve ../item/ItemGraphic from file:///F:/CocosProject/PLY_Dreamyroom_Cocos/assets/7.Scripts/MyScript/core/InputManager.ts as file:///F:/CocosProject/PLY_Dreamyroom_Cocos/assets/7.Scripts/MyScript/item/ItemGraphic.ts.
debug: Resolve ../managers/ItemManager from file:///F:/CocosProject/PLY_Dreamyroom_Cocos/assets/7.Scripts/MyScript/core/InputManager.ts as file:///F:/CocosProject/PLY_Dreamyroom_Cocos/assets/7.Scripts/MyScript/managers/ItemManager.ts.
debug: Detected change: file:///F:/CocosProject/PLY_Dreamyroom_Cocos/assets/7.Scripts/MyScript/item/ItemController.ts. Last mtime: Mon Aug 17 2026 09:49:23 GMT+0700 (Indochina Time)@ffc0c2df-0287-40ef-8beb-7f4381ae1550, Current mtime: Wed Aug 19 2026 14:30:47 GMT+0700 (Indochina Time)@ffc0c2df-0287-40ef-8beb-7f4381ae1550
debug: Inspect file:///F:/CocosProject/PLY_Dreamyroom_Cocos/assets/7.Scripts/MyScript/item/ItemController.ts
debug: Resolve cce:/internal/code-quality/cr.mjs from file:///F:/CocosProject/PLY_Dreamyroom_Cocos/assets/7.Scripts/MyScript/item/ItemController.ts as cce:/internal/code-quality/cr.mjs.
debug: Resolve cc from file:///F:/CocosProject/PLY_Dreamyroom_Cocos/assets/7.Scripts/MyScript/item/ItemController.ts as cce:/internal/x/cc.
debug: Resolve cc from file:///F:/CocosProject/PLY_Dreamyroom_Cocos/assets/7.Scripts/MyScript/item/ItemController.ts as cce:/internal/x/cc.
debug: Resolve cc from file:///F:/CocosProject/PLY_Dreamyroom_Cocos/assets/7.Scripts/MyScript/item/ItemController.ts as cce:/internal/x/cc.
debug: Resolve ../core/InputManager from file:///F:/CocosProject/PLY_Dreamyroom_Cocos/assets/7.Scripts/MyScript/item/ItemController.ts as file:///F:/CocosProject/PLY_Dreamyroom_Cocos/assets/7.Scripts/MyScript/core/InputManager.ts.
debug: Resolve ./ItemGraphic from file:///F:/CocosProject/PLY_Dreamyroom_Cocos/assets/7.Scripts/MyScript/item/ItemController.ts as file:///F:/CocosProject/PLY_Dreamyroom_Cocos/assets/7.Scripts/MyScript/item/ItemGraphic.ts.
debug: Resolve ./ItemMovement from file:///F:/CocosProject/PLY_Dreamyroom_Cocos/assets/7.Scripts/MyScript/item/ItemController.ts as file:///F:/CocosProject/PLY_Dreamyroom_Cocos/assets/7.Scripts/MyScript/item/ItemMovement.ts.
debug: Resolve ./OpenItem from file:///F:/CocosProject/PLY_Dreamyroom_Cocos/assets/7.Scripts/MyScript/item/ItemController.ts as file:///F:/CocosProject/PLY_Dreamyroom_Cocos/assets/7.Scripts/MyScript/item/OpenItem.ts.
debug: Resolve ../managers/ItemManager from file:///F:/CocosProject/PLY_Dreamyroom_Cocos/assets/7.Scripts/MyScript/item/ItemController.ts as file:///F:/CocosProject/PLY_Dreamyroom_Cocos/assets/7.Scripts/MyScript/managers/ItemManager.ts.
debug: Resolve ../managers/WorldScrollManager from file:///F:/CocosProject/PLY_Dreamyroom_Cocos/assets/7.Scripts/MyScript/item/ItemController.ts as file:///F:/CocosProject/PLY_Dreamyroom_Cocos/assets/7.Scripts/MyScript/managers/WorldScrollManager.ts.
debug: Resolve ../utils/SeatHandler from file:///F:/CocosProject/PLY_Dreamyroom_Cocos/assets/7.Scripts/MyScript/item/ItemController.ts as file:///F:/CocosProject/PLY_Dreamyroom_Cocos/assets/7.Scripts/MyScript/utils/SeatHandler.ts.
debug: Resolve ../utils/TurnOnSpine from file:///F:/CocosProject/PLY_Dreamyroom_Cocos/assets/7.Scripts/MyScript/item/ItemController.ts as file:///F:/CocosProject/PLY_Dreamyroom_Cocos/assets/7.Scripts/MyScript/utils/TurnOnSpine.ts.
debug: Resolve ../utils/ChangeLight from file:///F:/CocosProject/PLY_Dreamyroom_Cocos/assets/7.Scripts/MyScript/item/ItemController.ts as file:///F:/CocosProject/PLY_Dreamyroom_Cocos/assets/7.Scripts/MyScript/utils/ChangeLight.ts.
debug: Resolve ../core/ObjectPool from file:///F:/CocosProject/PLY_Dreamyroom_Cocos/assets/7.Scripts/MyScript/item/ItemController.ts as file:///F:/CocosProject/PLY_Dreamyroom_Cocos/assets/7.Scripts/MyScript/core/ObjectPool.ts.
debug: Resolve ../effects/BlinkEffect from file:///F:/CocosProject/PLY_Dreamyroom_Cocos/assets/7.Scripts/MyScript/item/ItemController.ts as file:///F:/CocosProject/PLY_Dreamyroom_Cocos/assets/7.Scripts/MyScript/effects/BlinkEffect.ts.
debug: Resolve ../../Manager/SoundManager from file:///F:/CocosProject/PLY_Dreamyroom_Cocos/assets/7.Scripts/MyScript/item/ItemController.ts as file:///F:/CocosProject/PLY_Dreamyroom_Cocos/assets/7.Scripts/Manager/SoundManager.ts.
debug: Resolve ../core/SoundManager from file:///F:/CocosProject/PLY_Dreamyroom_Cocos/assets/7.Scripts/MyScript/item/ItemController.ts as file:///F:/CocosProject/PLY_Dreamyroom_Cocos/assets/7.Scripts/MyScript/core/SoundManager.ts.
debug: Resolve file:///F:/CocosProject/PLY_Dreamyroom_Cocos/assets/7.Scripts/MyScript/box/BoxGraphic.ts from cce:/internal/x/prerequisite-imports as file:///F:/CocosProject/PLY_Dreamyroom_Cocos/assets/7.Scripts/MyScript/box/BoxGraphic.ts.
debug: Resolve file:///F:/CocosProject/PLY_Dreamyroom_Cocos/assets/7.Scripts/MyScript/core/InputManager.ts from cce:/internal/x/prerequisite-imports as file:///F:/CocosProject/PLY_Dreamyroom_Cocos/assets/7.Scripts/MyScript/core/InputManager.ts.
debug: Resolve file:///F:/CocosProject/PLY_Dreamyroom_Cocos/assets/7.Scripts/MyScript/core/ObjectPool.ts from cce:/internal/x/prerequisite-imports as file:///F:/CocosProject/PLY_Dreamyroom_Cocos/assets/7.Scripts/MyScript/core/ObjectPool.ts.
debug: Resolve file:///F:/CocosProject/PLY_Dreamyroom_Cocos/assets/7.Scripts/MyScript/core/SoundManager.ts from cce:/internal/x/prerequisite-imports as file:///F:/CocosProject/PLY_Dreamyroom_Cocos/assets/7.Scripts/MyScript/core/SoundManager.ts.
debug: Resolve file:///F:/CocosProject/PLY_Dreamyroom_Cocos/assets/7.Scripts/MyScript/core/TweenUtil.ts from cce:/internal/x/prerequisite-imports as file:///F:/CocosProject/PLY_Dreamyroom_Cocos/assets/7.Scripts/MyScript/core/TweenUtil.ts.
debug: Resolve file:///F:/CocosProject/PLY_Dreamyroom_Cocos/assets/7.Scripts/MyScript/effects/BlinkEffect.ts from cce:/internal/x/prerequisite-imports as file:///F:/CocosProject/PLY_Dreamyroom_Cocos/assets/7.Scripts/MyScript/effects/BlinkEffect.ts.
debug: Resolve file:///F:/CocosProject/PLY_Dreamyroom_Cocos/assets/7.Scripts/MyScript/item/ItemController.ts from cce:/internal/x/prerequisite-imports as file:///F:/CocosProject/PLY_Dreamyroom_Cocos/assets/7.Scripts/MyScript/item/ItemController.ts.
debug: Resolve file:///F:/CocosProject/PLY_Dreamyroom_Cocos/assets/7.Scripts/MyScript/item/ItemGraphic.ts from cce:/internal/x/prerequisite-imports as file:///F:/CocosProject/PLY_Dreamyroom_Cocos/assets/7.Scripts/MyScript/item/ItemGraphic.ts.
debug: Resolve file:///F:/CocosProject/PLY_Dreamyroom_Cocos/assets/7.Scripts/MyScript/item/ItemMovement.ts from cce:/internal/x/prerequisite-imports as file:///F:/CocosProject/PLY_Dreamyroom_Cocos/assets/7.Scripts/MyScript/item/ItemMovement.ts.
debug: Resolve file:///F:/CocosProject/PLY_Dreamyroom_Cocos/assets/7.Scripts/MyScript/item/OpenItem.ts from cce:/internal/x/prerequisite-imports as file:///F:/CocosProject/PLY_Dreamyroom_Cocos/assets/7.Scripts/MyScript/item/OpenItem.ts.
debug: Resolve file:///F:/CocosProject/PLY_Dreamyroom_Cocos/assets/7.Scripts/MyScript/managers/BaseRoomManager.ts from cce:/internal/x/prerequisite-imports as file:///F:/CocosProject/PLY_Dreamyroom_Cocos/assets/7.Scripts/MyScript/managers/BaseRoomManager.ts.
debug: Resolve file:///F:/CocosProject/PLY_Dreamyroom_Cocos/assets/7.Scripts/MyScript/managers/BoxManager.ts from cce:/internal/x/prerequisite-imports as file:///F:/CocosProject/PLY_Dreamyroom_Cocos/assets/7.Scripts/MyScript/managers/BoxManager.ts.
debug: Resolve file:///F:/CocosProject/PLY_Dreamyroom_Cocos/assets/7.Scripts/MyScript/managers/ItemManager.ts from cce:/internal/x/prerequisite-imports as file:///F:/CocosProject/PLY_Dreamyroom_Cocos/assets/7.Scripts/MyScript/managers/ItemManager.ts.
debug: Resolve file:///F:/CocosProject/PLY_Dreamyroom_Cocos/assets/7.Scripts/MyScript/managers/ProgressTrackingManager.ts from cce:/internal/x/prerequisite-imports as file:///F:/CocosProject/PLY_Dreamyroom_Cocos/assets/7.Scripts/MyScript/managers/ProgressTrackingManager.ts.
debug: Resolve file:///F:/CocosProject/PLY_Dreamyroom_Cocos/assets/7.Scripts/MyScript/managers/UIManager.ts from cce:/internal/x/prerequisite-imports as file:///F:/CocosProject/PLY_Dreamyroom_Cocos/assets/7.Scripts/MyScript/managers/UIManager.ts.
debug: Resolve file:///F:/CocosProject/PLY_Dreamyroom_Cocos/assets/7.Scripts/MyScript/managers/WorldScrollManager.ts from cce:/internal/x/prerequisite-imports as file:///F:/CocosProject/PLY_Dreamyroom_Cocos/assets/7.Scripts/MyScript/managers/WorldScrollManager.ts.
debug: Resolve file:///F:/CocosProject/PLY_Dreamyroom_Cocos/assets/7.Scripts/MyScript/pipeline/AutoAssignByNameTool.ts from cce:/internal/x/prerequisite-imports as file:///F:/CocosProject/PLY_Dreamyroom_Cocos/assets/7.Scripts/MyScript/pipeline/AutoAssignByNameTool.ts.
debug: Resolve file:///F:/CocosProject/PLY_Dreamyroom_Cocos/assets/7.Scripts/MyScript/pipeline/SceneBuilder.ts from cce:/internal/x/prerequisite-imports as file:///F:/CocosProject/PLY_Dreamyroom_Cocos/assets/7.Scripts/MyScript/pipeline/SceneBuilder.ts.
debug: Resolve file:///F:/CocosProject/PLY_Dreamyroom_Cocos/assets/7.Scripts/MyScript/utils/BallFollowFill.ts from cce:/internal/x/prerequisite-imports as file:///F:/CocosProject/PLY_Dreamyroom_Cocos/assets/7.Scripts/MyScript/utils/BallFollowFill.ts.
debug: Resolve file:///F:/CocosProject/PLY_Dreamyroom_Cocos/assets/7.Scripts/MyScript/utils/BaseRoom.ts from cce:/internal/x/prerequisite-imports as file:///F:/CocosProject/PLY_Dreamyroom_Cocos/assets/7.Scripts/MyScript/utils/BaseRoom.ts.
debug: Resolve file:///F:/CocosProject/PLY_Dreamyroom_Cocos/assets/7.Scripts/MyScript/utils/ChangeLight.ts from cce:/internal/x/prerequisite-imports as file:///F:/CocosProject/PLY_Dreamyroom_Cocos/assets/7.Scripts/MyScript/utils/ChangeLight.ts.
debug: Resolve file:///F:/CocosProject/PLY_Dreamyroom_Cocos/assets/7.Scripts/MyScript/utils/HandOfBox.ts from cce:/internal/x/prerequisite-imports as file:///F:/CocosProject/PLY_Dreamyroom_Cocos/assets/7.Scripts/MyScript/utils/HandOfBox.ts.
debug: Resolve file:///F:/CocosProject/PLY_Dreamyroom_Cocos/assets/7.Scripts/MyScript/utils/HolderSlot.ts from cce:/internal/x/prerequisite-imports as file:///F:/CocosProject/PLY_Dreamyroom_Cocos/assets/7.Scripts/MyScript/utils/HolderSlot.ts.
debug: Resolve file:///F:/CocosProject/PLY_Dreamyroom_Cocos/assets/7.Scripts/MyScript/utils/SeatHandler.ts from cce:/internal/x/prerequisite-imports as file:///F:/CocosProject/PLY_Dreamyroom_Cocos/assets/7.Scripts/MyScript/utils/SeatHandler.ts.
debug: Resolve file:///F:/CocosProject/PLY_Dreamyroom_Cocos/assets/7.Scripts/MyScript/utils/TurnOnSpine.ts from cce:/internal/x/prerequisite-imports as file:///F:/CocosProject/PLY_Dreamyroom_Cocos/assets/7.Scripts/MyScript/utils/TurnOnSpine.ts.
debug: Resolve file:///F:/CocosProject/PLY_Dreamyroom_Cocos/assets/7.Scripts/Pool/PoolControl.ts from cce:/internal/x/prerequisite-imports as file:///F:/CocosProject/PLY_Dreamyroom_Cocos/assets/7.Scripts/Pool/PoolControl.ts.
debug: Resolve file:///F:/CocosProject/PLY_Dreamyroom_Cocos/assets/7.Scripts/Pool/PoolManager.ts from cce:/internal/x/prerequisite-imports as file:///F:/CocosProject/PLY_Dreamyroom_Cocos/assets/7.Scripts/Pool/PoolManager.ts.
debug: Resolve file:///F:/CocosProject/PLY_Dreamyroom_Cocos/assets/7.Scripts/Pool/PoolMember.ts from cce:/internal/x/prerequisite-imports as file:///F:/CocosProject/PLY_Dreamyroom_Cocos/assets/7.Scripts/Pool/PoolMember.ts.
debug: Resolve file:///F:/CocosProject/PLY_Dreamyroom_Cocos/assets/7.Scripts/Tool/AppLovinAnalytics.ts from cce:/internal/x/prerequisite-imports as file:///F:/CocosProject/PLY_Dreamyroom_Cocos/assets/7.Scripts/Tool/AppLovinAnalytics.ts.
debug: Resolve file:///F:/CocosProject/PLY_Dreamyroom_Cocos/assets/7.Scripts/Tool/GameController.ts from cce:/internal/x/prerequisite-imports as file:///F:/CocosProject/PLY_Dreamyroom_Cocos/assets/7.Scripts/Tool/GameController.ts.
debug: Resolve file:///F:/CocosProject/PLY_Dreamyroom_Cocos/assets/7.Scripts/Tool/h5-helper.ts from cce:/internal/x/prerequisite-imports as file:///F:/CocosProject/PLY_Dreamyroom_Cocos/assets/7.Scripts/Tool/h5-helper.ts.
debug: Target(preview) ends with cost 341.6895999908447ms.
debug: Dispatch build request for time accumulated 1 asset changes.
debug: Build iteration starts.
Number of accumulated asset changes: 1
Feature changed: false
debug: Target(editor) build started.
debug: Detected change: cce:/internal/x/prerequisite-imports. Last mtime: Thu Jan 01 1970 07:57:55 GMT+0700 (Indochina Time), Current mtime: Thu Jan 01 1970 08:04:03 GMT+0700 (Indochina Time)
debug: Inspect cce:/internal/x/prerequisite-imports
debug: Resolve file:///C:/ProgramData/cocos/editors/Creator/3.7.4/resources/resources/3d/engine/editor/assets/tools/debug-view-runtime-control.ts from cce:/internal/x/prerequisite-imports as file:///C:/ProgramData/cocos/editors/Creator/3.7.4/resources/resources/3d/engine/editor/assets/tools/debug-view-runtime-control.ts.
debug: Resolve file:///F:/CocosProject/PLY_Dreamyroom_Cocos/assets/7.Scripts/Manager/AssetsManagerCustom.ts from cce:/internal/x/prerequisite-imports as file:///F:/CocosProject/PLY_Dreamyroom_Cocos/assets/7.Scripts/Manager/AssetsManagerCustom.ts.
debug: Resolve file:///F:/CocosProject/PLY_Dreamyroom_Cocos/assets/7.Scripts/Manager/Clock.ts from cce:/internal/x/prerequisite-imports as file:///F:/CocosProject/PLY_Dreamyroom_Cocos/assets/7.Scripts/Manager/Clock.ts.
debug: Resolve file:///F:/CocosProject/PLY_Dreamyroom_Cocos/assets/7.Scripts/Manager/InputManager.ts from cce:/internal/x/prerequisite-imports as file:///F:/CocosProject/PLY_Dreamyroom_Cocos/assets/7.Scripts/Manager/InputManager.ts.
debug: Resolve file:///F:/CocosProject/PLY_Dreamyroom_Cocos/assets/7.Scripts/Manager/Joystick.ts from cce:/internal/x/prerequisite-imports as file:///F:/CocosProject/PLY_Dreamyroom_Cocos/assets/7.Scripts/Manager/Joystick.ts.
debug: Resolve file:///F:/CocosProject/PLY_Dreamyroom_Cocos/assets/7.Scripts/Manager/MainCamera.ts from cce:/internal/x/prerequisite-imports as file:///F:/CocosProject/PLY_Dreamyroom_Cocos/assets/7.Scripts/Manager/MainCamera.ts.
debug: Resolve file:///F:/CocosProject/PLY_Dreamyroom_Cocos/assets/7.Scripts/Manager/PointerController.ts from cce:/internal/x/prerequisite-imports as file:///F:/CocosProject/PLY_Dreamyroom_Cocos/assets/7.Scripts/Manager/PointerController.ts.
debug: Resolve file:///F:/CocosProject/PLY_Dreamyroom_Cocos/assets/7.Scripts/Manager/SoundManager.ts from cce:/internal/x/prerequisite-imports as file:///F:/CocosProject/PLY_Dreamyroom_Cocos/assets/7.Scripts/Manager/SoundManager.ts.
debug: Resolve file:///F:/CocosProject/PLY_Dreamyroom_Cocos/assets/7.Scripts/Manager/UI.ts from cce:/internal/x/prerequisite-imports as file:///F:/CocosProject/PLY_Dreamyroom_Cocos/assets/7.Scripts/Manager/UI.ts.
debug: Resolve file:///F:/CocosProject/PLY_Dreamyroom_Cocos/assets/7.Scripts/Manager/VFX.ts from cce:/internal/x/prerequisite-imports as file:///F:/CocosProject/PLY_Dreamyroom_Cocos/assets/7.Scripts/Manager/VFX.ts.
debug: Resolve file:///F:/CocosProject/PLY_Dreamyroom_Cocos/assets/7.Scripts/Manager/World.ts from cce:/internal/x/prerequisite-imports as file:///F:/CocosProject/PLY_Dreamyroom_Cocos/assets/7.Scripts/Manager/World.ts.
debug: Resolve file:///F:/CocosProject/PLY_Dreamyroom_Cocos/assets/7.Scripts/MatchAsset/MatchSprite.ts from cce:/internal/x/prerequisite-imports as file:///F:/CocosProject/PLY_Dreamyroom_Cocos/assets/7.Scripts/MatchAsset/MatchSprite.ts.
debug: Resolve file:///F:/CocosProject/PLY_Dreamyroom_Cocos/assets/7.Scripts/MatchAsset/NodeOrder.ts from cce:/internal/x/prerequisite-imports as file:///F:/CocosProject/PLY_Dreamyroom_Cocos/assets/7.Scripts/MatchAsset/NodeOrder.ts.
debug: Resolve file:///F:/CocosProject/PLY_Dreamyroom_Cocos/assets/7.Scripts/MatchAsset/ReadImagePixel.ts from cce:/internal/x/prerequisite-imports as file:///F:/CocosProject/PLY_Dreamyroom_Cocos/assets/7.Scripts/MatchAsset/ReadImagePixel.ts.
debug: Resolve file:///F:/CocosProject/PLY_Dreamyroom_Cocos/assets/7.Scripts/MatchAsset/SpriteSizeSetter.ts from cce:/internal/x/prerequisite-imports as file:///F:/CocosProject/PLY_Dreamyroom_Cocos/assets/7.Scripts/MatchAsset/SpriteSizeSetter.ts.
debug: Resolve file:///F:/CocosProject/PLY_Dreamyroom_Cocos/assets/7.Scripts/MatchAsset/Ulis.ts from cce:/internal/x/prerequisite-imports as file:///F:/CocosProject/PLY_Dreamyroom_Cocos/assets/7.Scripts/MatchAsset/Ulis.ts.
debug: Resolve file:///F:/CocosProject/PLY_Dreamyroom_Cocos/assets/7.Scripts/Misc/AStar.ts from cce:/internal/x/prerequisite-imports as file:///F:/CocosProject/PLY_Dreamyroom_Cocos/assets/7.Scripts/Misc/AStar.ts.
debug: Resolve file:///F:/CocosProject/PLY_Dreamyroom_Cocos/assets/7.Scripts/Misc/Black.ts from cce:/internal/x/prerequisite-imports as file:///F:/CocosProject/PLY_Dreamyroom_Cocos/assets/7.Scripts/Misc/Black.ts.
debug: Resolve file:///F:/CocosProject/PLY_Dreamyroom_Cocos/assets/7.Scripts/Misc/Cloud.ts from cce:/internal/x/prerequisite-imports as file:///F:/CocosProject/PLY_Dreamyroom_Cocos/assets/7.Scripts/Misc/Cloud.ts.
debug: Resolve file:///F:/CocosProject/PLY_Dreamyroom_Cocos/assets/7.Scripts/Misc/IQ.ts from cce:/internal/x/prerequisite-imports as file:///F:/CocosProject/PLY_Dreamyroom_Cocos/assets/7.Scripts/Misc/IQ.ts.
debug: Resolve file:///F:/CocosProject/PLY_Dreamyroom_Cocos/assets/7.Scripts/Misc/MeshLoader.ts from cce:/internal/x/prerequisite-imports as file:///F:/CocosProject/PLY_Dreamyroom_Cocos/assets/7.Scripts/Misc/MeshLoader.ts.
debug: Resolve file:///F:/CocosProject/PLY_Dreamyroom_Cocos/assets/7.Scripts/Misc/SkinManager.ts from cce:/internal/x/prerequisite-imports as file:///F:/CocosProject/PLY_Dreamyroom_Cocos/assets/7.Scripts/Misc/SkinManager.ts.
debug: Resolve file:///F:/CocosProject/PLY_Dreamyroom_Cocos/assets/7.Scripts/Misc/SplineLineRenderer.ts from cce:/internal/x/prerequisite-imports as file:///F:/CocosProject/PLY_Dreamyroom_Cocos/assets/7.Scripts/Misc/SplineLineRenderer.ts.
debug: Resolve file:///F:/CocosProject/PLY_Dreamyroom_Cocos/assets/7.Scripts/Misc/Tooth.ts from cce:/internal/x/prerequisite-imports as file:///F:/CocosProject/PLY_Dreamyroom_Cocos/assets/7.Scripts/Misc/Tooth.ts.
debug: Resolve file:///F:/CocosProject/PLY_Dreamyroom_Cocos/assets/7.Scripts/Misc/Ulis.ts from cce:/internal/x/prerequisite-imports as file:///F:/CocosProject/PLY_Dreamyroom_Cocos/assets/7.Scripts/Misc/Ulis.ts.
debug: Resolve file:///F:/CocosProject/PLY_Dreamyroom_Cocos/assets/7.Scripts/MyScript/ScriptTemplate/ComponentCache.ts from cce:/internal/x/prerequisite-imports as file:///F:/CocosProject/PLY_Dreamyroom_Cocos/assets/7.Scripts/MyScript/ScriptTemplate/ComponentCache.ts.
debug: Resolve file:///F:/CocosProject/PLY_Dreamyroom_Cocos/assets/7.Scripts/MyScript/ScriptTemplate/Ply_GameUnit.ts from cce:/internal/x/prerequisite-imports as file:///F:/CocosProject/PLY_Dreamyroom_Cocos/assets/7.Scripts/MyScript/ScriptTemplate/Ply_GameUnit.ts.
debug: Resolve file:///F:/CocosProject/PLY_Dreamyroom_Cocos/assets/7.Scripts/MyScript/ScriptTemplate/Ply_Pool.ts from cce:/internal/x/prerequisite-imports as file:///F:/CocosProject/PLY_Dreamyroom_Cocos/assets/7.Scripts/MyScript/ScriptTemplate/Ply_Pool.ts.
debug: Resolve file:///F:/CocosProject/PLY_Dreamyroom_Cocos/assets/7.Scripts/MyScript/ScriptTemplate/Ply_Singleton.ts from cce:/internal/x/prerequisite-imports as file:///F:/CocosProject/PLY_Dreamyroom_Cocos/assets/7.Scripts/MyScript/ScriptTemplate/Ply_Singleton.ts.
debug: Resolve file:///F:/CocosProject/PLY_Dreamyroom_Cocos/assets/7.Scripts/MyScript/ScriptTemplate/Ply_SoundManager.ts from cce:/internal/x/prerequisite-imports as file:///F:/CocosProject/PLY_Dreamyroom_Cocos/assets/7.Scripts/MyScript/ScriptTemplate/Ply_SoundManager.ts.
debug: Resolve file:///F:/CocosProject/PLY_Dreamyroom_Cocos/assets/7.Scripts/MyScript/ScriptTemplate/Yielders.ts from cce:/internal/x/prerequisite-imports as file:///F:/CocosProject/PLY_Dreamyroom_Cocos/assets/7.Scripts/MyScript/ScriptTemplate/Yielders.ts.
debug: Resolve file:///F:/CocosProject/PLY_Dreamyroom_Cocos/assets/7.Scripts/MyScript/box/BoxController.ts from cce:/internal/x/prerequisite-imports as file:///F:/CocosProject/PLY_Dreamyroom_Cocos/assets/7.Scripts/MyScript/box/BoxController.ts.
debug: Detected change: file:///F:/CocosProject/PLY_Dreamyroom_Cocos/assets/7.Scripts/MyScript/core/InputManager.ts. Last mtime: Wed Aug 19 2026 14:33:36 GMT+0700 (Indochina Time)@f7ad4090-a9de-40ad-8c8b-9613ca9f1546, Current mtime: Wed Aug 19 2026 14:37:24 GMT+0700 (Indochina Time)@f7ad4090-a9de-40ad-8c8b-9613ca9f1546
debug: Inspect file:///F:/CocosProject/PLY_Dreamyroom_Cocos/assets/7.Scripts/MyScript/core/InputManager.ts
debug: Resolve cce:/internal/code-quality/cr.mjs from file:///F:/CocosProject/PLY_Dreamyroom_Cocos/assets/7.Scripts/MyScript/core/InputManager.ts as cce:/internal/code-quality/cr.mjs.
debug: Resolve cc from file:///F:/CocosProject/PLY_Dreamyroom_Cocos/assets/7.Scripts/MyScript/core/InputManager.ts as cce:/internal/x/cc.
debug: Resolve cc from file:///F:/CocosProject/PLY_Dreamyroom_Cocos/assets/7.Scripts/MyScript/core/InputManager.ts as cce:/internal/x/cc.
debug: Resolve cc from file:///F:/CocosProject/PLY_Dreamyroom_Cocos/assets/7.Scripts/MyScript/core/InputManager.ts as cce:/internal/x/cc.
debug: Resolve ../item/ItemGraphic from file:///F:/CocosProject/PLY_Dreamyroom_Cocos/assets/7.Scripts/MyScript/core/InputManager.ts as file:///F:/CocosProject/PLY_Dreamyroom_Cocos/assets/7.Scripts/MyScript/item/ItemGraphic.ts.
debug: Resolve ../managers/ItemManager from file:///F:/CocosProject/PLY_Dreamyroom_Cocos/assets/7.Scripts/MyScript/core/InputManager.ts as file:///F:/CocosProject/PLY_Dreamyroom_Cocos/assets/7.Scripts/MyScript/managers/ItemManager.ts.
debug: Resolve file:///F:/CocosProject/PLY_Dreamyroom_Cocos/assets/7.Scripts/MyScript/box/BoxGraphic.ts from cce:/internal/x/prerequisite-imports as file:///F:/CocosProject/PLY_Dreamyroom_Cocos/assets/7.Scripts/MyScript/box/BoxGraphic.ts.
debug: Resolve file:///F:/CocosProject/PLY_Dreamyroom_Cocos/assets/7.Scripts/MyScript/core/InputManager.ts from cce:/internal/x/prerequisite-imports as file:///F:/CocosProject/PLY_Dreamyroom_Cocos/assets/7.Scripts/MyScript/core/InputManager.ts.
debug: Resolve file:///F:/CocosProject/PLY_Dreamyroom_Cocos/assets/7.Scripts/MyScript/core/ObjectPool.ts from cce:/internal/x/prerequisite-imports as file:///F:/CocosProject/PLY_Dreamyroom_Cocos/assets/7.Scripts/MyScript/core/ObjectPool.ts.
debug: Resolve file:///F:/CocosProject/PLY_Dreamyroom_Cocos/assets/7.Scripts/MyScript/core/SoundManager.ts from cce:/internal/x/prerequisite-imports as file:///F:/CocosProject/PLY_Dreamyroom_Cocos/assets/7.Scripts/MyScript/core/SoundManager.ts.
debug: Resolve file:///F:/CocosProject/PLY_Dreamyroom_Cocos/assets/7.Scripts/MyScript/core/TweenUtil.ts from cce:/internal/x/prerequisite-imports as file:///F:/CocosProject/PLY_Dreamyroom_Cocos/assets/7.Scripts/MyScript/core/TweenUtil.ts.
debug: Resolve file:///F:/CocosProject/PLY_Dreamyroom_Cocos/assets/7.Scripts/MyScript/effects/BlinkEffect.ts from cce:/internal/x/prerequisite-imports as file:///F:/CocosProject/PLY_Dreamyroom_Cocos/assets/7.Scripts/MyScript/effects/BlinkEffect.ts.
debug: Resolve file:///F:/CocosProject/PLY_Dreamyroom_Cocos/assets/7.Scripts/MyScript/item/ItemController.ts from cce:/internal/x/prerequisite-imports as file:///F:/CocosProject/PLY_Dreamyroom_Cocos/assets/7.Scripts/MyScript/item/ItemController.ts.
debug: Resolve file:///F:/CocosProject/PLY_Dreamyroom_Cocos/assets/7.Scripts/MyScript/item/ItemGraphic.ts from cce:/internal/x/prerequisite-imports as file:///F:/CocosProject/PLY_Dreamyroom_Cocos/assets/7.Scripts/MyScript/item/ItemGraphic.ts.
debug: Resolve file:///F:/CocosProject/PLY_Dreamyroom_Cocos/assets/7.Scripts/MyScript/item/ItemMovement.ts from cce:/internal/x/prerequisite-imports as file:///F:/CocosProject/PLY_Dreamyroom_Cocos/assets/7.Scripts/MyScript/item/ItemMovement.ts.
debug: Resolve file:///F:/CocosProject/PLY_Dreamyroom_Cocos/assets/7.Scripts/MyScript/item/OpenItem.ts from cce:/internal/x/prerequisite-imports as file:///F:/CocosProject/PLY_Dreamyroom_Cocos/assets/7.Scripts/MyScript/item/OpenItem.ts.
debug: Resolve file:///F:/CocosProject/PLY_Dreamyroom_Cocos/assets/7.Scripts/MyScript/managers/BaseRoomManager.ts from cce:/internal/x/prerequisite-imports as file:///F:/CocosProject/PLY_Dreamyroom_Cocos/assets/7.Scripts/MyScript/managers/BaseRoomManager.ts.
debug: Resolve file:///F:/CocosProject/PLY_Dreamyroom_Cocos/assets/7.Scripts/MyScript/managers/BoxManager.ts from cce:/internal/x/prerequisite-imports as file:///F:/CocosProject/PLY_Dreamyroom_Cocos/assets/7.Scripts/MyScript/managers/BoxManager.ts.
debug: Resolve file:///F:/CocosProject/PLY_Dreamyroom_Cocos/assets/7.Scripts/MyScript/managers/ItemManager.ts from cce:/internal/x/prerequisite-imports as file:///F:/CocosProject/PLY_Dreamyroom_Cocos/assets/7.Scripts/MyScript/managers/ItemManager.ts.
debug: Resolve file:///F:/CocosProject/PLY_Dreamyroom_Cocos/assets/7.Scripts/MyScript/managers/ProgressTrackingManager.ts from cce:/internal/x/prerequisite-imports as file:///F:/CocosProject/PLY_Dreamyroom_Cocos/assets/7.Scripts/MyScript/managers/ProgressTrackingManager.ts.
debug: Resolve file:///F:/CocosProject/PLY_Dreamyroom_Cocos/assets/7.Scripts/MyScript/managers/UIManager.ts from cce:/internal/x/prerequisite-imports as file:///F:/CocosProject/PLY_Dreamyroom_Cocos/assets/7.Scripts/MyScript/managers/UIManager.ts.
debug: Resolve file:///F:/CocosProject/PLY_Dreamyroom_Cocos/assets/7.Scripts/MyScript/managers/WorldScrollManager.ts from cce:/internal/x/prerequisite-imports as file:///F:/CocosProject/PLY_Dreamyroom_Cocos/assets/7.Scripts/MyScript/managers/WorldScrollManager.ts.
debug: Resolve file:///F:/CocosProject/PLY_Dreamyroom_Cocos/assets/7.Scripts/MyScript/pipeline/AutoAssignByNameTool.ts from cce:/internal/x/prerequisite-imports as file:///F:/CocosProject/PLY_Dreamyroom_Cocos/assets/7.Scripts/MyScript/pipeline/AutoAssignByNameTool.ts.
debug: Resolve file:///F:/CocosProject/PLY_Dreamyroom_Cocos/assets/7.Scripts/MyScript/pipeline/SceneBuilder.ts from cce:/internal/x/prerequisite-imports as file:///F:/CocosProject/PLY_Dreamyroom_Cocos/assets/7.Scripts/MyScript/pipeline/SceneBuilder.ts.
debug: Resolve file:///F:/CocosProject/PLY_Dreamyroom_Cocos/assets/7.Scripts/MyScript/utils/BallFollowFill.ts from cce:/internal/x/prerequisite-imports as file:///F:/CocosProject/PLY_Dreamyroom_Cocos/assets/7.Scripts/MyScript/utils/BallFollowFill.ts.
debug: Resolve file:///F:/CocosProject/PLY_Dreamyroom_Cocos/assets/7.Scripts/MyScript/utils/BaseRoom.ts from cce:/internal/x/prerequisite-imports as file:///F:/CocosProject/PLY_Dreamyroom_Cocos/assets/7.Scripts/MyScript/utils/BaseRoom.ts.
debug: Resolve file:///F:/CocosProject/PLY_Dreamyroom_Cocos/assets/7.Scripts/MyScript/utils/ChangeLight.ts from cce:/internal/x/prerequisite-imports as file:///F:/CocosProject/PLY_Dreamyroom_Cocos/assets/7.Scripts/MyScript/utils/ChangeLight.ts.
debug: Resolve file:///F:/CocosProject/PLY_Dreamyroom_Cocos/assets/7.Scripts/MyScript/utils/HandOfBox.ts from cce:/internal/x/prerequisite-imports as file:///F:/CocosProject/PLY_Dreamyroom_Cocos/assets/7.Scripts/MyScript/utils/HandOfBox.ts.
debug: Resolve file:///F:/CocosProject/PLY_Dreamyroom_Cocos/assets/7.Scripts/MyScript/utils/HolderSlot.ts from cce:/internal/x/prerequisite-imports as file:///F:/CocosProject/PLY_Dreamyroom_Cocos/assets/7.Scripts/MyScript/utils/HolderSlot.ts.
debug: Resolve file:///F:/CocosProject/PLY_Dreamyroom_Cocos/assets/7.Scripts/MyScript/utils/SeatHandler.ts from cce:/internal/x/prerequisite-imports as file:///F:/CocosProject/PLY_Dreamyroom_Cocos/assets/7.Scripts/MyScript/utils/SeatHandler.ts.
debug: Resolve file:///F:/CocosProject/PLY_Dreamyroom_Cocos/assets/7.Scripts/MyScript/utils/TurnOnSpine.ts from cce:/internal/x/prerequisite-imports as file:///F:/CocosProject/PLY_Dreamyroom_Cocos/assets/7.Scripts/MyScript/utils/TurnOnSpine.ts.
debug: Resolve file:///F:/CocosProject/PLY_Dreamyroom_Cocos/assets/7.Scripts/Pool/PoolControl.ts from cce:/internal/x/prerequisite-imports as file:///F:/CocosProject/PLY_Dreamyroom_Cocos/assets/7.Scripts/Pool/PoolControl.ts.
debug: Resolve file:///F:/CocosProject/PLY_Dreamyroom_Cocos/assets/7.Scripts/Pool/PoolManager.ts from cce:/internal/x/prerequisite-imports as file:///F:/CocosProject/PLY_Dreamyroom_Cocos/assets/7.Scripts/Pool/PoolManager.ts.
debug: Resolve file:///F:/CocosProject/PLY_Dreamyroom_Cocos/assets/7.Scripts/Pool/PoolMember.ts from cce:/internal/x/prerequisite-imports as file:///F:/CocosProject/PLY_Dreamyroom_Cocos/assets/7.Scripts/Pool/PoolMember.ts.
debug: Resolve file:///F:/CocosProject/PLY_Dreamyroom_Cocos/assets/7.Scripts/Tool/AppLovinAnalytics.ts from cce:/internal/x/prerequisite-imports as file:///F:/CocosProject/PLY_Dreamyroom_Cocos/assets/7.Scripts/Tool/AppLovinAnalytics.ts.
debug: Resolve file:///F:/CocosProject/PLY_Dreamyroom_Cocos/assets/7.Scripts/Tool/GameController.ts from cce:/internal/x/prerequisite-imports as file:///F:/CocosProject/PLY_Dreamyroom_Cocos/assets/7.Scripts/Tool/GameController.ts.
debug: Resolve file:///F:/CocosProject/PLY_Dreamyroom_Cocos/assets/7.Scripts/Tool/h5-helper.ts from cce:/internal/x/prerequisite-imports as file:///F:/CocosProject/PLY_Dreamyroom_Cocos/assets/7.Scripts/Tool/h5-helper.ts.
debug: Target(editor) ends with cost 136.2664999961853ms.
debug: Target(preview) build started.
debug: Detected change: cce:/internal/x/prerequisite-imports. Last mtime: Thu Jan 01 1970 07:57:55 GMT+0700 (Indochina Time), Current mtime: Thu Jan 01 1970 08:04:03 GMT+0700 (Indochina Time)
debug: Inspect cce:/internal/x/prerequisite-imports
debug: Resolve file:///C:/ProgramData/cocos/editors/Creator/3.7.4/resources/resources/3d/engine/editor/assets/tools/debug-view-runtime-control.ts from cce:/internal/x/prerequisite-imports as file:///C:/ProgramData/cocos/editors/Creator/3.7.4/resources/resources/3d/engine/editor/assets/tools/debug-view-runtime-control.ts.
debug: Resolve file:///F:/CocosProject/PLY_Dreamyroom_Cocos/assets/7.Scripts/Manager/AssetsManagerCustom.ts from cce:/internal/x/prerequisite-imports as file:///F:/CocosProject/PLY_Dreamyroom_Cocos/assets/7.Scripts/Manager/AssetsManagerCustom.ts.
debug: Resolve file:///F:/CocosProject/PLY_Dreamyroom_Cocos/assets/7.Scripts/Manager/Clock.ts from cce:/internal/x/prerequisite-imports as file:///F:/CocosProject/PLY_Dreamyroom_Cocos/assets/7.Scripts/Manager/Clock.ts.
debug: Resolve file:///F:/CocosProject/PLY_Dreamyroom_Cocos/assets/7.Scripts/Manager/InputManager.ts from cce:/internal/x/prerequisite-imports as file:///F:/CocosProject/PLY_Dreamyroom_Cocos/assets/7.Scripts/Manager/InputManager.ts.
debug: Resolve file:///F:/CocosProject/PLY_Dreamyroom_Cocos/assets/7.Scripts/Manager/Joystick.ts from cce:/internal/x/prerequisite-imports as file:///F:/CocosProject/PLY_Dreamyroom_Cocos/assets/7.Scripts/Manager/Joystick.ts.
debug: Resolve file:///F:/CocosProject/PLY_Dreamyroom_Cocos/assets/7.Scripts/Manager/MainCamera.ts from cce:/internal/x/prerequisite-imports as file:///F:/CocosProject/PLY_Dreamyroom_Cocos/assets/7.Scripts/Manager/MainCamera.ts.
debug: Resolve file:///F:/CocosProject/PLY_Dreamyroom_Cocos/assets/7.Scripts/Manager/PointerController.ts from cce:/internal/x/prerequisite-imports as file:///F:/CocosProject/PLY_Dreamyroom_Cocos/assets/7.Scripts/Manager/PointerController.ts.
debug: Resolve file:///F:/CocosProject/PLY_Dreamyroom_Cocos/assets/7.Scripts/Manager/SoundManager.ts from cce:/internal/x/prerequisite-imports as file:///F:/CocosProject/PLY_Dreamyroom_Cocos/assets/7.Scripts/Manager/SoundManager.ts.
debug: Resolve file:///F:/CocosProject/PLY_Dreamyroom_Cocos/assets/7.Scripts/Manager/UI.ts from cce:/internal/x/prerequisite-imports as file:///F:/CocosProject/PLY_Dreamyroom_Cocos/assets/7.Scripts/Manager/UI.ts.
debug: Resolve file:///F:/CocosProject/PLY_Dreamyroom_Cocos/assets/7.Scripts/Manager/VFX.ts from cce:/internal/x/prerequisite-imports as file:///F:/CocosProject/PLY_Dreamyroom_Cocos/assets/7.Scripts/Manager/VFX.ts.
debug: Resolve file:///F:/CocosProject/PLY_Dreamyroom_Cocos/assets/7.Scripts/Manager/World.ts from cce:/internal/x/prerequisite-imports as file:///F:/CocosProject/PLY_Dreamyroom_Cocos/assets/7.Scripts/Manager/World.ts.
debug: Resolve file:///F:/CocosProject/PLY_Dreamyroom_Cocos/assets/7.Scripts/MatchAsset/MatchSprite.ts from cce:/internal/x/prerequisite-imports as file:///F:/CocosProject/PLY_Dreamyroom_Cocos/assets/7.Scripts/MatchAsset/MatchSprite.ts.
debug: Resolve file:///F:/CocosProject/PLY_Dreamyroom_Cocos/assets/7.Scripts/MatchAsset/NodeOrder.ts from cce:/internal/x/prerequisite-imports as file:///F:/CocosProject/PLY_Dreamyroom_Cocos/assets/7.Scripts/MatchAsset/NodeOrder.ts.
debug: Resolve file:///F:/CocosProject/PLY_Dreamyroom_Cocos/assets/7.Scripts/MatchAsset/ReadImagePixel.ts from cce:/internal/x/prerequisite-imports as file:///F:/CocosProject/PLY_Dreamyroom_Cocos/assets/7.Scripts/MatchAsset/ReadImagePixel.ts.
debug: Resolve file:///F:/CocosProject/PLY_Dreamyroom_Cocos/assets/7.Scripts/MatchAsset/SpriteSizeSetter.ts from cce:/internal/x/prerequisite-imports as file:///F:/CocosProject/PLY_Dreamyroom_Cocos/assets/7.Scripts/MatchAsset/SpriteSizeSetter.ts.
debug: Resolve file:///F:/CocosProject/PLY_Dreamyroom_Cocos/assets/7.Scripts/MatchAsset/Ulis.ts from cce:/internal/x/prerequisite-imports as file:///F:/CocosProject/PLY_Dreamyroom_Cocos/assets/7.Scripts/MatchAsset/Ulis.ts.
debug: Resolve file:///F:/CocosProject/PLY_Dreamyroom_Cocos/assets/7.Scripts/Misc/AStar.ts from cce:/internal/x/prerequisite-imports as file:///F:/CocosProject/PLY_Dreamyroom_Cocos/assets/7.Scripts/Misc/AStar.ts.
debug: Resolve file:///F:/CocosProject/PLY_Dreamyroom_Cocos/assets/7.Scripts/Misc/Black.ts from cce:/internal/x/prerequisite-imports as file:///F:/CocosProject/PLY_Dreamyroom_Cocos/assets/7.Scripts/Misc/Black.ts.
debug: Resolve file:///F:/CocosProject/PLY_Dreamyroom_Cocos/assets/7.Scripts/Misc/Cloud.ts from cce:/internal/x/prerequisite-imports as file:///F:/CocosProject/PLY_Dreamyroom_Cocos/assets/7.Scripts/Misc/Cloud.ts.
debug: Resolve file:///F:/CocosProject/PLY_Dreamyroom_Cocos/assets/7.Scripts/Misc/IQ.ts from cce:/internal/x/prerequisite-imports as file:///F:/CocosProject/PLY_Dreamyroom_Cocos/assets/7.Scripts/Misc/IQ.ts.
debug: Resolve file:///F:/CocosProject/PLY_Dreamyroom_Cocos/assets/7.Scripts/Misc/MeshLoader.ts from cce:/internal/x/prerequisite-imports as file:///F:/CocosProject/PLY_Dreamyroom_Cocos/assets/7.Scripts/Misc/MeshLoader.ts.
debug: Resolve file:///F:/CocosProject/PLY_Dreamyroom_Cocos/assets/7.Scripts/Misc/SkinManager.ts from cce:/internal/x/prerequisite-imports as file:///F:/CocosProject/PLY_Dreamyroom_Cocos/assets/7.Scripts/Misc/SkinManager.ts.
debug: Resolve file:///F:/CocosProject/PLY_Dreamyroom_Cocos/assets/7.Scripts/Misc/SplineLineRenderer.ts from cce:/internal/x/prerequisite-imports as file:///F:/CocosProject/PLY_Dreamyroom_Cocos/assets/7.Scripts/Misc/SplineLineRenderer.ts.
debug: Resolve file:///F:/CocosProject/PLY_Dreamyroom_Cocos/assets/7.Scripts/Misc/Tooth.ts from cce:/internal/x/prerequisite-imports as file:///F:/CocosProject/PLY_Dreamyroom_Cocos/assets/7.Scripts/Misc/Tooth.ts.
debug: Resolve file:///F:/CocosProject/PLY_Dreamyroom_Cocos/assets/7.Scripts/Misc/Ulis.ts from cce:/internal/x/prerequisite-imports as file:///F:/CocosProject/PLY_Dreamyroom_Cocos/assets/7.Scripts/Misc/Ulis.ts.
debug: Resolve file:///F:/CocosProject/PLY_Dreamyroom_Cocos/assets/7.Scripts/MyScript/ScriptTemplate/ComponentCache.ts from cce:/internal/x/prerequisite-imports as file:///F:/CocosProject/PLY_Dreamyroom_Cocos/assets/7.Scripts/MyScript/ScriptTemplate/ComponentCache.ts.
debug: Resolve file:///F:/CocosProject/PLY_Dreamyroom_Cocos/assets/7.Scripts/MyScript/ScriptTemplate/Ply_GameUnit.ts from cce:/internal/x/prerequisite-imports as file:///F:/CocosProject/PLY_Dreamyroom_Cocos/assets/7.Scripts/MyScript/ScriptTemplate/Ply_GameUnit.ts.
debug: Resolve file:///F:/CocosProject/PLY_Dreamyroom_Cocos/assets/7.Scripts/MyScript/ScriptTemplate/Ply_Pool.ts from cce:/internal/x/prerequisite-imports as file:///F:/CocosProject/PLY_Dreamyroom_Cocos/assets/7.Scripts/MyScript/ScriptTemplate/Ply_Pool.ts.
debug: Resolve file:///F:/CocosProject/PLY_Dreamyroom_Cocos/assets/7.Scripts/MyScript/ScriptTemplate/Ply_Singleton.ts from cce:/internal/x/prerequisite-imports as file:///F:/CocosProject/PLY_Dreamyroom_Cocos/assets/7.Scripts/MyScript/ScriptTemplate/Ply_Singleton.ts.
debug: Resolve file:///F:/CocosProject/PLY_Dreamyroom_Cocos/assets/7.Scripts/MyScript/ScriptTemplate/Ply_SoundManager.ts from cce:/internal/x/prerequisite-imports as file:///F:/CocosProject/PLY_Dreamyroom_Cocos/assets/7.Scripts/MyScript/ScriptTemplate/Ply_SoundManager.ts.
debug: Resolve file:///F:/CocosProject/PLY_Dreamyroom_Cocos/assets/7.Scripts/MyScript/ScriptTemplate/Yielders.ts from cce:/internal/x/prerequisite-imports as file:///F:/CocosProject/PLY_Dreamyroom_Cocos/assets/7.Scripts/MyScript/ScriptTemplate/Yielders.ts.
debug: Resolve file:///F:/CocosProject/PLY_Dreamyroom_Cocos/assets/7.Scripts/MyScript/box/BoxController.ts from cce:/internal/x/prerequisite-imports as file:///F:/CocosProject/PLY_Dreamyroom_Cocos/assets/7.Scripts/MyScript/box/BoxController.ts.
debug: Detected change: file:///F:/CocosProject/PLY_Dreamyroom_Cocos/assets/7.Scripts/MyScript/core/InputManager.ts. Last mtime: Wed Aug 19 2026 14:33:36 GMT+0700 (Indochina Time)@f7ad4090-a9de-40ad-8c8b-9613ca9f1546, Current mtime: Wed Aug 19 2026 14:37:24 GMT+0700 (Indochina Time)@f7ad4090-a9de-40ad-8c8b-9613ca9f1546
debug: Inspect file:///F:/CocosProject/PLY_Dreamyroom_Cocos/assets/7.Scripts/MyScript/core/InputManager.ts
debug: Resolve cce:/internal/code-quality/cr.mjs from file:///F:/CocosProject/PLY_Dreamyroom_Cocos/assets/7.Scripts/MyScript/core/InputManager.ts as cce:/internal/code-quality/cr.mjs.
debug: Resolve cc from file:///F:/CocosProject/PLY_Dreamyroom_Cocos/assets/7.Scripts/MyScript/core/InputManager.ts as cce:/internal/x/cc.
debug: Resolve cc from file:///F:/CocosProject/PLY_Dreamyroom_Cocos/assets/7.Scripts/MyScript/core/InputManager.ts as cce:/internal/x/cc.
debug: Resolve cc from file:///F:/CocosProject/PLY_Dreamyroom_Cocos/assets/7.Scripts/MyScript/core/InputManager.ts as cce:/internal/x/cc.
debug: Resolve ../item/ItemGraphic from file:///F:/CocosProject/PLY_Dreamyroom_Cocos/assets/7.Scripts/MyScript/core/InputManager.ts as file:///F:/CocosProject/PLY_Dreamyroom_Cocos/assets/7.Scripts/MyScript/item/ItemGraphic.ts.
debug: Resolve ../managers/ItemManager from file:///F:/CocosProject/PLY_Dreamyroom_Cocos/assets/7.Scripts/MyScript/core/InputManager.ts as file:///F:/CocosProject/PLY_Dreamyroom_Cocos/assets/7.Scripts/MyScript/managers/ItemManager.ts.
debug: Resolve file:///F:/CocosProject/PLY_Dreamyroom_Cocos/assets/7.Scripts/MyScript/box/BoxGraphic.ts from cce:/internal/x/prerequisite-imports as file:///F:/CocosProject/PLY_Dreamyroom_Cocos/assets/7.Scripts/MyScript/box/BoxGraphic.ts.
debug: Resolve file:///F:/CocosProject/PLY_Dreamyroom_Cocos/assets/7.Scripts/MyScript/core/InputManager.ts from cce:/internal/x/prerequisite-imports as file:///F:/CocosProject/PLY_Dreamyroom_Cocos/assets/7.Scripts/MyScript/core/InputManager.ts.
debug: Resolve file:///F:/CocosProject/PLY_Dreamyroom_Cocos/assets/7.Scripts/MyScript/core/ObjectPool.ts from cce:/internal/x/prerequisite-imports as file:///F:/CocosProject/PLY_Dreamyroom_Cocos/assets/7.Scripts/MyScript/core/ObjectPool.ts.
debug: Resolve file:///F:/CocosProject/PLY_Dreamyroom_Cocos/assets/7.Scripts/MyScript/core/SoundManager.ts from cce:/internal/x/prerequisite-imports as file:///F:/CocosProject/PLY_Dreamyroom_Cocos/assets/7.Scripts/MyScript/core/SoundManager.ts.
debug: Resolve file:///F:/CocosProject/PLY_Dreamyroom_Cocos/assets/7.Scripts/MyScript/core/TweenUtil.ts from cce:/internal/x/prerequisite-imports as file:///F:/CocosProject/PLY_Dreamyroom_Cocos/assets/7.Scripts/MyScript/core/TweenUtil.ts.
debug: Resolve file:///F:/CocosProject/PLY_Dreamyroom_Cocos/assets/7.Scripts/MyScript/effects/BlinkEffect.ts from cce:/internal/x/prerequisite-imports as file:///F:/CocosProject/PLY_Dreamyroom_Cocos/assets/7.Scripts/MyScript/effects/BlinkEffect.ts.
debug: Resolve file:///F:/CocosProject/PLY_Dreamyroom_Cocos/assets/7.Scripts/MyScript/item/ItemController.ts from cce:/internal/x/prerequisite-imports as file:///F:/CocosProject/PLY_Dreamyroom_Cocos/assets/7.Scripts/MyScript/item/ItemController.ts.
debug: Resolve file:///F:/CocosProject/PLY_Dreamyroom_Cocos/assets/7.Scripts/MyScript/item/ItemGraphic.ts from cce:/internal/x/prerequisite-imports as file:///F:/CocosProject/PLY_Dreamyroom_Cocos/assets/7.Scripts/MyScript/item/ItemGraphic.ts.
debug: Resolve file:///F:/CocosProject/PLY_Dreamyroom_Cocos/assets/7.Scripts/MyScript/item/ItemMovement.ts from cce:/internal/x/prerequisite-imports as file:///F:/CocosProject/PLY_Dreamyroom_Cocos/assets/7.Scripts/MyScript/item/ItemMovement.ts.
debug: Resolve file:///F:/CocosProject/PLY_Dreamyroom_Cocos/assets/7.Scripts/MyScript/item/OpenItem.ts from cce:/internal/x/prerequisite-imports as file:///F:/CocosProject/PLY_Dreamyroom_Cocos/assets/7.Scripts/MyScript/item/OpenItem.ts.
debug: Resolve file:///F:/CocosProject/PLY_Dreamyroom_Cocos/assets/7.Scripts/MyScript/managers/BaseRoomManager.ts from cce:/internal/x/prerequisite-imports as file:///F:/CocosProject/PLY_Dreamyroom_Cocos/assets/7.Scripts/MyScript/managers/BaseRoomManager.ts.
debug: Resolve file:///F:/CocosProject/PLY_Dreamyroom_Cocos/assets/7.Scripts/MyScript/managers/BoxManager.ts from cce:/internal/x/prerequisite-imports as file:///F:/CocosProject/PLY_Dreamyroom_Cocos/assets/7.Scripts/MyScript/managers/BoxManager.ts.
debug: Resolve file:///F:/CocosProject/PLY_Dreamyroom_Cocos/assets/7.Scripts/MyScript/managers/ItemManager.ts from cce:/internal/x/prerequisite-imports as file:///F:/CocosProject/PLY_Dreamyroom_Cocos/assets/7.Scripts/MyScript/managers/ItemManager.ts.
debug: Resolve file:///F:/CocosProject/PLY_Dreamyroom_Cocos/assets/7.Scripts/MyScript/managers/ProgressTrackingManager.ts from cce:/internal/x/prerequisite-imports as file:///F:/CocosProject/PLY_Dreamyroom_Cocos/assets/7.Scripts/MyScript/managers/ProgressTrackingManager.ts.
debug: Resolve file:///F:/CocosProject/PLY_Dreamyroom_Cocos/assets/7.Scripts/MyScript/managers/UIManager.ts from cce:/internal/x/prerequisite-imports as file:///F:/CocosProject/PLY_Dreamyroom_Cocos/assets/7.Scripts/MyScript/managers/UIManager.ts.
debug: Resolve file:///F:/CocosProject/PLY_Dreamyroom_Cocos/assets/7.Scripts/MyScript/managers/WorldScrollManager.ts from cce:/internal/x/prerequisite-imports as file:///F:/CocosProject/PLY_Dreamyroom_Cocos/assets/7.Scripts/MyScript/managers/WorldScrollManager.ts.
debug: Resolve file:///F:/CocosProject/PLY_Dreamyroom_Cocos/assets/7.Scripts/MyScript/pipeline/AutoAssignByNameTool.ts from cce:/internal/x/prerequisite-imports as file:///F:/CocosProject/PLY_Dreamyroom_Cocos/assets/7.Scripts/MyScript/pipeline/AutoAssignByNameTool.ts.
debug: Resolve file:///F:/CocosProject/PLY_Dreamyroom_Cocos/assets/7.Scripts/MyScript/pipeline/SceneBuilder.ts from cce:/internal/x/prerequisite-imports as file:///F:/CocosProject/PLY_Dreamyroom_Cocos/assets/7.Scripts/MyScript/pipeline/SceneBuilder.ts.
debug: Resolve file:///F:/CocosProject/PLY_Dreamyroom_Cocos/assets/7.Scripts/MyScript/utils/BallFollowFill.ts from cce:/internal/x/prerequisite-imports as file:///F:/CocosProject/PLY_Dreamyroom_Cocos/assets/7.Scripts/MyScript/utils/BallFollowFill.ts.
debug: Resolve file:///F:/CocosProject/PLY_Dreamyroom_Cocos/assets/7.Scripts/MyScript/utils/BaseRoom.ts from cce:/internal/x/prerequisite-imports as file:///F:/CocosProject/PLY_Dreamyroom_Cocos/assets/7.Scripts/MyScript/utils/BaseRoom.ts.
debug: Resolve file:///F:/CocosProject/PLY_Dreamyroom_Cocos/assets/7.Scripts/MyScript/utils/ChangeLight.ts from cce:/internal/x/prerequisite-imports as file:///F:/CocosProject/PLY_Dreamyroom_Cocos/assets/7.Scripts/MyScript/utils/ChangeLight.ts.
debug: Resolve file:///F:/CocosProject/PLY_Dreamyroom_Cocos/assets/7.Scripts/MyScript/utils/HandOfBox.ts from cce:/internal/x/prerequisite-imports as file:///F:/CocosProject/PLY_Dreamyroom_Cocos/assets/7.Scripts/MyScript/utils/HandOfBox.ts.
debug: Resolve file:///F:/CocosProject/PLY_Dreamyroom_Cocos/assets/7.Scripts/MyScript/utils/HolderSlot.ts from cce:/internal/x/prerequisite-imports as file:///F:/CocosProject/PLY_Dreamyroom_Cocos/assets/7.Scripts/MyScript/utils/HolderSlot.ts.
debug: Resolve file:///F:/CocosProject/PLY_Dreamyroom_Cocos/assets/7.Scripts/MyScript/utils/SeatHandler.ts from cce:/internal/x/prerequisite-imports as file:///F:/CocosProject/PLY_Dreamyroom_Cocos/assets/7.Scripts/MyScript/utils/SeatHandler.ts.
debug: Resolve file:///F:/CocosProject/PLY_Dreamyroom_Cocos/assets/7.Scripts/MyScript/utils/TurnOnSpine.ts from cce:/internal/x/prerequisite-imports as file:///F:/CocosProject/PLY_Dreamyroom_Cocos/assets/7.Scripts/MyScript/utils/TurnOnSpine.ts.
debug: Resolve file:///F:/CocosProject/PLY_Dreamyroom_Cocos/assets/7.Scripts/Pool/PoolControl.ts from cce:/internal/x/prerequisite-imports as file:///F:/CocosProject/PLY_Dreamyroom_Cocos/assets/7.Scripts/Pool/PoolControl.ts.
debug: Resolve file:///F:/CocosProject/PLY_Dreamyroom_Cocos/assets/7.Scripts/Pool/PoolManager.ts from cce:/internal/x/prerequisite-imports as file:///F:/CocosProject/PLY_Dreamyroom_Cocos/assets/7.Scripts/Pool/PoolManager.ts.
debug: Resolve file:///F:/CocosProject/PLY_Dreamyroom_Cocos/assets/7.Scripts/Pool/PoolMember.ts from cce:/internal/x/prerequisite-imports as file:///F:/CocosProject/PLY_Dreamyroom_Cocos/assets/7.Scripts/Pool/PoolMember.ts.
debug: Resolve file:///F:/CocosProject/PLY_Dreamyroom_Cocos/assets/7.Scripts/Tool/AppLovinAnalytics.ts from cce:/internal/x/prerequisite-imports as file:///F:/CocosProject/PLY_Dreamyroom_Cocos/assets/7.Scripts/Tool/AppLovinAnalytics.ts.
debug: Resolve file:///F:/CocosProject/PLY_Dreamyroom_Cocos/assets/7.Scripts/Tool/GameController.ts from cce:/internal/x/prerequisite-imports as file:///F:/CocosProject/PLY_Dreamyroom_Cocos/assets/7.Scripts/Tool/GameController.ts.
debug: Resolve file:///F:/CocosProject/PLY_Dreamyroom_Cocos/assets/7.Scripts/Tool/h5-helper.ts from cce:/internal/x/prerequisite-imports as file:///F:/CocosProject/PLY_Dreamyroom_Cocos/assets/7.Scripts/Tool/h5-helper.ts.
debug: Target(preview) ends with cost 152.8526000380516ms.
debug: Dispatch build request for time accumulated 2 asset changes.
debug: Build iteration starts.
Number of accumulated asset changes: 2
Feature changed: false
debug: Target(editor) build started.
debug: Detected change: cce:/internal/x/prerequisite-imports. Last mtime: Thu Jan 01 1970 08:04:03 GMT+0700 (Indochina Time), Current mtime: Thu Jan 01 1970 08:05:00 GMT+0700 (Indochina Time)
debug: Inspect cce:/internal/x/prerequisite-imports
debug: Resolve file:///C:/ProgramData/cocos/editors/Creator/3.7.4/resources/resources/3d/engine/editor/assets/tools/debug-view-runtime-control.ts from cce:/internal/x/prerequisite-imports as file:///C:/ProgramData/cocos/editors/Creator/3.7.4/resources/resources/3d/engine/editor/assets/tools/debug-view-runtime-control.ts.
debug: Resolve file:///F:/CocosProject/PLY_Dreamyroom_Cocos/assets/7.Scripts/Manager/AssetsManagerCustom.ts from cce:/internal/x/prerequisite-imports as file:///F:/CocosProject/PLY_Dreamyroom_Cocos/assets/7.Scripts/Manager/AssetsManagerCustom.ts.
debug: Resolve file:///F:/CocosProject/PLY_Dreamyroom_Cocos/assets/7.Scripts/Manager/Clock.ts from cce:/internal/x/prerequisite-imports as file:///F:/CocosProject/PLY_Dreamyroom_Cocos/assets/7.Scripts/Manager/Clock.ts.
debug: Resolve file:///F:/CocosProject/PLY_Dreamyroom_Cocos/assets/7.Scripts/Manager/InputManager.ts from cce:/internal/x/prerequisite-imports as file:///F:/CocosProject/PLY_Dreamyroom_Cocos/assets/7.Scripts/Manager/InputManager.ts.
debug: Detected change: file:///F:/CocosProject/PLY_Dreamyroom_Cocos/assets/7.Scripts/Manager/InputManager.ts. Last mtime: Tue May 19 2026 10:21:21 GMT+0700 (Indochina Time)@9af7cb90-e1fb-4efd-835f-cf82497f2625, Current mtime: Wed Aug 19 2026 14:40:27 GMT+0700 (Indochina Time)@9af7cb90-e1fb-4efd-835f-cf82497f2625
debug: Inspect file:///F:/CocosProject/PLY_Dreamyroom_Cocos/assets/7.Scripts/Manager/InputManager.ts
debug: Resolve cce:/internal/code-quality/cr.mjs from file:///F:/CocosProject/PLY_Dreamyroom_Cocos/assets/7.Scripts/Manager/InputManager.ts as cce:/internal/code-quality/cr.mjs.
debug: Resolve cc from file:///F:/CocosProject/PLY_Dreamyroom_Cocos/assets/7.Scripts/Manager/InputManager.ts as cce:/internal/x/cc.
debug: Resolve cc from file:///F:/CocosProject/PLY_Dreamyroom_Cocos/assets/7.Scripts/Manager/InputManager.ts as cce:/internal/x/cc.
debug: Resolve cc from file:///F:/CocosProject/PLY_Dreamyroom_Cocos/assets/7.Scripts/Manager/InputManager.ts as cce:/internal/x/cc.
debug: Resolve ./UI from file:///F:/CocosProject/PLY_Dreamyroom_Cocos/assets/7.Scripts/Manager/InputManager.ts as file:///F:/CocosProject/PLY_Dreamyroom_Cocos/assets/7.Scripts/Manager/UI.ts.
debug: Resolve ./SoundManager from file:///F:/CocosProject/PLY_Dreamyroom_Cocos/assets/7.Scripts/Manager/InputManager.ts as file:///F:/CocosProject/PLY_Dreamyroom_Cocos/assets/7.Scripts/Manager/SoundManager.ts.
debug: Resolve ../MyScript/item/ItemGraphic from file:///F:/CocosProject/PLY_Dreamyroom_Cocos/assets/7.Scripts/Manager/InputManager.ts as file:///F:/CocosProject/PLY_Dreamyroom_Cocos/assets/7.Scripts/MyScript/item/ItemGraphic.ts.
debug: Resolve ../MyScript/managers/ItemManager from file:///F:/CocosProject/PLY_Dreamyroom_Cocos/assets/7.Scripts/Manager/InputManager.ts as file:///F:/CocosProject/PLY_Dreamyroom_Cocos/assets/7.Scripts/MyScript/managers/ItemManager.ts.
debug: Detected change: file:///F:/CocosProject/PLY_Dreamyroom_Cocos/assets/7.Scripts/MyScript/core/InputManager.ts. Last mtime: Wed Aug 19 2026 14:37:24 GMT+0700 (Indochina Time)@f7ad4090-a9de-40ad-8c8b-9613ca9f1546, Current mtime: Wed Aug 19 2026 14:40:32 GMT+0700 (Indochina Time)@f7ad4090-a9de-40ad-8c8b-9613ca9f1546
debug: Inspect file:///F:/CocosProject/PLY_Dreamyroom_Cocos/assets/7.Scripts/MyScript/core/InputManager.ts
debug: Resolve cc from file:///F:/CocosProject/PLY_Dreamyroom_Cocos/assets/7.Scripts/MyScript/core/InputManager.ts as cce:/internal/x/cc.
debug: Resolve ../../Manager/InputManager from file:///F:/CocosProject/PLY_Dreamyroom_Cocos/assets/7.Scripts/MyScript/core/InputManager.ts as file:///F:/CocosProject/PLY_Dreamyroom_Cocos/assets/7.Scripts/Manager/InputManager.ts.
debug: Resolve file:///F:/CocosProject/PLY_Dreamyroom_Cocos/assets/7.Scripts/Manager/Joystick.ts from cce:/internal/x/prerequisite-imports as file:///F:/CocosProject/PLY_Dreamyroom_Cocos/assets/7.Scripts/Manager/Joystick.ts.
debug: Resolve file:///F:/CocosProject/PLY_Dreamyroom_Cocos/assets/7.Scripts/Manager/MainCamera.ts from cce:/internal/x/prerequisite-imports as file:///F:/CocosProject/PLY_Dreamyroom_Cocos/assets/7.Scripts/Manager/MainCamera.ts.
debug: Resolve file:///F:/CocosProject/PLY_Dreamyroom_Cocos/assets/7.Scripts/Manager/PointerController.ts from cce:/internal/x/prerequisite-imports as file:///F:/CocosProject/PLY_Dreamyroom_Cocos/assets/7.Scripts/Manager/PointerController.ts.
debug: Resolve file:///F:/CocosProject/PLY_Dreamyroom_Cocos/assets/7.Scripts/Manager/SoundManager.ts from cce:/internal/x/prerequisite-imports as file:///F:/CocosProject/PLY_Dreamyroom_Cocos/assets/7.Scripts/Manager/SoundManager.ts.
debug: Resolve file:///F:/CocosProject/PLY_Dreamyroom_Cocos/assets/7.Scripts/Manager/UI.ts from cce:/internal/x/prerequisite-imports as file:///F:/CocosProject/PLY_Dreamyroom_Cocos/assets/7.Scripts/Manager/UI.ts.
debug: Resolve file:///F:/CocosProject/PLY_Dreamyroom_Cocos/assets/7.Scripts/Manager/VFX.ts from cce:/internal/x/prerequisite-imports as file:///F:/CocosProject/PLY_Dreamyroom_Cocos/assets/7.Scripts/Manager/VFX.ts.
debug: Resolve file:///F:/CocosProject/PLY_Dreamyroom_Cocos/assets/7.Scripts/Manager/World.ts from cce:/internal/x/prerequisite-imports as file:///F:/CocosProject/PLY_Dreamyroom_Cocos/assets/7.Scripts/Manager/World.ts.
debug: Resolve file:///F:/CocosProject/PLY_Dreamyroom_Cocos/assets/7.Scripts/MatchAsset/MatchSprite.ts from cce:/internal/x/prerequisite-imports as file:///F:/CocosProject/PLY_Dreamyroom_Cocos/assets/7.Scripts/MatchAsset/MatchSprite.ts.
debug: Resolve file:///F:/CocosProject/PLY_Dreamyroom_Cocos/assets/7.Scripts/MatchAsset/NodeOrder.ts from cce:/internal/x/prerequisite-imports as file:///F:/CocosProject/PLY_Dreamyroom_Cocos/assets/7.Scripts/MatchAsset/NodeOrder.ts.
debug: Resolve file:///F:/CocosProject/PLY_Dreamyroom_Cocos/assets/7.Scripts/MatchAsset/ReadImagePixel.ts from cce:/internal/x/prerequisite-imports as file:///F:/CocosProject/PLY_Dreamyroom_Cocos/assets/7.Scripts/MatchAsset/ReadImagePixel.ts.
debug: Resolve file:///F:/CocosProject/PLY_Dreamyroom_Cocos/assets/7.Scripts/MatchAsset/SpriteSizeSetter.ts from cce:/internal/x/prerequisite-imports as file:///F:/CocosProject/PLY_Dreamyroom_Cocos/assets/7.Scripts/MatchAsset/SpriteSizeSetter.ts.
debug: Resolve file:///F:/CocosProject/PLY_Dreamyroom_Cocos/assets/7.Scripts/MatchAsset/Ulis.ts from cce:/internal/x/prerequisite-imports as file:///F:/CocosProject/PLY_Dreamyroom_Cocos/assets/7.Scripts/MatchAsset/Ulis.ts.
debug: Resolve file:///F:/CocosProject/PLY_Dreamyroom_Cocos/assets/7.Scripts/Misc/AStar.ts from cce:/internal/x/prerequisite-imports as file:///F:/CocosProject/PLY_Dreamyroom_Cocos/assets/7.Scripts/Misc/AStar.ts.
debug: Resolve file:///F:/CocosProject/PLY_Dreamyroom_Cocos/assets/7.Scripts/Misc/Black.ts from cce:/internal/x/prerequisite-imports as file:///F:/CocosProject/PLY_Dreamyroom_Cocos/assets/7.Scripts/Misc/Black.ts.
debug: Resolve file:///F:/CocosProject/PLY_Dreamyroom_Cocos/assets/7.Scripts/Misc/Cloud.ts from cce:/internal/x/prerequisite-imports as file:///F:/CocosProject/PLY_Dreamyroom_Cocos/assets/7.Scripts/Misc/Cloud.ts.
debug: Resolve file:///F:/CocosProject/PLY_Dreamyroom_Cocos/assets/7.Scripts/Misc/IQ.ts from cce:/internal/x/prerequisite-imports as file:///F:/CocosProject/PLY_Dreamyroom_Cocos/assets/7.Scripts/Misc/IQ.ts.
debug: Resolve file:///F:/CocosProject/PLY_Dreamyroom_Cocos/assets/7.Scripts/Misc/MeshLoader.ts from cce:/internal/x/prerequisite-imports as file:///F:/CocosProject/PLY_Dreamyroom_Cocos/assets/7.Scripts/Misc/MeshLoader.ts.
debug: Resolve file:///F:/CocosProject/PLY_Dreamyroom_Cocos/assets/7.Scripts/Misc/SkinManager.ts from cce:/internal/x/prerequisite-imports as file:///F:/CocosProject/PLY_Dreamyroom_Cocos/assets/7.Scripts/Misc/SkinManager.ts.
debug: Resolve file:///F:/CocosProject/PLY_Dreamyroom_Cocos/assets/7.Scripts/Misc/SplineLineRenderer.ts from cce:/internal/x/prerequisite-imports as file:///F:/CocosProject/PLY_Dreamyroom_Cocos/assets/7.Scripts/Misc/SplineLineRenderer.ts.
debug: Resolve file:///F:/CocosProject/PLY_Dreamyroom_Cocos/assets/7.Scripts/Misc/Tooth.ts from cce:/internal/x/prerequisite-imports as file:///F:/CocosProject/PLY_Dreamyroom_Cocos/assets/7.Scripts/Misc/Tooth.ts.
debug: Resolve file:///F:/CocosProject/PLY_Dreamyroom_Cocos/assets/7.Scripts/Misc/Ulis.ts from cce:/internal/x/prerequisite-imports as file:///F:/CocosProject/PLY_Dreamyroom_Cocos/assets/7.Scripts/Misc/Ulis.ts.
debug: Resolve file:///F:/CocosProject/PLY_Dreamyroom_Cocos/assets/7.Scripts/MyScript/ScriptTemplate/ComponentCache.ts from cce:/internal/x/prerequisite-imports as file:///F:/CocosProject/PLY_Dreamyroom_Cocos/assets/7.Scripts/MyScript/ScriptTemplate/ComponentCache.ts.
debug: Resolve file:///F:/CocosProject/PLY_Dreamyroom_Cocos/assets/7.Scripts/MyScript/ScriptTemplate/Ply_GameUnit.ts from cce:/internal/x/prerequisite-imports as file:///F:/CocosProject/PLY_Dreamyroom_Cocos/assets/7.Scripts/MyScript/ScriptTemplate/Ply_GameUnit.ts.
debug: Resolve file:///F:/CocosProject/PLY_Dreamyroom_Cocos/assets/7.Scripts/MyScript/ScriptTemplate/Ply_Pool.ts from cce:/internal/x/prerequisite-imports as file:///F:/CocosProject/PLY_Dreamyroom_Cocos/assets/7.Scripts/MyScript/ScriptTemplate/Ply_Pool.ts.
debug: Resolve file:///F:/CocosProject/PLY_Dreamyroom_Cocos/assets/7.Scripts/MyScript/ScriptTemplate/Ply_Singleton.ts from cce:/internal/x/prerequisite-imports as file:///F:/CocosProject/PLY_Dreamyroom_Cocos/assets/7.Scripts/MyScript/ScriptTemplate/Ply_Singleton.ts.
debug: Resolve file:///F:/CocosProject/PLY_Dreamyroom_Cocos/assets/7.Scripts/MyScript/ScriptTemplate/Ply_SoundManager.ts from cce:/internal/x/prerequisite-imports as file:///F:/CocosProject/PLY_Dreamyroom_Cocos/assets/7.Scripts/MyScript/ScriptTemplate/Ply_SoundManager.ts.
debug: Resolve file:///F:/CocosProject/PLY_Dreamyroom_Cocos/assets/7.Scripts/MyScript/ScriptTemplate/Yielders.ts from cce:/internal/x/prerequisite-imports as file:///F:/CocosProject/PLY_Dreamyroom_Cocos/assets/7.Scripts/MyScript/ScriptTemplate/Yielders.ts.
debug: Resolve file:///F:/CocosProject/PLY_Dreamyroom_Cocos/assets/7.Scripts/MyScript/box/BoxController.ts from cce:/internal/x/prerequisite-imports as file:///F:/CocosProject/PLY_Dreamyroom_Cocos/assets/7.Scripts/MyScript/box/BoxController.ts.
debug: Resolve file:///F:/CocosProject/PLY_Dreamyroom_Cocos/assets/7.Scripts/MyScript/box/BoxGraphic.ts from cce:/internal/x/prerequisite-imports as file:///F:/CocosProject/PLY_Dreamyroom_Cocos/assets/7.Scripts/MyScript/box/BoxGraphic.ts.
debug: Resolve file:///F:/CocosProject/PLY_Dreamyroom_Cocos/assets/7.Scripts/MyScript/core/InputManager.ts from cce:/internal/x/prerequisite-imports as file:///F:/CocosProject/PLY_Dreamyroom_Cocos/assets/7.Scripts/MyScript/core/InputManager.ts.
debug: Resolve file:///F:/CocosProject/PLY_Dreamyroom_Cocos/assets/7.Scripts/MyScript/core/ObjectPool.ts from cce:/internal/x/prerequisite-imports as file:///F:/CocosProject/PLY_Dreamyroom_Cocos/assets/7.Scripts/MyScript/core/ObjectPool.ts.
debug: Resolve file:///F:/CocosProject/PLY_Dreamyroom_Cocos/assets/7.Scripts/MyScript/core/SoundManager.ts from cce:/internal/x/prerequisite-imports as file:///F:/CocosProject/PLY_Dreamyroom_Cocos/assets/7.Scripts/MyScript/core/SoundManager.ts.
debug: Resolve file:///F:/CocosProject/PLY_Dreamyroom_Cocos/assets/7.Scripts/MyScript/core/TweenUtil.ts from cce:/internal/x/prerequisite-imports as file:///F:/CocosProject/PLY_Dreamyroom_Cocos/assets/7.Scripts/MyScript/core/TweenUtil.ts.
debug: Resolve file:///F:/CocosProject/PLY_Dreamyroom_Cocos/assets/7.Scripts/MyScript/effects/BlinkEffect.ts from cce:/internal/x/prerequisite-imports as file:///F:/CocosProject/PLY_Dreamyroom_Cocos/assets/7.Scripts/MyScript/effects/BlinkEffect.ts.
debug: Resolve file:///F:/CocosProject/PLY_Dreamyroom_Cocos/assets/7.Scripts/MyScript/item/ItemController.ts from cce:/internal/x/prerequisite-imports as file:///F:/CocosProject/PLY_Dreamyroom_Cocos/assets/7.Scripts/MyScript/item/ItemController.ts.
debug: Resolve file:///F:/CocosProject/PLY_Dreamyroom_Cocos/assets/7.Scripts/MyScript/item/ItemGraphic.ts from cce:/internal/x/prerequisite-imports as file:///F:/CocosProject/PLY_Dreamyroom_Cocos/assets/7.Scripts/MyScript/item/ItemGraphic.ts.
debug: Resolve file:///F:/CocosProject/PLY_Dreamyroom_Cocos/assets/7.Scripts/MyScript/item/ItemMovement.ts from cce:/internal/x/prerequisite-imports as file:///F:/CocosProject/PLY_Dreamyroom_Cocos/assets/7.Scripts/MyScript/item/ItemMovement.ts.
debug: Resolve file:///F:/CocosProject/PLY_Dreamyroom_Cocos/assets/7.Scripts/MyScript/item/OpenItem.ts from cce:/internal/x/prerequisite-imports as file:///F:/CocosProject/PLY_Dreamyroom_Cocos/assets/7.Scripts/MyScript/item/OpenItem.ts.
debug: Resolve file:///F:/CocosProject/PLY_Dreamyroom_Cocos/assets/7.Scripts/MyScript/managers/BaseRoomManager.ts from cce:/internal/x/prerequisite-imports as file:///F:/CocosProject/PLY_Dreamyroom_Cocos/assets/7.Scripts/MyScript/managers/BaseRoomManager.ts.
debug: Resolve file:///F:/CocosProject/PLY_Dreamyroom_Cocos/assets/7.Scripts/MyScript/managers/BoxManager.ts from cce:/internal/x/prerequisite-imports as file:///F:/CocosProject/PLY_Dreamyroom_Cocos/assets/7.Scripts/MyScript/managers/BoxManager.ts.
debug: Resolve file:///F:/CocosProject/PLY_Dreamyroom_Cocos/assets/7.Scripts/MyScript/managers/ItemManager.ts from cce:/internal/x/prerequisite-imports as file:///F:/CocosProject/PLY_Dreamyroom_Cocos/assets/7.Scripts/MyScript/managers/ItemManager.ts.
debug: Resolve file:///F:/CocosProject/PLY_Dreamyroom_Cocos/assets/7.Scripts/MyScript/managers/ProgressTrackingManager.ts from cce:/internal/x/prerequisite-imports as file:///F:/CocosProject/PLY_Dreamyroom_Cocos/assets/7.Scripts/MyScript/managers/ProgressTrackingManager.ts.
debug: Resolve file:///F:/CocosProject/PLY_Dreamyroom_Cocos/assets/7.Scripts/MyScript/managers/UIManager.ts from cce:/internal/x/prerequisite-imports as file:///F:/CocosProject/PLY_Dreamyroom_Cocos/assets/7.Scripts/MyScript/managers/UIManager.ts.
debug: Resolve file:///F:/CocosProject/PLY_Dreamyroom_Cocos/assets/7.Scripts/MyScript/managers/WorldScrollManager.ts from cce:/internal/x/prerequisite-imports as file:///F:/CocosProject/PLY_Dreamyroom_Cocos/assets/7.Scripts/MyScript/managers/WorldScrollManager.ts.
debug: Resolve file:///F:/CocosProject/PLY_Dreamyroom_Cocos/assets/7.Scripts/MyScript/pipeline/AutoAssignByNameTool.ts from cce:/internal/x/prerequisite-imports as file:///F:/CocosProject/PLY_Dreamyroom_Cocos/assets/7.Scripts/MyScript/pipeline/AutoAssignByNameTool.ts.
debug: Resolve file:///F:/CocosProject/PLY_Dreamyroom_Cocos/assets/7.Scripts/MyScript/pipeline/SceneBuilder.ts from cce:/internal/x/prerequisite-imports as file:///F:/CocosProject/PLY_Dreamyroom_Cocos/assets/7.Scripts/MyScript/pipeline/SceneBuilder.ts.
debug: Resolve file:///F:/CocosProject/PLY_Dreamyroom_Cocos/assets/7.Scripts/MyScript/utils/BallFollowFill.ts from cce:/internal/x/prerequisite-imports as file:///F:/CocosProject/PLY_Dreamyroom_Cocos/assets/7.Scripts/MyScript/utils/BallFollowFill.ts.
debug: Resolve file:///F:/CocosProject/PLY_Dreamyroom_Cocos/assets/7.Scripts/MyScript/utils/BaseRoom.ts from cce:/internal/x/prerequisite-imports as file:///F:/CocosProject/PLY_Dreamyroom_Cocos/assets/7.Scripts/MyScript/utils/BaseRoom.ts.
debug: Resolve file:///F:/CocosProject/PLY_Dreamyroom_Cocos/assets/7.Scripts/MyScript/utils/ChangeLight.ts from cce:/internal/x/prerequisite-imports as file:///F:/CocosProject/PLY_Dreamyroom_Cocos/assets/7.Scripts/MyScript/utils/ChangeLight.ts.
debug: Resolve file:///F:/CocosProject/PLY_Dreamyroom_Cocos/assets/7.Scripts/MyScript/utils/HandOfBox.ts from cce:/internal/x/prerequisite-imports as file:///F:/CocosProject/PLY_Dreamyroom_Cocos/assets/7.Scripts/MyScript/utils/HandOfBox.ts.
debug: Resolve file:///F:/CocosProject/PLY_Dreamyroom_Cocos/assets/7.Scripts/MyScript/utils/HolderSlot.ts from cce:/internal/x/prerequisite-imports as file:///F:/CocosProject/PLY_Dreamyroom_Cocos/assets/7.Scripts/MyScript/utils/HolderSlot.ts.
debug: Resolve file:///F:/CocosProject/PLY_Dreamyroom_Cocos/assets/7.Scripts/MyScript/utils/SeatHandler.ts from cce:/internal/x/prerequisite-imports as file:///F:/CocosProject/PLY_Dreamyroom_Cocos/assets/7.Scripts/MyScript/utils/SeatHandler.ts.
debug: Resolve file:///F:/CocosProject/PLY_Dreamyroom_Cocos/assets/7.Scripts/MyScript/utils/TurnOnSpine.ts from cce:/internal/x/prerequisite-imports as file:///F:/CocosProject/PLY_Dreamyroom_Cocos/assets/7.Scripts/MyScript/utils/TurnOnSpine.ts.
debug: Resolve file:///F:/CocosProject/PLY_Dreamyroom_Cocos/assets/7.Scripts/Pool/PoolControl.ts from cce:/internal/x/prerequisite-imports as file:///F:/CocosProject/PLY_Dreamyroom_Cocos/assets/7.Scripts/Pool/PoolControl.ts.
debug: Resolve file:///F:/CocosProject/PLY_Dreamyroom_Cocos/assets/7.Scripts/Pool/PoolManager.ts from cce:/internal/x/prerequisite-imports as file:///F:/CocosProject/PLY_Dreamyroom_Cocos/assets/7.Scripts/Pool/PoolManager.ts.
debug: Resolve file:///F:/CocosProject/PLY_Dreamyroom_Cocos/assets/7.Scripts/Pool/PoolMember.ts from cce:/internal/x/prerequisite-imports as file:///F:/CocosProject/PLY_Dreamyroom_Cocos/assets/7.Scripts/Pool/PoolMember.ts.
debug: Resolve file:///F:/CocosProject/PLY_Dreamyroom_Cocos/assets/7.Scripts/Tool/AppLovinAnalytics.ts from cce:/internal/x/prerequisite-imports as file:///F:/CocosProject/PLY_Dreamyroom_Cocos/assets/7.Scripts/Tool/AppLovinAnalytics.ts.
debug: Resolve file:///F:/CocosProject/PLY_Dreamyroom_Cocos/assets/7.Scripts/Tool/GameController.ts from cce:/internal/x/prerequisite-imports as file:///F:/CocosProject/PLY_Dreamyroom_Cocos/assets/7.Scripts/Tool/GameController.ts.
debug: Resolve file:///F:/CocosProject/PLY_Dreamyroom_Cocos/assets/7.Scripts/Tool/h5-helper.ts from cce:/internal/x/prerequisite-imports as file:///F:/CocosProject/PLY_Dreamyroom_Cocos/assets/7.Scripts/Tool/h5-helper.ts.
debug: Target(editor) ends with cost 135.38710004091263ms.
debug: Target(preview) build started.
debug: Detected change: cce:/internal/x/prerequisite-imports. Last mtime: Thu Jan 01 1970 08:04:03 GMT+0700 (Indochina Time), Current mtime: Thu Jan 01 1970 08:05:00 GMT+0700 (Indochina Time)
debug: Inspect cce:/internal/x/prerequisite-imports
debug: Resolve file:///C:/ProgramData/cocos/editors/Creator/3.7.4/resources/resources/3d/engine/editor/assets/tools/debug-view-runtime-control.ts from cce:/internal/x/prerequisite-imports as file:///C:/ProgramData/cocos/editors/Creator/3.7.4/resources/resources/3d/engine/editor/assets/tools/debug-view-runtime-control.ts.
debug: Resolve file:///F:/CocosProject/PLY_Dreamyroom_Cocos/assets/7.Scripts/Manager/AssetsManagerCustom.ts from cce:/internal/x/prerequisite-imports as file:///F:/CocosProject/PLY_Dreamyroom_Cocos/assets/7.Scripts/Manager/AssetsManagerCustom.ts.
debug: Resolve file:///F:/CocosProject/PLY_Dreamyroom_Cocos/assets/7.Scripts/Manager/Clock.ts from cce:/internal/x/prerequisite-imports as file:///F:/CocosProject/PLY_Dreamyroom_Cocos/assets/7.Scripts/Manager/Clock.ts.
debug: Resolve file:///F:/CocosProject/PLY_Dreamyroom_Cocos/assets/7.Scripts/Manager/InputManager.ts from cce:/internal/x/prerequisite-imports as file:///F:/CocosProject/PLY_Dreamyroom_Cocos/assets/7.Scripts/Manager/InputManager.ts.
debug: Detected change: file:///F:/CocosProject/PLY_Dreamyroom_Cocos/assets/7.Scripts/Manager/InputManager.ts. Last mtime: Tue May 19 2026 10:21:21 GMT+0700 (Indochina Time)@9af7cb90-e1fb-4efd-835f-cf82497f2625, Current mtime: Wed Aug 19 2026 14:40:27 GMT+0700 (Indochina Time)@9af7cb90-e1fb-4efd-835f-cf82497f2625
debug: Inspect file:///F:/CocosProject/PLY_Dreamyroom_Cocos/assets/7.Scripts/Manager/InputManager.ts
debug: Resolve cce:/internal/code-quality/cr.mjs from file:///F:/CocosProject/PLY_Dreamyroom_Cocos/assets/7.Scripts/Manager/InputManager.ts as cce:/internal/code-quality/cr.mjs.
debug: Resolve cc from file:///F:/CocosProject/PLY_Dreamyroom_Cocos/assets/7.Scripts/Manager/InputManager.ts as cce:/internal/x/cc.
debug: Resolve cc from file:///F:/CocosProject/PLY_Dreamyroom_Cocos/assets/7.Scripts/Manager/InputManager.ts as cce:/internal/x/cc.
debug: Resolve cc from file:///F:/CocosProject/PLY_Dreamyroom_Cocos/assets/7.Scripts/Manager/InputManager.ts as cce:/internal/x/cc.
debug: Resolve ./UI from file:///F:/CocosProject/PLY_Dreamyroom_Cocos/assets/7.Scripts/Manager/InputManager.ts as file:///F:/CocosProject/PLY_Dreamyroom_Cocos/assets/7.Scripts/Manager/UI.ts.
debug: Resolve ./SoundManager from file:///F:/CocosProject/PLY_Dreamyroom_Cocos/assets/7.Scripts/Manager/InputManager.ts as file:///F:/CocosProject/PLY_Dreamyroom_Cocos/assets/7.Scripts/Manager/SoundManager.ts.
debug: Resolve ../MyScript/item/ItemGraphic from file:///F:/CocosProject/PLY_Dreamyroom_Cocos/assets/7.Scripts/Manager/InputManager.ts as file:///F:/CocosProject/PLY_Dreamyroom_Cocos/assets/7.Scripts/MyScript/item/ItemGraphic.ts.
debug: Resolve ../MyScript/managers/ItemManager from file:///F:/CocosProject/PLY_Dreamyroom_Cocos/assets/7.Scripts/Manager/InputManager.ts as file:///F:/CocosProject/PLY_Dreamyroom_Cocos/assets/7.Scripts/MyScript/managers/ItemManager.ts.
debug: Detected change: file:///F:/CocosProject/PLY_Dreamyroom_Cocos/assets/7.Scripts/MyScript/core/InputManager.ts. Last mtime: Wed Aug 19 2026 14:37:24 GMT+0700 (Indochina Time)@f7ad4090-a9de-40ad-8c8b-9613ca9f1546, Current mtime: Wed Aug 19 2026 14:40:32 GMT+0700 (Indochina Time)@f7ad4090-a9de-40ad-8c8b-9613ca9f1546
debug: Inspect file:///F:/CocosProject/PLY_Dreamyroom_Cocos/assets/7.Scripts/MyScript/core/InputManager.ts
debug: Resolve cc from file:///F:/CocosProject/PLY_Dreamyroom_Cocos/assets/7.Scripts/MyScript/core/InputManager.ts as cce:/internal/x/cc.
debug: Resolve ../../Manager/InputManager from file:///F:/CocosProject/PLY_Dreamyroom_Cocos/assets/7.Scripts/MyScript/core/InputManager.ts as file:///F:/CocosProject/PLY_Dreamyroom_Cocos/assets/7.Scripts/Manager/InputManager.ts.
debug: Resolve file:///F:/CocosProject/PLY_Dreamyroom_Cocos/assets/7.Scripts/Manager/Joystick.ts from cce:/internal/x/prerequisite-imports as file:///F:/CocosProject/PLY_Dreamyroom_Cocos/assets/7.Scripts/Manager/Joystick.ts.
debug: Resolve file:///F:/CocosProject/PLY_Dreamyroom_Cocos/assets/7.Scripts/Manager/MainCamera.ts from cce:/internal/x/prerequisite-imports as file:///F:/CocosProject/PLY_Dreamyroom_Cocos/assets/7.Scripts/Manager/MainCamera.ts.
debug: Resolve file:///F:/CocosProject/PLY_Dreamyroom_Cocos/assets/7.Scripts/Manager/PointerController.ts from cce:/internal/x/prerequisite-imports as file:///F:/CocosProject/PLY_Dreamyroom_Cocos/assets/7.Scripts/Manager/PointerController.ts.
debug: Resolve file:///F:/CocosProject/PLY_Dreamyroom_Cocos/assets/7.Scripts/Manager/SoundManager.ts from cce:/internal/x/prerequisite-imports as file:///F:/CocosProject/PLY_Dreamyroom_Cocos/assets/7.Scripts/Manager/SoundManager.ts.
debug: Resolve file:///F:/CocosProject/PLY_Dreamyroom_Cocos/assets/7.Scripts/Manager/UI.ts from cce:/internal/x/prerequisite-imports as file:///F:/CocosProject/PLY_Dreamyroom_Cocos/assets/7.Scripts/Manager/UI.ts.
debug: Resolve file:///F:/CocosProject/PLY_Dreamyroom_Cocos/assets/7.Scripts/Manager/VFX.ts from cce:/internal/x/prerequisite-imports as file:///F:/CocosProject/PLY_Dreamyroom_Cocos/assets/7.Scripts/Manager/VFX.ts.
debug: Resolve file:///F:/CocosProject/PLY_Dreamyroom_Cocos/assets/7.Scripts/Manager/World.ts from cce:/internal/x/prerequisite-imports as file:///F:/CocosProject/PLY_Dreamyroom_Cocos/assets/7.Scripts/Manager/World.ts.
debug: Resolve file:///F:/CocosProject/PLY_Dreamyroom_Cocos/assets/7.Scripts/MatchAsset/MatchSprite.ts from cce:/internal/x/prerequisite-imports as file:///F:/CocosProject/PLY_Dreamyroom_Cocos/assets/7.Scripts/MatchAsset/MatchSprite.ts.
debug: Resolve file:///F:/CocosProject/PLY_Dreamyroom_Cocos/assets/7.Scripts/MatchAsset/NodeOrder.ts from cce:/internal/x/prerequisite-imports as file:///F:/CocosProject/PLY_Dreamyroom_Cocos/assets/7.Scripts/MatchAsset/NodeOrder.ts.
debug: Resolve file:///F:/CocosProject/PLY_Dreamyroom_Cocos/assets/7.Scripts/MatchAsset/ReadImagePixel.ts from cce:/internal/x/prerequisite-imports as file:///F:/CocosProject/PLY_Dreamyroom_Cocos/assets/7.Scripts/MatchAsset/ReadImagePixel.ts.
debug: Resolve file:///F:/CocosProject/PLY_Dreamyroom_Cocos/assets/7.Scripts/MatchAsset/SpriteSizeSetter.ts from cce:/internal/x/prerequisite-imports as file:///F:/CocosProject/PLY_Dreamyroom_Cocos/assets/7.Scripts/MatchAsset/SpriteSizeSetter.ts.
debug: Resolve file:///F:/CocosProject/PLY_Dreamyroom_Cocos/assets/7.Scripts/MatchAsset/Ulis.ts from cce:/internal/x/prerequisite-imports as file:///F:/CocosProject/PLY_Dreamyroom_Cocos/assets/7.Scripts/MatchAsset/Ulis.ts.
debug: Resolve file:///F:/CocosProject/PLY_Dreamyroom_Cocos/assets/7.Scripts/Misc/AStar.ts from cce:/internal/x/prerequisite-imports as file:///F:/CocosProject/PLY_Dreamyroom_Cocos/assets/7.Scripts/Misc/AStar.ts.
debug: Resolve file:///F:/CocosProject/PLY_Dreamyroom_Cocos/assets/7.Scripts/Misc/Black.ts from cce:/internal/x/prerequisite-imports as file:///F:/CocosProject/PLY_Dreamyroom_Cocos/assets/7.Scripts/Misc/Black.ts.
debug: Resolve file:///F:/CocosProject/PLY_Dreamyroom_Cocos/assets/7.Scripts/Misc/Cloud.ts from cce:/internal/x/prerequisite-imports as file:///F:/CocosProject/PLY_Dreamyroom_Cocos/assets/7.Scripts/Misc/Cloud.ts.
debug: Resolve file:///F:/CocosProject/PLY_Dreamyroom_Cocos/assets/7.Scripts/Misc/IQ.ts from cce:/internal/x/prerequisite-imports as file:///F:/CocosProject/PLY_Dreamyroom_Cocos/assets/7.Scripts/Misc/IQ.ts.
debug: Resolve file:///F:/CocosProject/PLY_Dreamyroom_Cocos/assets/7.Scripts/Misc/MeshLoader.ts from cce:/internal/x/prerequisite-imports as file:///F:/CocosProject/PLY_Dreamyroom_Cocos/assets/7.Scripts/Misc/MeshLoader.ts.
debug: Resolve file:///F:/CocosProject/PLY_Dreamyroom_Cocos/assets/7.Scripts/Misc/SkinManager.ts from cce:/internal/x/prerequisite-imports as file:///F:/CocosProject/PLY_Dreamyroom_Cocos/assets/7.Scripts/Misc/SkinManager.ts.
debug: Resolve file:///F:/CocosProject/PLY_Dreamyroom_Cocos/assets/7.Scripts/Misc/SplineLineRenderer.ts from cce:/internal/x/prerequisite-imports as file:///F:/CocosProject/PLY_Dreamyroom_Cocos/assets/7.Scripts/Misc/SplineLineRenderer.ts.
debug: Resolve file:///F:/CocosProject/PLY_Dreamyroom_Cocos/assets/7.Scripts/Misc/Tooth.ts from cce:/internal/x/prerequisite-imports as file:///F:/CocosProject/PLY_Dreamyroom_Cocos/assets/7.Scripts/Misc/Tooth.ts.
debug: Resolve file:///F:/CocosProject/PLY_Dreamyroom_Cocos/assets/7.Scripts/Misc/Ulis.ts from cce:/internal/x/prerequisite-imports as file:///F:/CocosProject/PLY_Dreamyroom_Cocos/assets/7.Scripts/Misc/Ulis.ts.
debug: Resolve file:///F:/CocosProject/PLY_Dreamyroom_Cocos/assets/7.Scripts/MyScript/ScriptTemplate/ComponentCache.ts from cce:/internal/x/prerequisite-imports as file:///F:/CocosProject/PLY_Dreamyroom_Cocos/assets/7.Scripts/MyScript/ScriptTemplate/ComponentCache.ts.
debug: Resolve file:///F:/CocosProject/PLY_Dreamyroom_Cocos/assets/7.Scripts/MyScript/ScriptTemplate/Ply_GameUnit.ts from cce:/internal/x/prerequisite-imports as file:///F:/CocosProject/PLY_Dreamyroom_Cocos/assets/7.Scripts/MyScript/ScriptTemplate/Ply_GameUnit.ts.
debug: Resolve file:///F:/CocosProject/PLY_Dreamyroom_Cocos/assets/7.Scripts/MyScript/ScriptTemplate/Ply_Pool.ts from cce:/internal/x/prerequisite-imports as file:///F:/CocosProject/PLY_Dreamyroom_Cocos/assets/7.Scripts/MyScript/ScriptTemplate/Ply_Pool.ts.
debug: Resolve file:///F:/CocosProject/PLY_Dreamyroom_Cocos/assets/7.Scripts/MyScript/ScriptTemplate/Ply_Singleton.ts from cce:/internal/x/prerequisite-imports as file:///F:/CocosProject/PLY_Dreamyroom_Cocos/assets/7.Scripts/MyScript/ScriptTemplate/Ply_Singleton.ts.
debug: Resolve file:///F:/CocosProject/PLY_Dreamyroom_Cocos/assets/7.Scripts/MyScript/ScriptTemplate/Ply_SoundManager.ts from cce:/internal/x/prerequisite-imports as file:///F:/CocosProject/PLY_Dreamyroom_Cocos/assets/7.Scripts/MyScript/ScriptTemplate/Ply_SoundManager.ts.
debug: Resolve file:///F:/CocosProject/PLY_Dreamyroom_Cocos/assets/7.Scripts/MyScript/ScriptTemplate/Yielders.ts from cce:/internal/x/prerequisite-imports as file:///F:/CocosProject/PLY_Dreamyroom_Cocos/assets/7.Scripts/MyScript/ScriptTemplate/Yielders.ts.
debug: Resolve file:///F:/CocosProject/PLY_Dreamyroom_Cocos/assets/7.Scripts/MyScript/box/BoxController.ts from cce:/internal/x/prerequisite-imports as file:///F:/CocosProject/PLY_Dreamyroom_Cocos/assets/7.Scripts/MyScript/box/BoxController.ts.
debug: Resolve file:///F:/CocosProject/PLY_Dreamyroom_Cocos/assets/7.Scripts/MyScript/box/BoxGraphic.ts from cce:/internal/x/prerequisite-imports as file:///F:/CocosProject/PLY_Dreamyroom_Cocos/assets/7.Scripts/MyScript/box/BoxGraphic.ts.
debug: Resolve file:///F:/CocosProject/PLY_Dreamyroom_Cocos/assets/7.Scripts/MyScript/core/InputManager.ts from cce:/internal/x/prerequisite-imports as file:///F:/CocosProject/PLY_Dreamyroom_Cocos/assets/7.Scripts/MyScript/core/InputManager.ts.
debug: Resolve file:///F:/CocosProject/PLY_Dreamyroom_Cocos/assets/7.Scripts/MyScript/core/ObjectPool.ts from cce:/internal/x/prerequisite-imports as file:///F:/CocosProject/PLY_Dreamyroom_Cocos/assets/7.Scripts/MyScript/core/ObjectPool.ts.
debug: Resolve file:///F:/CocosProject/PLY_Dreamyroom_Cocos/assets/7.Scripts/MyScript/core/SoundManager.ts from cce:/internal/x/prerequisite-imports as file:///F:/CocosProject/PLY_Dreamyroom_Cocos/assets/7.Scripts/MyScript/core/SoundManager.ts.
debug: Resolve file:///F:/CocosProject/PLY_Dreamyroom_Cocos/assets/7.Scripts/MyScript/core/TweenUtil.ts from cce:/internal/x/prerequisite-imports as file:///F:/CocosProject/PLY_Dreamyroom_Cocos/assets/7.Scripts/MyScript/core/TweenUtil.ts.
debug: Resolve file:///F:/CocosProject/PLY_Dreamyroom_Cocos/assets/7.Scripts/MyScript/effects/BlinkEffect.ts from cce:/internal/x/prerequisite-imports as file:///F:/CocosProject/PLY_Dreamyroom_Cocos/assets/7.Scripts/MyScript/effects/BlinkEffect.ts.
debug: Resolve file:///F:/CocosProject/PLY_Dreamyroom_Cocos/assets/7.Scripts/MyScript/item/ItemController.ts from cce:/internal/x/prerequisite-imports as file:///F:/CocosProject/PLY_Dreamyroom_Cocos/assets/7.Scripts/MyScript/item/ItemController.ts.
debug: Resolve file:///F:/CocosProject/PLY_Dreamyroom_Cocos/assets/7.Scripts/MyScript/item/ItemGraphic.ts from cce:/internal/x/prerequisite-imports as file:///F:/CocosProject/PLY_Dreamyroom_Cocos/assets/7.Scripts/MyScript/item/ItemGraphic.ts.
debug: Resolve file:///F:/CocosProject/PLY_Dreamyroom_Cocos/assets/7.Scripts/MyScript/item/ItemMovement.ts from cce:/internal/x/prerequisite-imports as file:///F:/CocosProject/PLY_Dreamyroom_Cocos/assets/7.Scripts/MyScript/item/ItemMovement.ts.
debug: Resolve file:///F:/CocosProject/PLY_Dreamyroom_Cocos/assets/7.Scripts/MyScript/item/OpenItem.ts from cce:/internal/x/prerequisite-imports as file:///F:/CocosProject/PLY_Dreamyroom_Cocos/assets/7.Scripts/MyScript/item/OpenItem.ts.
debug: Resolve file:///F:/CocosProject/PLY_Dreamyroom_Cocos/assets/7.Scripts/MyScript/managers/BaseRoomManager.ts from cce:/internal/x/prerequisite-imports as file:///F:/CocosProject/PLY_Dreamyroom_Cocos/assets/7.Scripts/MyScript/managers/BaseRoomManager.ts.
debug: Resolve file:///F:/CocosProject/PLY_Dreamyroom_Cocos/assets/7.Scripts/MyScript/managers/BoxManager.ts from cce:/internal/x/prerequisite-imports as file:///F:/CocosProject/PLY_Dreamyroom_Cocos/assets/7.Scripts/MyScript/managers/BoxManager.ts.
debug: Resolve file:///F:/CocosProject/PLY_Dreamyroom_Cocos/assets/7.Scripts/MyScript/managers/ItemManager.ts from cce:/internal/x/prerequisite-imports as file:///F:/CocosProject/PLY_Dreamyroom_Cocos/assets/7.Scripts/MyScript/managers/ItemManager.ts.
debug: Resolve file:///F:/CocosProject/PLY_Dreamyroom_Cocos/assets/7.Scripts/MyScript/managers/ProgressTrackingManager.ts from cce:/internal/x/prerequisite-imports as file:///F:/CocosProject/PLY_Dreamyroom_Cocos/assets/7.Scripts/MyScript/managers/ProgressTrackingManager.ts.
debug: Resolve file:///F:/CocosProject/PLY_Dreamyroom_Cocos/assets/7.Scripts/MyScript/managers/UIManager.ts from cce:/internal/x/prerequisite-imports as file:///F:/CocosProject/PLY_Dreamyroom_Cocos/assets/7.Scripts/MyScript/managers/UIManager.ts.
debug: Resolve file:///F:/CocosProject/PLY_Dreamyroom_Cocos/assets/7.Scripts/MyScript/managers/WorldScrollManager.ts from cce:/internal/x/prerequisite-imports as file:///F:/CocosProject/PLY_Dreamyroom_Cocos/assets/7.Scripts/MyScript/managers/WorldScrollManager.ts.
debug: Resolve file:///F:/CocosProject/PLY_Dreamyroom_Cocos/assets/7.Scripts/MyScript/pipeline/AutoAssignByNameTool.ts from cce:/internal/x/prerequisite-imports as file:///F:/CocosProject/PLY_Dreamyroom_Cocos/assets/7.Scripts/MyScript/pipeline/AutoAssignByNameTool.ts.
debug: Resolve file:///F:/CocosProject/PLY_Dreamyroom_Cocos/assets/7.Scripts/MyScript/pipeline/SceneBuilder.ts from cce:/internal/x/prerequisite-imports as file:///F:/CocosProject/PLY_Dreamyroom_Cocos/assets/7.Scripts/MyScript/pipeline/SceneBuilder.ts.
debug: Resolve file:///F:/CocosProject/PLY_Dreamyroom_Cocos/assets/7.Scripts/MyScript/utils/BallFollowFill.ts from cce:/internal/x/prerequisite-imports as file:///F:/CocosProject/PLY_Dreamyroom_Cocos/assets/7.Scripts/MyScript/utils/BallFollowFill.ts.
debug: Resolve file:///F:/CocosProject/PLY_Dreamyroom_Cocos/assets/7.Scripts/MyScript/utils/BaseRoom.ts from cce:/internal/x/prerequisite-imports as file:///F:/CocosProject/PLY_Dreamyroom_Cocos/assets/7.Scripts/MyScript/utils/BaseRoom.ts.
debug: Resolve file:///F:/CocosProject/PLY_Dreamyroom_Cocos/assets/7.Scripts/MyScript/utils/ChangeLight.ts from cce:/internal/x/prerequisite-imports as file:///F:/CocosProject/PLY_Dreamyroom_Cocos/assets/7.Scripts/MyScript/utils/ChangeLight.ts.
debug: Resolve file:///F:/CocosProject/PLY_Dreamyroom_Cocos/assets/7.Scripts/MyScript/utils/HandOfBox.ts from cce:/internal/x/prerequisite-imports as file:///F:/CocosProject/PLY_Dreamyroom_Cocos/assets/7.Scripts/MyScript/utils/HandOfBox.ts.
debug: Resolve file:///F:/CocosProject/PLY_Dreamyroom_Cocos/assets/7.Scripts/MyScript/utils/HolderSlot.ts from cce:/internal/x/prerequisite-imports as file:///F:/CocosProject/PLY_Dreamyroom_Cocos/assets/7.Scripts/MyScript/utils/HolderSlot.ts.
debug: Resolve file:///F:/CocosProject/PLY_Dreamyroom_Cocos/assets/7.Scripts/MyScript/utils/SeatHandler.ts from cce:/internal/x/prerequisite-imports as file:///F:/CocosProject/PLY_Dreamyroom_Cocos/assets/7.Scripts/MyScript/utils/SeatHandler.ts.
debug: Resolve file:///F:/CocosProject/PLY_Dreamyroom_Cocos/assets/7.Scripts/MyScript/utils/TurnOnSpine.ts from cce:/internal/x/prerequisite-imports as file:///F:/CocosProject/PLY_Dreamyroom_Cocos/assets/7.Scripts/MyScript/utils/TurnOnSpine.ts.
debug: Resolve file:///F:/CocosProject/PLY_Dreamyroom_Cocos/assets/7.Scripts/Pool/PoolControl.ts from cce:/internal/x/prerequisite-imports as file:///F:/CocosProject/PLY_Dreamyroom_Cocos/assets/7.Scripts/Pool/PoolControl.ts.
debug: Resolve file:///F:/CocosProject/PLY_Dreamyroom_Cocos/assets/7.Scripts/Pool/PoolManager.ts from cce:/internal/x/prerequisite-imports as file:///F:/CocosProject/PLY_Dreamyroom_Cocos/assets/7.Scripts/Pool/PoolManager.ts.
debug: Resolve file:///F:/CocosProject/PLY_Dreamyroom_Cocos/assets/7.Scripts/Pool/PoolMember.ts from cce:/internal/x/prerequisite-imports as file:///F:/CocosProject/PLY_Dreamyroom_Cocos/assets/7.Scripts/Pool/PoolMember.ts.
debug: Resolve file:///F:/CocosProject/PLY_Dreamyroom_Cocos/assets/7.Scripts/Tool/AppLovinAnalytics.ts from cce:/internal/x/prerequisite-imports as file:///F:/CocosProject/PLY_Dreamyroom_Cocos/assets/7.Scripts/Tool/AppLovinAnalytics.ts.
debug: Resolve file:///F:/CocosProject/PLY_Dreamyroom_Cocos/assets/7.Scripts/Tool/GameController.ts from cce:/internal/x/prerequisite-imports as file:///F:/CocosProject/PLY_Dreamyroom_Cocos/assets/7.Scripts/Tool/GameController.ts.
debug: Resolve file:///F:/CocosProject/PLY_Dreamyroom_Cocos/assets/7.Scripts/Tool/h5-helper.ts from cce:/internal/x/prerequisite-imports as file:///F:/CocosProject/PLY_Dreamyroom_Cocos/assets/7.Scripts/Tool/h5-helper.ts.
debug: Target(preview) ends with cost 222.3027999997139ms.
debug: Dispatch build request for time accumulated 2 asset changes.
debug: Build iteration starts.
Number of accumulated asset changes: 2
Feature changed: false
debug: Target(editor) build started.
debug: Detected change: cce:/internal/x/prerequisite-imports. Last mtime: Thu Jan 01 1970 08:05:00 GMT+0700 (Indochina Time), Current mtime: Thu Jan 01 1970 08:05:37 GMT+0700 (Indochina Time)
debug: Inspect cce:/internal/x/prerequisite-imports
debug: Resolve file:///C:/ProgramData/cocos/editors/Creator/3.7.4/resources/resources/3d/engine/editor/assets/tools/debug-view-runtime-control.ts from cce:/internal/x/prerequisite-imports as file:///C:/ProgramData/cocos/editors/Creator/3.7.4/resources/resources/3d/engine/editor/assets/tools/debug-view-runtime-control.ts.
debug: Resolve file:///F:/CocosProject/PLY_Dreamyroom_Cocos/assets/7.Scripts/Manager/AssetsManagerCustom.ts from cce:/internal/x/prerequisite-imports as file:///F:/CocosProject/PLY_Dreamyroom_Cocos/assets/7.Scripts/Manager/AssetsManagerCustom.ts.
debug: Resolve file:///F:/CocosProject/PLY_Dreamyroom_Cocos/assets/7.Scripts/Manager/Clock.ts from cce:/internal/x/prerequisite-imports as file:///F:/CocosProject/PLY_Dreamyroom_Cocos/assets/7.Scripts/Manager/Clock.ts.
debug: Resolve file:///F:/CocosProject/PLY_Dreamyroom_Cocos/assets/7.Scripts/Manager/InputManager.ts from cce:/internal/x/prerequisite-imports as file:///F:/CocosProject/PLY_Dreamyroom_Cocos/assets/7.Scripts/Manager/InputManager.ts.
debug: Detected change: file:///F:/CocosProject/PLY_Dreamyroom_Cocos/assets/7.Scripts/Manager/InputManager.ts. Last mtime: Wed Aug 19 2026 14:40:27 GMT+0700 (Indochina Time)@9af7cb90-e1fb-4efd-835f-cf82497f2625, Current mtime: Wed Aug 19 2026 14:41:42 GMT+0700 (Indochina Time)@9af7cb90-e1fb-4efd-835f-cf82497f2625
debug: Inspect file:///F:/CocosProject/PLY_Dreamyroom_Cocos/assets/7.Scripts/Manager/InputManager.ts
debug: Resolve cce:/internal/code-quality/cr.mjs from file:///F:/CocosProject/PLY_Dreamyroom_Cocos/assets/7.Scripts/Manager/InputManager.ts as cce:/internal/code-quality/cr.mjs.
debug: Resolve cc from file:///F:/CocosProject/PLY_Dreamyroom_Cocos/assets/7.Scripts/Manager/InputManager.ts as cce:/internal/x/cc.
debug: Resolve cc from file:///F:/CocosProject/PLY_Dreamyroom_Cocos/assets/7.Scripts/Manager/InputManager.ts as cce:/internal/x/cc.
debug: Resolve cc from file:///F:/CocosProject/PLY_Dreamyroom_Cocos/assets/7.Scripts/Manager/InputManager.ts as cce:/internal/x/cc.
debug: Resolve ./UI from file:///F:/CocosProject/PLY_Dreamyroom_Cocos/assets/7.Scripts/Manager/InputManager.ts as file:///F:/CocosProject/PLY_Dreamyroom_Cocos/assets/7.Scripts/Manager/UI.ts.
debug: Resolve ./SoundManager from file:///F:/CocosProject/PLY_Dreamyroom_Cocos/assets/7.Scripts/Manager/InputManager.ts as file:///F:/CocosProject/PLY_Dreamyroom_Cocos/assets/7.Scripts/Manager/SoundManager.ts.
debug: Resolve file:///F:/CocosProject/PLY_Dreamyroom_Cocos/assets/7.Scripts/Manager/Joystick.ts from cce:/internal/x/prerequisite-imports as file:///F:/CocosProject/PLY_Dreamyroom_Cocos/assets/7.Scripts/Manager/Joystick.ts.
debug: Resolve file:///F:/CocosProject/PLY_Dreamyroom_Cocos/assets/7.Scripts/Manager/MainCamera.ts from cce:/internal/x/prerequisite-imports as file:///F:/CocosProject/PLY_Dreamyroom_Cocos/assets/7.Scripts/Manager/MainCamera.ts.
debug: Resolve file:///F:/CocosProject/PLY_Dreamyroom_Cocos/assets/7.Scripts/Manager/PointerController.ts from cce:/internal/x/prerequisite-imports as file:///F:/CocosProject/PLY_Dreamyroom_Cocos/assets/7.Scripts/Manager/PointerController.ts.
debug: Resolve file:///F:/CocosProject/PLY_Dreamyroom_Cocos/assets/7.Scripts/Manager/SoundManager.ts from cce:/internal/x/prerequisite-imports as file:///F:/CocosProject/PLY_Dreamyroom_Cocos/assets/7.Scripts/Manager/SoundManager.ts.
debug: Resolve file:///F:/CocosProject/PLY_Dreamyroom_Cocos/assets/7.Scripts/Manager/UI.ts from cce:/internal/x/prerequisite-imports as file:///F:/CocosProject/PLY_Dreamyroom_Cocos/assets/7.Scripts/Manager/UI.ts.
debug: Resolve file:///F:/CocosProject/PLY_Dreamyroom_Cocos/assets/7.Scripts/Manager/VFX.ts from cce:/internal/x/prerequisite-imports as file:///F:/CocosProject/PLY_Dreamyroom_Cocos/assets/7.Scripts/Manager/VFX.ts.
debug: Resolve file:///F:/CocosProject/PLY_Dreamyroom_Cocos/assets/7.Scripts/Manager/World.ts from cce:/internal/x/prerequisite-imports as file:///F:/CocosProject/PLY_Dreamyroom_Cocos/assets/7.Scripts/Manager/World.ts.
debug: Resolve file:///F:/CocosProject/PLY_Dreamyroom_Cocos/assets/7.Scripts/MatchAsset/MatchSprite.ts from cce:/internal/x/prerequisite-imports as file:///F:/CocosProject/PLY_Dreamyroom_Cocos/assets/7.Scripts/MatchAsset/MatchSprite.ts.
debug: Resolve file:///F:/CocosProject/PLY_Dreamyroom_Cocos/assets/7.Scripts/MatchAsset/NodeOrder.ts from cce:/internal/x/prerequisite-imports as file:///F:/CocosProject/PLY_Dreamyroom_Cocos/assets/7.Scripts/MatchAsset/NodeOrder.ts.
debug: Resolve file:///F:/CocosProject/PLY_Dreamyroom_Cocos/assets/7.Scripts/MatchAsset/ReadImagePixel.ts from cce:/internal/x/prerequisite-imports as file:///F:/CocosProject/PLY_Dreamyroom_Cocos/assets/7.Scripts/MatchAsset/ReadImagePixel.ts.
debug: Resolve file:///F:/CocosProject/PLY_Dreamyroom_Cocos/assets/7.Scripts/MatchAsset/SpriteSizeSetter.ts from cce:/internal/x/prerequisite-imports as file:///F:/CocosProject/PLY_Dreamyroom_Cocos/assets/7.Scripts/MatchAsset/SpriteSizeSetter.ts.
debug: Resolve file:///F:/CocosProject/PLY_Dreamyroom_Cocos/assets/7.Scripts/MatchAsset/Ulis.ts from cce:/internal/x/prerequisite-imports as file:///F:/CocosProject/PLY_Dreamyroom_Cocos/assets/7.Scripts/MatchAsset/Ulis.ts.
debug: Resolve file:///F:/CocosProject/PLY_Dreamyroom_Cocos/assets/7.Scripts/Misc/AStar.ts from cce:/internal/x/prerequisite-imports as file:///F:/CocosProject/PLY_Dreamyroom_Cocos/assets/7.Scripts/Misc/AStar.ts.
debug: Resolve file:///F:/CocosProject/PLY_Dreamyroom_Cocos/assets/7.Scripts/Misc/Black.ts from cce:/internal/x/prerequisite-imports as file:///F:/CocosProject/PLY_Dreamyroom_Cocos/assets/7.Scripts/Misc/Black.ts.
debug: Resolve file:///F:/CocosProject/PLY_Dreamyroom_Cocos/assets/7.Scripts/Misc/Cloud.ts from cce:/internal/x/prerequisite-imports as file:///F:/CocosProject/PLY_Dreamyroom_Cocos/assets/7.Scripts/Misc/Cloud.ts.
debug: Resolve file:///F:/CocosProject/PLY_Dreamyroom_Cocos/assets/7.Scripts/Misc/IQ.ts from cce:/internal/x/prerequisite-imports as file:///F:/CocosProject/PLY_Dreamyroom_Cocos/assets/7.Scripts/Misc/IQ.ts.
debug: Resolve file:///F:/CocosProject/PLY_Dreamyroom_Cocos/assets/7.Scripts/Misc/MeshLoader.ts from cce:/internal/x/prerequisite-imports as file:///F:/CocosProject/PLY_Dreamyroom_Cocos/assets/7.Scripts/Misc/MeshLoader.ts.
debug: Resolve file:///F:/CocosProject/PLY_Dreamyroom_Cocos/assets/7.Scripts/Misc/SkinManager.ts from cce:/internal/x/prerequisite-imports as file:///F:/CocosProject/PLY_Dreamyroom_Cocos/assets/7.Scripts/Misc/SkinManager.ts.
debug: Resolve file:///F:/CocosProject/PLY_Dreamyroom_Cocos/assets/7.Scripts/Misc/SplineLineRenderer.ts from cce:/internal/x/prerequisite-imports as file:///F:/CocosProject/PLY_Dreamyroom_Cocos/assets/7.Scripts/Misc/SplineLineRenderer.ts.
debug: Resolve file:///F:/CocosProject/PLY_Dreamyroom_Cocos/assets/7.Scripts/Misc/Tooth.ts from cce:/internal/x/prerequisite-imports as file:///F:/CocosProject/PLY_Dreamyroom_Cocos/assets/7.Scripts/Misc/Tooth.ts.
debug: Resolve file:///F:/CocosProject/PLY_Dreamyroom_Cocos/assets/7.Scripts/Misc/Ulis.ts from cce:/internal/x/prerequisite-imports as file:///F:/CocosProject/PLY_Dreamyroom_Cocos/assets/7.Scripts/Misc/Ulis.ts.
debug: Resolve file:///F:/CocosProject/PLY_Dreamyroom_Cocos/assets/7.Scripts/MyScript/ScriptTemplate/ComponentCache.ts from cce:/internal/x/prerequisite-imports as file:///F:/CocosProject/PLY_Dreamyroom_Cocos/assets/7.Scripts/MyScript/ScriptTemplate/ComponentCache.ts.
debug: Resolve file:///F:/CocosProject/PLY_Dreamyroom_Cocos/assets/7.Scripts/MyScript/ScriptTemplate/Ply_GameUnit.ts from cce:/internal/x/prerequisite-imports as file:///F:/CocosProject/PLY_Dreamyroom_Cocos/assets/7.Scripts/MyScript/ScriptTemplate/Ply_GameUnit.ts.
debug: Resolve file:///F:/CocosProject/PLY_Dreamyroom_Cocos/assets/7.Scripts/MyScript/ScriptTemplate/Ply_Pool.ts from cce:/internal/x/prerequisite-imports as file:///F:/CocosProject/PLY_Dreamyroom_Cocos/assets/7.Scripts/MyScript/ScriptTemplate/Ply_Pool.ts.
debug: Resolve file:///F:/CocosProject/PLY_Dreamyroom_Cocos/assets/7.Scripts/MyScript/ScriptTemplate/Ply_Singleton.ts from cce:/internal/x/prerequisite-imports as file:///F:/CocosProject/PLY_Dreamyroom_Cocos/assets/7.Scripts/MyScript/ScriptTemplate/Ply_Singleton.ts.
debug: Resolve file:///F:/CocosProject/PLY_Dreamyroom_Cocos/assets/7.Scripts/MyScript/ScriptTemplate/Ply_SoundManager.ts from cce:/internal/x/prerequisite-imports as file:///F:/CocosProject/PLY_Dreamyroom_Cocos/assets/7.Scripts/MyScript/ScriptTemplate/Ply_SoundManager.ts.
debug: Resolve file:///F:/CocosProject/PLY_Dreamyroom_Cocos/assets/7.Scripts/MyScript/ScriptTemplate/Yielders.ts from cce:/internal/x/prerequisite-imports as file:///F:/CocosProject/PLY_Dreamyroom_Cocos/assets/7.Scripts/MyScript/ScriptTemplate/Yielders.ts.
debug: Resolve file:///F:/CocosProject/PLY_Dreamyroom_Cocos/assets/7.Scripts/MyScript/box/BoxController.ts from cce:/internal/x/prerequisite-imports as file:///F:/CocosProject/PLY_Dreamyroom_Cocos/assets/7.Scripts/MyScript/box/BoxController.ts.
debug: Detected change: file:///F:/CocosProject/PLY_Dreamyroom_Cocos/assets/7.Scripts/MyScript/core/InputManager.ts. Last mtime: Wed Aug 19 2026 14:40:32 GMT+0700 (Indochina Time)@f7ad4090-a9de-40ad-8c8b-9613ca9f1546, Current mtime: Wed Aug 19 2026 14:41:42 GMT+0700 (Indochina Time)@f7ad4090-a9de-40ad-8c8b-9613ca9f1546
debug: Inspect file:///F:/CocosProject/PLY_Dreamyroom_Cocos/assets/7.Scripts/MyScript/core/InputManager.ts
debug: Resolve cce:/internal/code-quality/cr.mjs from file:///F:/CocosProject/PLY_Dreamyroom_Cocos/assets/7.Scripts/MyScript/core/InputManager.ts as cce:/internal/code-quality/cr.mjs.
debug: Resolve cc from file:///F:/CocosProject/PLY_Dreamyroom_Cocos/assets/7.Scripts/MyScript/core/InputManager.ts as cce:/internal/x/cc.
debug: Resolve cc from file:///F:/CocosProject/PLY_Dreamyroom_Cocos/assets/7.Scripts/MyScript/core/InputManager.ts as cce:/internal/x/cc.
debug: Resolve cc from file:///F:/CocosProject/PLY_Dreamyroom_Cocos/assets/7.Scripts/MyScript/core/InputManager.ts as cce:/internal/x/cc.
debug: Resolve ../item/ItemGraphic from file:///F:/CocosProject/PLY_Dreamyroom_Cocos/assets/7.Scripts/MyScript/core/InputManager.ts as file:///F:/CocosProject/PLY_Dreamyroom_Cocos/assets/7.Scripts/MyScript/item/ItemGraphic.ts.
debug: Resolve ../managers/ItemManager from file:///F:/CocosProject/PLY_Dreamyroom_Cocos/assets/7.Scripts/MyScript/core/InputManager.ts as file:///F:/CocosProject/PLY_Dreamyroom_Cocos/assets/7.Scripts/MyScript/managers/ItemManager.ts.
debug: Resolve file:///F:/CocosProject/PLY_Dreamyroom_Cocos/assets/7.Scripts/MyScript/box/BoxGraphic.ts from cce:/internal/x/prerequisite-imports as file:///F:/CocosProject/PLY_Dreamyroom_Cocos/assets/7.Scripts/MyScript/box/BoxGraphic.ts.
debug: Resolve file:///F:/CocosProject/PLY_Dreamyroom_Cocos/assets/7.Scripts/MyScript/core/InputManager.ts from cce:/internal/x/prerequisite-imports as file:///F:/CocosProject/PLY_Dreamyroom_Cocos/assets/7.Scripts/MyScript/core/InputManager.ts.
debug: Resolve file:///F:/CocosProject/PLY_Dreamyroom_Cocos/assets/7.Scripts/MyScript/core/ObjectPool.ts from cce:/internal/x/prerequisite-imports as file:///F:/CocosProject/PLY_Dreamyroom_Cocos/assets/7.Scripts/MyScript/core/ObjectPool.ts.
debug: Resolve file:///F:/CocosProject/PLY_Dreamyroom_Cocos/assets/7.Scripts/MyScript/core/SoundManager.ts from cce:/internal/x/prerequisite-imports as file:///F:/CocosProject/PLY_Dreamyroom_Cocos/assets/7.Scripts/MyScript/core/SoundManager.ts.
debug: Resolve file:///F:/CocosProject/PLY_Dreamyroom_Cocos/assets/7.Scripts/MyScript/core/TweenUtil.ts from cce:/internal/x/prerequisite-imports as file:///F:/CocosProject/PLY_Dreamyroom_Cocos/assets/7.Scripts/MyScript/core/TweenUtil.ts.
debug: Resolve file:///F:/CocosProject/PLY_Dreamyroom_Cocos/assets/7.Scripts/MyScript/effects/BlinkEffect.ts from cce:/internal/x/prerequisite-imports as file:///F:/CocosProject/PLY_Dreamyroom_Cocos/assets/7.Scripts/MyScript/effects/BlinkEffect.ts.
debug: Resolve file:///F:/CocosProject/PLY_Dreamyroom_Cocos/assets/7.Scripts/MyScript/item/ItemController.ts from cce:/internal/x/prerequisite-imports as file:///F:/CocosProject/PLY_Dreamyroom_Cocos/assets/7.Scripts/MyScript/item/ItemController.ts.
debug: Resolve file:///F:/CocosProject/PLY_Dreamyroom_Cocos/assets/7.Scripts/MyScript/item/ItemGraphic.ts from cce:/internal/x/prerequisite-imports as file:///F:/CocosProject/PLY_Dreamyroom_Cocos/assets/7.Scripts/MyScript/item/ItemGraphic.ts.
debug: Resolve file:///F:/CocosProject/PLY_Dreamyroom_Cocos/assets/7.Scripts/MyScript/item/ItemMovement.ts from cce:/internal/x/prerequisite-imports as file:///F:/CocosProject/PLY_Dreamyroom_Cocos/assets/7.Scripts/MyScript/item/ItemMovement.ts.
debug: Resolve file:///F:/CocosProject/PLY_Dreamyroom_Cocos/assets/7.Scripts/MyScript/item/OpenItem.ts from cce:/internal/x/prerequisite-imports as file:///F:/CocosProject/PLY_Dreamyroom_Cocos/assets/7.Scripts/MyScript/item/OpenItem.ts.
debug: Resolve file:///F:/CocosProject/PLY_Dreamyroom_Cocos/assets/7.Scripts/MyScript/managers/BaseRoomManager.ts from cce:/internal/x/prerequisite-imports as file:///F:/CocosProject/PLY_Dreamyroom_Cocos/assets/7.Scripts/MyScript/managers/BaseRoomManager.ts.
debug: Resolve file:///F:/CocosProject/PLY_Dreamyroom_Cocos/assets/7.Scripts/MyScript/managers/BoxManager.ts from cce:/internal/x/prerequisite-imports as file:///F:/CocosProject/PLY_Dreamyroom_Cocos/assets/7.Scripts/MyScript/managers/BoxManager.ts.
debug: Resolve file:///F:/CocosProject/PLY_Dreamyroom_Cocos/assets/7.Scripts/MyScript/managers/ItemManager.ts from cce:/internal/x/prerequisite-imports as file:///F:/CocosProject/PLY_Dreamyroom_Cocos/assets/7.Scripts/MyScript/managers/ItemManager.ts.
debug: Resolve file:///F:/CocosProject/PLY_Dreamyroom_Cocos/assets/7.Scripts/MyScript/managers/ProgressTrackingManager.ts from cce:/internal/x/prerequisite-imports as file:///F:/CocosProject/PLY_Dreamyroom_Cocos/assets/7.Scripts/MyScript/managers/ProgressTrackingManager.ts.
debug: Resolve file:///F:/CocosProject/PLY_Dreamyroom_Cocos/assets/7.Scripts/MyScript/managers/UIManager.ts from cce:/internal/x/prerequisite-imports as file:///F:/CocosProject/PLY_Dreamyroom_Cocos/assets/7.Scripts/MyScript/managers/UIManager.ts.
debug: Resolve file:///F:/CocosProject/PLY_Dreamyroom_Cocos/assets/7.Scripts/MyScript/managers/WorldScrollManager.ts from cce:/internal/x/prerequisite-imports as file:///F:/CocosProject/PLY_Dreamyroom_Cocos/assets/7.Scripts/MyScript/managers/WorldScrollManager.ts.
debug: Resolve file:///F:/CocosProject/PLY_Dreamyroom_Cocos/assets/7.Scripts/MyScript/pipeline/AutoAssignByNameTool.ts from cce:/internal/x/prerequisite-imports as file:///F:/CocosProject/PLY_Dreamyroom_Cocos/assets/7.Scripts/MyScript/pipeline/AutoAssignByNameTool.ts.
debug: Resolve file:///F:/CocosProject/PLY_Dreamyroom_Cocos/assets/7.Scripts/MyScript/pipeline/SceneBuilder.ts from cce:/internal/x/prerequisite-imports as file:///F:/CocosProject/PLY_Dreamyroom_Cocos/assets/7.Scripts/MyScript/pipeline/SceneBuilder.ts.
debug: Resolve file:///F:/CocosProject/PLY_Dreamyroom_Cocos/assets/7.Scripts/MyScript/utils/BallFollowFill.ts from cce:/internal/x/prerequisite-imports as file:///F:/CocosProject/PLY_Dreamyroom_Cocos/assets/7.Scripts/MyScript/utils/BallFollowFill.ts.
debug: Resolve file:///F:/CocosProject/PLY_Dreamyroom_Cocos/assets/7.Scripts/MyScript/utils/BaseRoom.ts from cce:/internal/x/prerequisite-imports as file:///F:/CocosProject/PLY_Dreamyroom_Cocos/assets/7.Scripts/MyScript/utils/BaseRoom.ts.
debug: Resolve file:///F:/CocosProject/PLY_Dreamyroom_Cocos/assets/7.Scripts/MyScript/utils/ChangeLight.ts from cce:/internal/x/prerequisite-imports as file:///F:/CocosProject/PLY_Dreamyroom_Cocos/assets/7.Scripts/MyScript/utils/ChangeLight.ts.
debug: Resolve file:///F:/CocosProject/PLY_Dreamyroom_Cocos/assets/7.Scripts/MyScript/utils/HandOfBox.ts from cce:/internal/x/prerequisite-imports as file:///F:/CocosProject/PLY_Dreamyroom_Cocos/assets/7.Scripts/MyScript/utils/HandOfBox.ts.
debug: Resolve file:///F:/CocosProject/PLY_Dreamyroom_Cocos/assets/7.Scripts/MyScript/utils/HolderSlot.ts from cce:/internal/x/prerequisite-imports as file:///F:/CocosProject/PLY_Dreamyroom_Cocos/assets/7.Scripts/MyScript/utils/HolderSlot.ts.
debug: Resolve file:///F:/CocosProject/PLY_Dreamyroom_Cocos/assets/7.Scripts/MyScript/utils/SeatHandler.ts from cce:/internal/x/prerequisite-imports as file:///F:/CocosProject/PLY_Dreamyroom_Cocos/assets/7.Scripts/MyScript/utils/SeatHandler.ts.
debug: Resolve file:///F:/CocosProject/PLY_Dreamyroom_Cocos/assets/7.Scripts/MyScript/utils/TurnOnSpine.ts from cce:/internal/x/prerequisite-imports as file:///F:/CocosProject/PLY_Dreamyroom_Cocos/assets/7.Scripts/MyScript/utils/TurnOnSpine.ts.
debug: Resolve file:///F:/CocosProject/PLY_Dreamyroom_Cocos/assets/7.Scripts/Pool/PoolControl.ts from cce:/internal/x/prerequisite-imports as file:///F:/CocosProject/PLY_Dreamyroom_Cocos/assets/7.Scripts/Pool/PoolControl.ts.
debug: Resolve file:///F:/CocosProject/PLY_Dreamyroom_Cocos/assets/7.Scripts/Pool/PoolManager.ts from cce:/internal/x/prerequisite-imports as file:///F:/CocosProject/PLY_Dreamyroom_Cocos/assets/7.Scripts/Pool/PoolManager.ts.
debug: Resolve file:///F:/CocosProject/PLY_Dreamyroom_Cocos/assets/7.Scripts/Pool/PoolMember.ts from cce:/internal/x/prerequisite-imports as file:///F:/CocosProject/PLY_Dreamyroom_Cocos/assets/7.Scripts/Pool/PoolMember.ts.
debug: Resolve file:///F:/CocosProject/PLY_Dreamyroom_Cocos/assets/7.Scripts/Tool/AppLovinAnalytics.ts from cce:/internal/x/prerequisite-imports as file:///F:/CocosProject/PLY_Dreamyroom_Cocos/assets/7.Scripts/Tool/AppLovinAnalytics.ts.
debug: Resolve file:///F:/CocosProject/PLY_Dreamyroom_Cocos/assets/7.Scripts/Tool/GameController.ts from cce:/internal/x/prerequisite-imports as file:///F:/CocosProject/PLY_Dreamyroom_Cocos/assets/7.Scripts/Tool/GameController.ts.
debug: Resolve file:///F:/CocosProject/PLY_Dreamyroom_Cocos/assets/7.Scripts/Tool/h5-helper.ts from cce:/internal/x/prerequisite-imports as file:///F:/CocosProject/PLY_Dreamyroom_Cocos/assets/7.Scripts/Tool/h5-helper.ts.
debug: Target(editor) ends with cost 207.09900003671646ms.
debug: Target(preview) build started.
debug: Detected change: cce:/internal/x/prerequisite-imports. Last mtime: Thu Jan 01 1970 08:05:00 GMT+0700 (Indochina Time), Current mtime: Thu Jan 01 1970 08:05:37 GMT+0700 (Indochina Time)
debug: Inspect cce:/internal/x/prerequisite-imports
debug: Resolve file:///C:/ProgramData/cocos/editors/Creator/3.7.4/resources/resources/3d/engine/editor/assets/tools/debug-view-runtime-control.ts from cce:/internal/x/prerequisite-imports as file:///C:/ProgramData/cocos/editors/Creator/3.7.4/resources/resources/3d/engine/editor/assets/tools/debug-view-runtime-control.ts.
debug: Resolve file:///F:/CocosProject/PLY_Dreamyroom_Cocos/assets/7.Scripts/Manager/AssetsManagerCustom.ts from cce:/internal/x/prerequisite-imports as file:///F:/CocosProject/PLY_Dreamyroom_Cocos/assets/7.Scripts/Manager/AssetsManagerCustom.ts.
debug: Resolve file:///F:/CocosProject/PLY_Dreamyroom_Cocos/assets/7.Scripts/Manager/Clock.ts from cce:/internal/x/prerequisite-imports as file:///F:/CocosProject/PLY_Dreamyroom_Cocos/assets/7.Scripts/Manager/Clock.ts.
debug: Resolve file:///F:/CocosProject/PLY_Dreamyroom_Cocos/assets/7.Scripts/Manager/InputManager.ts from cce:/internal/x/prerequisite-imports as file:///F:/CocosProject/PLY_Dreamyroom_Cocos/assets/7.Scripts/Manager/InputManager.ts.
debug: Detected change: file:///F:/CocosProject/PLY_Dreamyroom_Cocos/assets/7.Scripts/Manager/InputManager.ts. Last mtime: Wed Aug 19 2026 14:40:27 GMT+0700 (Indochina Time)@9af7cb90-e1fb-4efd-835f-cf82497f2625, Current mtime: Wed Aug 19 2026 14:41:42 GMT+0700 (Indochina Time)@9af7cb90-e1fb-4efd-835f-cf82497f2625
debug: Inspect file:///F:/CocosProject/PLY_Dreamyroom_Cocos/assets/7.Scripts/Manager/InputManager.ts
debug: Resolve cce:/internal/code-quality/cr.mjs from file:///F:/CocosProject/PLY_Dreamyroom_Cocos/assets/7.Scripts/Manager/InputManager.ts as cce:/internal/code-quality/cr.mjs.
debug: Resolve cc from file:///F:/CocosProject/PLY_Dreamyroom_Cocos/assets/7.Scripts/Manager/InputManager.ts as cce:/internal/x/cc.
debug: Resolve cc from file:///F:/CocosProject/PLY_Dreamyroom_Cocos/assets/7.Scripts/Manager/InputManager.ts as cce:/internal/x/cc.
debug: Resolve cc from file:///F:/CocosProject/PLY_Dreamyroom_Cocos/assets/7.Scripts/Manager/InputManager.ts as cce:/internal/x/cc.
debug: Resolve ./UI from file:///F:/CocosProject/PLY_Dreamyroom_Cocos/assets/7.Scripts/Manager/InputManager.ts as file:///F:/CocosProject/PLY_Dreamyroom_Cocos/assets/7.Scripts/Manager/UI.ts.
debug: Resolve ./SoundManager from file:///F:/CocosProject/PLY_Dreamyroom_Cocos/assets/7.Scripts/Manager/InputManager.ts as file:///F:/CocosProject/PLY_Dreamyroom_Cocos/assets/7.Scripts/Manager/SoundManager.ts.
debug: Resolve file:///F:/CocosProject/PLY_Dreamyroom_Cocos/assets/7.Scripts/Manager/Joystick.ts from cce:/internal/x/prerequisite-imports as file:///F:/CocosProject/PLY_Dreamyroom_Cocos/assets/7.Scripts/Manager/Joystick.ts.
debug: Resolve file:///F:/CocosProject/PLY_Dreamyroom_Cocos/assets/7.Scripts/Manager/MainCamera.ts from cce:/internal/x/prerequisite-imports as file:///F:/CocosProject/PLY_Dreamyroom_Cocos/assets/7.Scripts/Manager/MainCamera.ts.
debug: Resolve file:///F:/CocosProject/PLY_Dreamyroom_Cocos/assets/7.Scripts/Manager/PointerController.ts from cce:/internal/x/prerequisite-imports as file:///F:/CocosProject/PLY_Dreamyroom_Cocos/assets/7.Scripts/Manager/PointerController.ts.
debug: Resolve file:///F:/CocosProject/PLY_Dreamyroom_Cocos/assets/7.Scripts/Manager/SoundManager.ts from cce:/internal/x/prerequisite-imports as file:///F:/CocosProject/PLY_Dreamyroom_Cocos/assets/7.Scripts/Manager/SoundManager.ts.
debug: Resolve file:///F:/CocosProject/PLY_Dreamyroom_Cocos/assets/7.Scripts/Manager/UI.ts from cce:/internal/x/prerequisite-imports as file:///F:/CocosProject/PLY_Dreamyroom_Cocos/assets/7.Scripts/Manager/UI.ts.
debug: Resolve file:///F:/CocosProject/PLY_Dreamyroom_Cocos/assets/7.Scripts/Manager/VFX.ts from cce:/internal/x/prerequisite-imports as file:///F:/CocosProject/PLY_Dreamyroom_Cocos/assets/7.Scripts/Manager/VFX.ts.
debug: Resolve file:///F:/CocosProject/PLY_Dreamyroom_Cocos/assets/7.Scripts/Manager/World.ts from cce:/internal/x/prerequisite-imports as file:///F:/CocosProject/PLY_Dreamyroom_Cocos/assets/7.Scripts/Manager/World.ts.
debug: Resolve file:///F:/CocosProject/PLY_Dreamyroom_Cocos/assets/7.Scripts/MatchAsset/MatchSprite.ts from cce:/internal/x/prerequisite-imports as file:///F:/CocosProject/PLY_Dreamyroom_Cocos/assets/7.Scripts/MatchAsset/MatchSprite.ts.
debug: Resolve file:///F:/CocosProject/PLY_Dreamyroom_Cocos/assets/7.Scripts/MatchAsset/NodeOrder.ts from cce:/internal/x/prerequisite-imports as file:///F:/CocosProject/PLY_Dreamyroom_Cocos/assets/7.Scripts/MatchAsset/NodeOrder.ts.
debug: Resolve file:///F:/CocosProject/PLY_Dreamyroom_Cocos/assets/7.Scripts/MatchAsset/ReadImagePixel.ts from cce:/internal/x/prerequisite-imports as file:///F:/CocosProject/PLY_Dreamyroom_Cocos/assets/7.Scripts/MatchAsset/ReadImagePixel.ts.
debug: Resolve file:///F:/CocosProject/PLY_Dreamyroom_Cocos/assets/7.Scripts/MatchAsset/SpriteSizeSetter.ts from cce:/internal/x/prerequisite-imports as file:///F:/CocosProject/PLY_Dreamyroom_Cocos/assets/7.Scripts/MatchAsset/SpriteSizeSetter.ts.
debug: Resolve file:///F:/CocosProject/PLY_Dreamyroom_Cocos/assets/7.Scripts/MatchAsset/Ulis.ts from cce:/internal/x/prerequisite-imports as file:///F:/CocosProject/PLY_Dreamyroom_Cocos/assets/7.Scripts/MatchAsset/Ulis.ts.
debug: Resolve file:///F:/CocosProject/PLY_Dreamyroom_Cocos/assets/7.Scripts/Misc/AStar.ts from cce:/internal/x/prerequisite-imports as file:///F:/CocosProject/PLY_Dreamyroom_Cocos/assets/7.Scripts/Misc/AStar.ts.
debug: Resolve file:///F:/CocosProject/PLY_Dreamyroom_Cocos/assets/7.Scripts/Misc/Black.ts from cce:/internal/x/prerequisite-imports as file:///F:/CocosProject/PLY_Dreamyroom_Cocos/assets/7.Scripts/Misc/Black.ts.
debug: Resolve file:///F:/CocosProject/PLY_Dreamyroom_Cocos/assets/7.Scripts/Misc/Cloud.ts from cce:/internal/x/prerequisite-imports as file:///F:/CocosProject/PLY_Dreamyroom_Cocos/assets/7.Scripts/Misc/Cloud.ts.
debug: Resolve file:///F:/CocosProject/PLY_Dreamyroom_Cocos/assets/7.Scripts/Misc/IQ.ts from cce:/internal/x/prerequisite-imports as file:///F:/CocosProject/PLY_Dreamyroom_Cocos/assets/7.Scripts/Misc/IQ.ts.
debug: Resolve file:///F:/CocosProject/PLY_Dreamyroom_Cocos/assets/7.Scripts/Misc/MeshLoader.ts from cce:/internal/x/prerequisite-imports as file:///F:/CocosProject/PLY_Dreamyroom_Cocos/assets/7.Scripts/Misc/MeshLoader.ts.
debug: Resolve file:///F:/CocosProject/PLY_Dreamyroom_Cocos/assets/7.Scripts/Misc/SkinManager.ts from cce:/internal/x/prerequisite-imports as file:///F:/CocosProject/PLY_Dreamyroom_Cocos/assets/7.Scripts/Misc/SkinManager.ts.
debug: Resolve file:///F:/CocosProject/PLY_Dreamyroom_Cocos/assets/7.Scripts/Misc/SplineLineRenderer.ts from cce:/internal/x/prerequisite-imports as file:///F:/CocosProject/PLY_Dreamyroom_Cocos/assets/7.Scripts/Misc/SplineLineRenderer.ts.
debug: Resolve file:///F:/CocosProject/PLY_Dreamyroom_Cocos/assets/7.Scripts/Misc/Tooth.ts from cce:/internal/x/prerequisite-imports as file:///F:/CocosProject/PLY_Dreamyroom_Cocos/assets/7.Scripts/Misc/Tooth.ts.
debug: Resolve file:///F:/CocosProject/PLY_Dreamyroom_Cocos/assets/7.Scripts/Misc/Ulis.ts from cce:/internal/x/prerequisite-imports as file:///F:/CocosProject/PLY_Dreamyroom_Cocos/assets/7.Scripts/Misc/Ulis.ts.
debug: Resolve file:///F:/CocosProject/PLY_Dreamyroom_Cocos/assets/7.Scripts/MyScript/ScriptTemplate/ComponentCache.ts from cce:/internal/x/prerequisite-imports as file:///F:/CocosProject/PLY_Dreamyroom_Cocos/assets/7.Scripts/MyScript/ScriptTemplate/ComponentCache.ts.
debug: Resolve file:///F:/CocosProject/PLY_Dreamyroom_Cocos/assets/7.Scripts/MyScript/ScriptTemplate/Ply_GameUnit.ts from cce:/internal/x/prerequisite-imports as file:///F:/CocosProject/PLY_Dreamyroom_Cocos/assets/7.Scripts/MyScript/ScriptTemplate/Ply_GameUnit.ts.
debug: Resolve file:///F:/CocosProject/PLY_Dreamyroom_Cocos/assets/7.Scripts/MyScript/ScriptTemplate/Ply_Pool.ts from cce:/internal/x/prerequisite-imports as file:///F:/CocosProject/PLY_Dreamyroom_Cocos/assets/7.Scripts/MyScript/ScriptTemplate/Ply_Pool.ts.
debug: Resolve file:///F:/CocosProject/PLY_Dreamyroom_Cocos/assets/7.Scripts/MyScript/ScriptTemplate/Ply_Singleton.ts from cce:/internal/x/prerequisite-imports as file:///F:/CocosProject/PLY_Dreamyroom_Cocos/assets/7.Scripts/MyScript/ScriptTemplate/Ply_Singleton.ts.
debug: Resolve file:///F:/CocosProject/PLY_Dreamyroom_Cocos/assets/7.Scripts/MyScript/ScriptTemplate/Ply_SoundManager.ts from cce:/internal/x/prerequisite-imports as file:///F:/CocosProject/PLY_Dreamyroom_Cocos/assets/7.Scripts/MyScript/ScriptTemplate/Ply_SoundManager.ts.
debug: Resolve file:///F:/CocosProject/PLY_Dreamyroom_Cocos/assets/7.Scripts/MyScript/ScriptTemplate/Yielders.ts from cce:/internal/x/prerequisite-imports as file:///F:/CocosProject/PLY_Dreamyroom_Cocos/assets/7.Scripts/MyScript/ScriptTemplate/Yielders.ts.
debug: Resolve file:///F:/CocosProject/PLY_Dreamyroom_Cocos/assets/7.Scripts/MyScript/box/BoxController.ts from cce:/internal/x/prerequisite-imports as file:///F:/CocosProject/PLY_Dreamyroom_Cocos/assets/7.Scripts/MyScript/box/BoxController.ts.
debug: Detected change: file:///F:/CocosProject/PLY_Dreamyroom_Cocos/assets/7.Scripts/MyScript/core/InputManager.ts. Last mtime: Wed Aug 19 2026 14:40:32 GMT+0700 (Indochina Time)@f7ad4090-a9de-40ad-8c8b-9613ca9f1546, Current mtime: Wed Aug 19 2026 14:41:42 GMT+0700 (Indochina Time)@f7ad4090-a9de-40ad-8c8b-9613ca9f1546
debug: Inspect file:///F:/CocosProject/PLY_Dreamyroom_Cocos/assets/7.Scripts/MyScript/core/InputManager.ts
debug: Resolve cce:/internal/code-quality/cr.mjs from file:///F:/CocosProject/PLY_Dreamyroom_Cocos/assets/7.Scripts/MyScript/core/InputManager.ts as cce:/internal/code-quality/cr.mjs.
debug: Resolve cc from file:///F:/CocosProject/PLY_Dreamyroom_Cocos/assets/7.Scripts/MyScript/core/InputManager.ts as cce:/internal/x/cc.
debug: Resolve cc from file:///F:/CocosProject/PLY_Dreamyroom_Cocos/assets/7.Scripts/MyScript/core/InputManager.ts as cce:/internal/x/cc.
debug: Resolve cc from file:///F:/CocosProject/PLY_Dreamyroom_Cocos/assets/7.Scripts/MyScript/core/InputManager.ts as cce:/internal/x/cc.
debug: Resolve ../item/ItemGraphic from file:///F:/CocosProject/PLY_Dreamyroom_Cocos/assets/7.Scripts/MyScript/core/InputManager.ts as file:///F:/CocosProject/PLY_Dreamyroom_Cocos/assets/7.Scripts/MyScript/item/ItemGraphic.ts.
debug: Resolve ../managers/ItemManager from file:///F:/CocosProject/PLY_Dreamyroom_Cocos/assets/7.Scripts/MyScript/core/InputManager.ts as file:///F:/CocosProject/PLY_Dreamyroom_Cocos/assets/7.Scripts/MyScript/managers/ItemManager.ts.
debug: Resolve file:///F:/CocosProject/PLY_Dreamyroom_Cocos/assets/7.Scripts/MyScript/box/BoxGraphic.ts from cce:/internal/x/prerequisite-imports as file:///F:/CocosProject/PLY_Dreamyroom_Cocos/assets/7.Scripts/MyScript/box/BoxGraphic.ts.
debug: Resolve file:///F:/CocosProject/PLY_Dreamyroom_Cocos/assets/7.Scripts/MyScript/core/InputManager.ts from cce:/internal/x/prerequisite-imports as file:///F:/CocosProject/PLY_Dreamyroom_Cocos/assets/7.Scripts/MyScript/core/InputManager.ts.
debug: Resolve file:///F:/CocosProject/PLY_Dreamyroom_Cocos/assets/7.Scripts/MyScript/core/ObjectPool.ts from cce:/internal/x/prerequisite-imports as file:///F:/CocosProject/PLY_Dreamyroom_Cocos/assets/7.Scripts/MyScript/core/ObjectPool.ts.
debug: Resolve file:///F:/CocosProject/PLY_Dreamyroom_Cocos/assets/7.Scripts/MyScript/core/SoundManager.ts from cce:/internal/x/prerequisite-imports as file:///F:/CocosProject/PLY_Dreamyroom_Cocos/assets/7.Scripts/MyScript/core/SoundManager.ts.
debug: Resolve file:///F:/CocosProject/PLY_Dreamyroom_Cocos/assets/7.Scripts/MyScript/core/TweenUtil.ts from cce:/internal/x/prerequisite-imports as file:///F:/CocosProject/PLY_Dreamyroom_Cocos/assets/7.Scripts/MyScript/core/TweenUtil.ts.
debug: Resolve file:///F:/CocosProject/PLY_Dreamyroom_Cocos/assets/7.Scripts/MyScript/effects/BlinkEffect.ts from cce:/internal/x/prerequisite-imports as file:///F:/CocosProject/PLY_Dreamyroom_Cocos/assets/7.Scripts/MyScript/effects/BlinkEffect.ts.
debug: Resolve file:///F:/CocosProject/PLY_Dreamyroom_Cocos/assets/7.Scripts/MyScript/item/ItemController.ts from cce:/internal/x/prerequisite-imports as file:///F:/CocosProject/PLY_Dreamyroom_Cocos/assets/7.Scripts/MyScript/item/ItemController.ts.
debug: Resolve file:///F:/CocosProject/PLY_Dreamyroom_Cocos/assets/7.Scripts/MyScript/item/ItemGraphic.ts from cce:/internal/x/prerequisite-imports as file:///F:/CocosProject/PLY_Dreamyroom_Cocos/assets/7.Scripts/MyScript/item/ItemGraphic.ts.
debug: Resolve file:///F:/CocosProject/PLY_Dreamyroom_Cocos/assets/7.Scripts/MyScript/item/ItemMovement.ts from cce:/internal/x/prerequisite-imports as file:///F:/CocosProject/PLY_Dreamyroom_Cocos/assets/7.Scripts/MyScript/item/ItemMovement.ts.
debug: Resolve file:///F:/CocosProject/PLY_Dreamyroom_Cocos/assets/7.Scripts/MyScript/item/OpenItem.ts from cce:/internal/x/prerequisite-imports as file:///F:/CocosProject/PLY_Dreamyroom_Cocos/assets/7.Scripts/MyScript/item/OpenItem.ts.
debug: Resolve file:///F:/CocosProject/PLY_Dreamyroom_Cocos/assets/7.Scripts/MyScript/managers/BaseRoomManager.ts from cce:/internal/x/prerequisite-imports as file:///F:/CocosProject/PLY_Dreamyroom_Cocos/assets/7.Scripts/MyScript/managers/BaseRoomManager.ts.
debug: Resolve file:///F:/CocosProject/PLY_Dreamyroom_Cocos/assets/7.Scripts/MyScript/managers/BoxManager.ts from cce:/internal/x/prerequisite-imports as file:///F:/CocosProject/PLY_Dreamyroom_Cocos/assets/7.Scripts/MyScript/managers/BoxManager.ts.
debug: Resolve file:///F:/CocosProject/PLY_Dreamyroom_Cocos/assets/7.Scripts/MyScript/managers/ItemManager.ts from cce:/internal/x/prerequisite-imports as file:///F:/CocosProject/PLY_Dreamyroom_Cocos/assets/7.Scripts/MyScript/managers/ItemManager.ts.
debug: Resolve file:///F:/CocosProject/PLY_Dreamyroom_Cocos/assets/7.Scripts/MyScript/managers/ProgressTrackingManager.ts from cce:/internal/x/prerequisite-imports as file:///F:/CocosProject/PLY_Dreamyroom_Cocos/assets/7.Scripts/MyScript/managers/ProgressTrackingManager.ts.
debug: Resolve file:///F:/CocosProject/PLY_Dreamyroom_Cocos/assets/7.Scripts/MyScript/managers/UIManager.ts from cce:/internal/x/prerequisite-imports as file:///F:/CocosProject/PLY_Dreamyroom_Cocos/assets/7.Scripts/MyScript/managers/UIManager.ts.
debug: Resolve file:///F:/CocosProject/PLY_Dreamyroom_Cocos/assets/7.Scripts/MyScript/managers/WorldScrollManager.ts from cce:/internal/x/prerequisite-imports as file:///F:/CocosProject/PLY_Dreamyroom_Cocos/assets/7.Scripts/MyScript/managers/WorldScrollManager.ts.
debug: Resolve file:///F:/CocosProject/PLY_Dreamyroom_Cocos/assets/7.Scripts/MyScript/pipeline/AutoAssignByNameTool.ts from cce:/internal/x/prerequisite-imports as file:///F:/CocosProject/PLY_Dreamyroom_Cocos/assets/7.Scripts/MyScript/pipeline/AutoAssignByNameTool.ts.
debug: Resolve file:///F:/CocosProject/PLY_Dreamyroom_Cocos/assets/7.Scripts/MyScript/pipeline/SceneBuilder.ts from cce:/internal/x/prerequisite-imports as file:///F:/CocosProject/PLY_Dreamyroom_Cocos/assets/7.Scripts/MyScript/pipeline/SceneBuilder.ts.
debug: Resolve file:///F:/CocosProject/PLY_Dreamyroom_Cocos/assets/7.Scripts/MyScript/utils/BallFollowFill.ts from cce:/internal/x/prerequisite-imports as file:///F:/CocosProject/PLY_Dreamyroom_Cocos/assets/7.Scripts/MyScript/utils/BallFollowFill.ts.
debug: Resolve file:///F:/CocosProject/PLY_Dreamyroom_Cocos/assets/7.Scripts/MyScript/utils/BaseRoom.ts from cce:/internal/x/prerequisite-imports as file:///F:/CocosProject/PLY_Dreamyroom_Cocos/assets/7.Scripts/MyScript/utils/BaseRoom.ts.
debug: Resolve file:///F:/CocosProject/PLY_Dreamyroom_Cocos/assets/7.Scripts/MyScript/utils/ChangeLight.ts from cce:/internal/x/prerequisite-imports as file:///F:/CocosProject/PLY_Dreamyroom_Cocos/assets/7.Scripts/MyScript/utils/ChangeLight.ts.
debug: Resolve file:///F:/CocosProject/PLY_Dreamyroom_Cocos/assets/7.Scripts/MyScript/utils/HandOfBox.ts from cce:/internal/x/prerequisite-imports as file:///F:/CocosProject/PLY_Dreamyroom_Cocos/assets/7.Scripts/MyScript/utils/HandOfBox.ts.
debug: Resolve file:///F:/CocosProject/PLY_Dreamyroom_Cocos/assets/7.Scripts/MyScript/utils/HolderSlot.ts from cce:/internal/x/prerequisite-imports as file:///F:/CocosProject/PLY_Dreamyroom_Cocos/assets/7.Scripts/MyScript/utils/HolderSlot.ts.
debug: Resolve file:///F:/CocosProject/PLY_Dreamyroom_Cocos/assets/7.Scripts/MyScript/utils/SeatHandler.ts from cce:/internal/x/prerequisite-imports as file:///F:/CocosProject/PLY_Dreamyroom_Cocos/assets/7.Scripts/MyScript/utils/SeatHandler.ts.
debug: Resolve file:///F:/CocosProject/PLY_Dreamyroom_Cocos/assets/7.Scripts/MyScript/utils/TurnOnSpine.ts from cce:/internal/x/prerequisite-imports as file:///F:/CocosProject/PLY_Dreamyroom_Cocos/assets/7.Scripts/MyScript/utils/TurnOnSpine.ts.
debug: Resolve file:///F:/CocosProject/PLY_Dreamyroom_Cocos/assets/7.Scripts/Pool/PoolControl.ts from cce:/internal/x/prerequisite-imports as file:///F:/CocosProject/PLY_Dreamyroom_Cocos/assets/7.Scripts/Pool/PoolControl.ts.
debug: Resolve file:///F:/CocosProject/PLY_Dreamyroom_Cocos/assets/7.Scripts/Pool/PoolManager.ts from cce:/internal/x/prerequisite-imports as file:///F:/CocosProject/PLY_Dreamyroom_Cocos/assets/7.Scripts/Pool/PoolManager.ts.
debug: Resolve file:///F:/CocosProject/PLY_Dreamyroom_Cocos/assets/7.Scripts/Pool/PoolMember.ts from cce:/internal/x/prerequisite-imports as file:///F:/CocosProject/PLY_Dreamyroom_Cocos/assets/7.Scripts/Pool/PoolMember.ts.
debug: Resolve file:///F:/CocosProject/PLY_Dreamyroom_Cocos/assets/7.Scripts/Tool/AppLovinAnalytics.ts from cce:/internal/x/prerequisite-imports as file:///F:/CocosProject/PLY_Dreamyroom_Cocos/assets/7.Scripts/Tool/AppLovinAnalytics.ts.
debug: Resolve file:///F:/CocosProject/PLY_Dreamyroom_Cocos/assets/7.Scripts/Tool/GameController.ts from cce:/internal/x/prerequisite-imports as file:///F:/CocosProject/PLY_Dreamyroom_Cocos/assets/7.Scripts/Tool/GameController.ts.
debug: Resolve file:///F:/CocosProject/PLY_Dreamyroom_Cocos/assets/7.Scripts/Tool/h5-helper.ts from cce:/internal/x/prerequisite-imports as file:///F:/CocosProject/PLY_Dreamyroom_Cocos/assets/7.Scripts/Tool/h5-helper.ts.
debug: Target(preview) ends with cost 174.35350000858307ms.
debug: Dispatch build request for time accumulated 2 asset changes.
debug: Build iteration starts.
Number of accumulated asset changes: 2
Feature changed: false
debug: Target(editor) build started.
debug: Detected change: cce:/internal/x/prerequisite-imports. Last mtime: Thu Jan 01 1970 08:05:37 GMT+0700 (Indochina Time), Current mtime: Thu Jan 01 1970 08:08:21 GMT+0700 (Indochina Time)
debug: Inspect cce:/internal/x/prerequisite-imports
debug: Resolve file:///C:/ProgramData/cocos/editors/Creator/3.7.4/resources/resources/3d/engine/editor/assets/tools/debug-view-runtime-control.ts from cce:/internal/x/prerequisite-imports as file:///C:/ProgramData/cocos/editors/Creator/3.7.4/resources/resources/3d/engine/editor/assets/tools/debug-view-runtime-control.ts.
debug: Resolve file:///F:/CocosProject/PLY_Dreamyroom_Cocos/assets/7.Scripts/Manager/AssetsManagerCustom.ts from cce:/internal/x/prerequisite-imports as file:///F:/CocosProject/PLY_Dreamyroom_Cocos/assets/7.Scripts/Manager/AssetsManagerCustom.ts.
debug: Resolve file:///F:/CocosProject/PLY_Dreamyroom_Cocos/assets/7.Scripts/Manager/Clock.ts from cce:/internal/x/prerequisite-imports as file:///F:/CocosProject/PLY_Dreamyroom_Cocos/assets/7.Scripts/Manager/Clock.ts.
debug: Resolve file:///F:/CocosProject/PLY_Dreamyroom_Cocos/assets/7.Scripts/Manager/InputManager.ts from cce:/internal/x/prerequisite-imports as file:///F:/CocosProject/PLY_Dreamyroom_Cocos/assets/7.Scripts/Manager/InputManager.ts.
debug: Resolve file:///F:/CocosProject/PLY_Dreamyroom_Cocos/assets/7.Scripts/Manager/Joystick.ts from cce:/internal/x/prerequisite-imports as file:///F:/CocosProject/PLY_Dreamyroom_Cocos/assets/7.Scripts/Manager/Joystick.ts.
debug: Resolve file:///F:/CocosProject/PLY_Dreamyroom_Cocos/assets/7.Scripts/Manager/MainCamera.ts from cce:/internal/x/prerequisite-imports as file:///F:/CocosProject/PLY_Dreamyroom_Cocos/assets/7.Scripts/Manager/MainCamera.ts.
debug: Resolve file:///F:/CocosProject/PLY_Dreamyroom_Cocos/assets/7.Scripts/Manager/PointerController.ts from cce:/internal/x/prerequisite-imports as file:///F:/CocosProject/PLY_Dreamyroom_Cocos/assets/7.Scripts/Manager/PointerController.ts.
debug: Resolve file:///F:/CocosProject/PLY_Dreamyroom_Cocos/assets/7.Scripts/Manager/SoundManager.ts from cce:/internal/x/prerequisite-imports as file:///F:/CocosProject/PLY_Dreamyroom_Cocos/assets/7.Scripts/Manager/SoundManager.ts.
debug: Resolve file:///F:/CocosProject/PLY_Dreamyroom_Cocos/assets/7.Scripts/Manager/UI.ts from cce:/internal/x/prerequisite-imports as file:///F:/CocosProject/PLY_Dreamyroom_Cocos/assets/7.Scripts/Manager/UI.ts.
debug: Resolve file:///F:/CocosProject/PLY_Dreamyroom_Cocos/assets/7.Scripts/Manager/VFX.ts from cce:/internal/x/prerequisite-imports as file:///F:/CocosProject/PLY_Dreamyroom_Cocos/assets/7.Scripts/Manager/VFX.ts.
debug: Resolve file:///F:/CocosProject/PLY_Dreamyroom_Cocos/assets/7.Scripts/Manager/World.ts from cce:/internal/x/prerequisite-imports as file:///F:/CocosProject/PLY_Dreamyroom_Cocos/assets/7.Scripts/Manager/World.ts.
debug: Resolve file:///F:/CocosProject/PLY_Dreamyroom_Cocos/assets/7.Scripts/MatchAsset/MatchSprite.ts from cce:/internal/x/prerequisite-imports as file:///F:/CocosProject/PLY_Dreamyroom_Cocos/assets/7.Scripts/MatchAsset/MatchSprite.ts.
debug: Resolve file:///F:/CocosProject/PLY_Dreamyroom_Cocos/assets/7.Scripts/MatchAsset/NodeOrder.ts from cce:/internal/x/prerequisite-imports as file:///F:/CocosProject/PLY_Dreamyroom_Cocos/assets/7.Scripts/MatchAsset/NodeOrder.ts.
debug: Resolve file:///F:/CocosProject/PLY_Dreamyroom_Cocos/assets/7.Scripts/MatchAsset/ReadImagePixel.ts from cce:/internal/x/prerequisite-imports as file:///F:/CocosProject/PLY_Dreamyroom_Cocos/assets/7.Scripts/MatchAsset/ReadImagePixel.ts.
debug: Resolve file:///F:/CocosProject/PLY_Dreamyroom_Cocos/assets/7.Scripts/MatchAsset/SpriteSizeSetter.ts from cce:/internal/x/prerequisite-imports as file:///F:/CocosProject/PLY_Dreamyroom_Cocos/assets/7.Scripts/MatchAsset/SpriteSizeSetter.ts.
debug: Resolve file:///F:/CocosProject/PLY_Dreamyroom_Cocos/assets/7.Scripts/MatchAsset/Ulis.ts from cce:/internal/x/prerequisite-imports as file:///F:/CocosProject/PLY_Dreamyroom_Cocos/assets/7.Scripts/MatchAsset/Ulis.ts.
debug: Resolve file:///F:/CocosProject/PLY_Dreamyroom_Cocos/assets/7.Scripts/Misc/AStar.ts from cce:/internal/x/prerequisite-imports as file:///F:/CocosProject/PLY_Dreamyroom_Cocos/assets/7.Scripts/Misc/AStar.ts.
debug: Resolve file:///F:/CocosProject/PLY_Dreamyroom_Cocos/assets/7.Scripts/Misc/Black.ts from cce:/internal/x/prerequisite-imports as file:///F:/CocosProject/PLY_Dreamyroom_Cocos/assets/7.Scripts/Misc/Black.ts.
debug: Resolve file:///F:/CocosProject/PLY_Dreamyroom_Cocos/assets/7.Scripts/Misc/Cloud.ts from cce:/internal/x/prerequisite-imports as file:///F:/CocosProject/PLY_Dreamyroom_Cocos/assets/7.Scripts/Misc/Cloud.ts.
debug: Resolve file:///F:/CocosProject/PLY_Dreamyroom_Cocos/assets/7.Scripts/Misc/IQ.ts from cce:/internal/x/prerequisite-imports as file:///F:/CocosProject/PLY_Dreamyroom_Cocos/assets/7.Scripts/Misc/IQ.ts.
debug: Resolve file:///F:/CocosProject/PLY_Dreamyroom_Cocos/assets/7.Scripts/Misc/MeshLoader.ts from cce:/internal/x/prerequisite-imports as file:///F:/CocosProject/PLY_Dreamyroom_Cocos/assets/7.Scripts/Misc/MeshLoader.ts.
debug: Resolve file:///F:/CocosProject/PLY_Dreamyroom_Cocos/assets/7.Scripts/Misc/SkinManager.ts from cce:/internal/x/prerequisite-imports as file:///F:/CocosProject/PLY_Dreamyroom_Cocos/assets/7.Scripts/Misc/SkinManager.ts.
debug: Resolve file:///F:/CocosProject/PLY_Dreamyroom_Cocos/assets/7.Scripts/Misc/SplineLineRenderer.ts from cce:/internal/x/prerequisite-imports as file:///F:/CocosProject/PLY_Dreamyroom_Cocos/assets/7.Scripts/Misc/SplineLineRenderer.ts.
debug: Resolve file:///F:/CocosProject/PLY_Dreamyroom_Cocos/assets/7.Scripts/Misc/Tooth.ts from cce:/internal/x/prerequisite-imports as file:///F:/CocosProject/PLY_Dreamyroom_Cocos/assets/7.Scripts/Misc/Tooth.ts.
debug: Resolve file:///F:/CocosProject/PLY_Dreamyroom_Cocos/assets/7.Scripts/Misc/Ulis.ts from cce:/internal/x/prerequisite-imports as file:///F:/CocosProject/PLY_Dreamyroom_Cocos/assets/7.Scripts/Misc/Ulis.ts.
debug: Resolve file:///F:/CocosProject/PLY_Dreamyroom_Cocos/assets/7.Scripts/MyScript/ScriptTemplate/ComponentCache.ts from cce:/internal/x/prerequisite-imports as file:///F:/CocosProject/PLY_Dreamyroom_Cocos/assets/7.Scripts/MyScript/ScriptTemplate/ComponentCache.ts.
debug: Resolve file:///F:/CocosProject/PLY_Dreamyroom_Cocos/assets/7.Scripts/MyScript/ScriptTemplate/Ply_GameUnit.ts from cce:/internal/x/prerequisite-imports as file:///F:/CocosProject/PLY_Dreamyroom_Cocos/assets/7.Scripts/MyScript/ScriptTemplate/Ply_GameUnit.ts.
debug: Resolve file:///F:/CocosProject/PLY_Dreamyroom_Cocos/assets/7.Scripts/MyScript/ScriptTemplate/Ply_Pool.ts from cce:/internal/x/prerequisite-imports as file:///F:/CocosProject/PLY_Dreamyroom_Cocos/assets/7.Scripts/MyScript/ScriptTemplate/Ply_Pool.ts.
debug: Resolve file:///F:/CocosProject/PLY_Dreamyroom_Cocos/assets/7.Scripts/MyScript/ScriptTemplate/Ply_Singleton.ts from cce:/internal/x/prerequisite-imports as file:///F:/CocosProject/PLY_Dreamyroom_Cocos/assets/7.Scripts/MyScript/ScriptTemplate/Ply_Singleton.ts.
debug: Resolve file:///F:/CocosProject/PLY_Dreamyroom_Cocos/assets/7.Scripts/MyScript/ScriptTemplate/Ply_SoundManager.ts from cce:/internal/x/prerequisite-imports as file:///F:/CocosProject/PLY_Dreamyroom_Cocos/assets/7.Scripts/MyScript/ScriptTemplate/Ply_SoundManager.ts.
debug: Resolve file:///F:/CocosProject/PLY_Dreamyroom_Cocos/assets/7.Scripts/MyScript/ScriptTemplate/Yielders.ts from cce:/internal/x/prerequisite-imports as file:///F:/CocosProject/PLY_Dreamyroom_Cocos/assets/7.Scripts/MyScript/ScriptTemplate/Yielders.ts.
debug: Resolve file:///F:/CocosProject/PLY_Dreamyroom_Cocos/assets/7.Scripts/MyScript/box/BoxController.ts from cce:/internal/x/prerequisite-imports as file:///F:/CocosProject/PLY_Dreamyroom_Cocos/assets/7.Scripts/MyScript/box/BoxController.ts.
debug: Detected change: file:///F:/CocosProject/PLY_Dreamyroom_Cocos/assets/7.Scripts/MyScript/item/ItemController.ts. Last mtime: Wed Aug 19 2026 14:30:47 GMT+0700 (Indochina Time)@ffc0c2df-0287-40ef-8beb-7f4381ae1550, Current mtime: Wed Aug 19 2026 14:43:31 GMT+0700 (Indochina Time)@ffc0c2df-0287-40ef-8beb-7f4381ae1550
debug: Inspect file:///F:/CocosProject/PLY_Dreamyroom_Cocos/assets/7.Scripts/MyScript/item/ItemController.ts
debug: Resolve cce:/internal/code-quality/cr.mjs from file:///F:/CocosProject/PLY_Dreamyroom_Cocos/assets/7.Scripts/MyScript/item/ItemController.ts as cce:/internal/code-quality/cr.mjs.
debug: Resolve cc from file:///F:/CocosProject/PLY_Dreamyroom_Cocos/assets/7.Scripts/MyScript/item/ItemController.ts as cce:/internal/x/cc.
debug: Resolve cc from file:///F:/CocosProject/PLY_Dreamyroom_Cocos/assets/7.Scripts/MyScript/item/ItemController.ts as cce:/internal/x/cc.
debug: Resolve cc from file:///F:/CocosProject/PLY_Dreamyroom_Cocos/assets/7.Scripts/MyScript/item/ItemController.ts as cce:/internal/x/cc.
debug: Resolve ../core/InputManager from file:///F:/CocosProject/PLY_Dreamyroom_Cocos/assets/7.Scripts/MyScript/item/ItemController.ts as file:///F:/CocosProject/PLY_Dreamyroom_Cocos/assets/7.Scripts/MyScript/core/InputManager.ts.
debug: Resolve ./ItemGraphic from file:///F:/CocosProject/PLY_Dreamyroom_Cocos/assets/7.Scripts/MyScript/item/ItemController.ts as file:///F:/CocosProject/PLY_Dreamyroom_Cocos/assets/7.Scripts/MyScript/item/ItemGraphic.ts.
debug: Resolve ./ItemMovement from file:///F:/CocosProject/PLY_Dreamyroom_Cocos/assets/7.Scripts/MyScript/item/ItemController.ts as file:///F:/CocosProject/PLY_Dreamyroom_Cocos/assets/7.Scripts/MyScript/item/ItemMovement.ts.
debug: Resolve ./OpenItem from file:///F:/CocosProject/PLY_Dreamyroom_Cocos/assets/7.Scripts/MyScript/item/ItemController.ts as file:///F:/CocosProject/PLY_Dreamyroom_Cocos/assets/7.Scripts/MyScript/item/OpenItem.ts.
debug: Resolve ../managers/ItemManager from file:///F:/CocosProject/PLY_Dreamyroom_Cocos/assets/7.Scripts/MyScript/item/ItemController.ts as file:///F:/CocosProject/PLY_Dreamyroom_Cocos/assets/7.Scripts/MyScript/managers/ItemManager.ts.
debug: Resolve ../managers/WorldScrollManager from file:///F:/CocosProject/PLY_Dreamyroom_Cocos/assets/7.Scripts/MyScript/item/ItemController.ts as file:///F:/CocosProject/PLY_Dreamyroom_Cocos/assets/7.Scripts/MyScript/managers/WorldScrollManager.ts.
debug: Resolve ../utils/SeatHandler from file:///F:/CocosProject/PLY_Dreamyroom_Cocos/assets/7.Scripts/MyScript/item/ItemController.ts as file:///F:/CocosProject/PLY_Dreamyroom_Cocos/assets/7.Scripts/MyScript/utils/SeatHandler.ts.
debug: Resolve ../utils/TurnOnSpine from file:///F:/CocosProject/PLY_Dreamyroom_Cocos/assets/7.Scripts/MyScript/item/ItemController.ts as file:///F:/CocosProject/PLY_Dreamyroom_Cocos/assets/7.Scripts/MyScript/utils/TurnOnSpine.ts.
debug: Resolve ../utils/ChangeLight from file:///F:/CocosProject/PLY_Dreamyroom_Cocos/assets/7.Scripts/MyScript/item/ItemController.ts as file:///F:/CocosProject/PLY_Dreamyroom_Cocos/assets/7.Scripts/MyScript/utils/ChangeLight.ts.
debug: Resolve ../core/ObjectPool from file:///F:/CocosProject/PLY_Dreamyroom_Cocos/assets/7.Scripts/MyScript/item/ItemController.ts as file:///F:/CocosProject/PLY_Dreamyroom_Cocos/assets/7.Scripts/MyScript/core/ObjectPool.ts.
debug: Resolve ../effects/BlinkEffect from file:///F:/CocosProject/PLY_Dreamyroom_Cocos/assets/7.Scripts/MyScript/item/ItemController.ts as file:///F:/CocosProject/PLY_Dreamyroom_Cocos/assets/7.Scripts/MyScript/effects/BlinkEffect.ts.
debug: Resolve ../../Manager/SoundManager from file:///F:/CocosProject/PLY_Dreamyroom_Cocos/assets/7.Scripts/MyScript/item/ItemController.ts as file:///F:/CocosProject/PLY_Dreamyroom_Cocos/assets/7.Scripts/Manager/SoundManager.ts.
debug: Resolve ../core/SoundManager from file:///F:/CocosProject/PLY_Dreamyroom_Cocos/assets/7.Scripts/MyScript/item/ItemController.ts as file:///F:/CocosProject/PLY_Dreamyroom_Cocos/assets/7.Scripts/MyScript/core/SoundManager.ts.
debug: Resolve file:///F:/CocosProject/PLY_Dreamyroom_Cocos/assets/7.Scripts/MyScript/box/BoxGraphic.ts from cce:/internal/x/prerequisite-imports as file:///F:/CocosProject/PLY_Dreamyroom_Cocos/assets/7.Scripts/MyScript/box/BoxGraphic.ts.
debug: Resolve file:///F:/CocosProject/PLY_Dreamyroom_Cocos/assets/7.Scripts/MyScript/core/InputManager.ts from cce:/internal/x/prerequisite-imports as file:///F:/CocosProject/PLY_Dreamyroom_Cocos/assets/7.Scripts/MyScript/core/InputManager.ts.
debug: Resolve file:///F:/CocosProject/PLY_Dreamyroom_Cocos/assets/7.Scripts/MyScript/core/ObjectPool.ts from cce:/internal/x/prerequisite-imports as file:///F:/CocosProject/PLY_Dreamyroom_Cocos/assets/7.Scripts/MyScript/core/ObjectPool.ts.
debug: Resolve file:///F:/CocosProject/PLY_Dreamyroom_Cocos/assets/7.Scripts/MyScript/core/SoundManager.ts from cce:/internal/x/prerequisite-imports as file:///F:/CocosProject/PLY_Dreamyroom_Cocos/assets/7.Scripts/MyScript/core/SoundManager.ts.
debug: Resolve file:///F:/CocosProject/PLY_Dreamyroom_Cocos/assets/7.Scripts/MyScript/core/TweenUtil.ts from cce:/internal/x/prerequisite-imports as file:///F:/CocosProject/PLY_Dreamyroom_Cocos/assets/7.Scripts/MyScript/core/TweenUtil.ts.
debug: Resolve file:///F:/CocosProject/PLY_Dreamyroom_Cocos/assets/7.Scripts/MyScript/effects/BlinkEffect.ts from cce:/internal/x/prerequisite-imports as file:///F:/CocosProject/PLY_Dreamyroom_Cocos/assets/7.Scripts/MyScript/effects/BlinkEffect.ts.
debug: Resolve file:///F:/CocosProject/PLY_Dreamyroom_Cocos/assets/7.Scripts/MyScript/item/ItemController.ts from cce:/internal/x/prerequisite-imports as file:///F:/CocosProject/PLY_Dreamyroom_Cocos/assets/7.Scripts/MyScript/item/ItemController.ts.
debug: Resolve file:///F:/CocosProject/PLY_Dreamyroom_Cocos/assets/7.Scripts/MyScript/item/ItemGraphic.ts from cce:/internal/x/prerequisite-imports as file:///F:/CocosProject/PLY_Dreamyroom_Cocos/assets/7.Scripts/MyScript/item/ItemGraphic.ts.
debug: Resolve file:///F:/CocosProject/PLY_Dreamyroom_Cocos/assets/7.Scripts/MyScript/item/ItemMovement.ts from cce:/internal/x/prerequisite-imports as file:///F:/CocosProject/PLY_Dreamyroom_Cocos/assets/7.Scripts/MyScript/item/ItemMovement.ts.
debug: Resolve file:///F:/CocosProject/PLY_Dreamyroom_Cocos/assets/7.Scripts/MyScript/item/OpenItem.ts from cce:/internal/x/prerequisite-imports as file:///F:/CocosProject/PLY_Dreamyroom_Cocos/assets/7.Scripts/MyScript/item/OpenItem.ts.
debug: Resolve file:///F:/CocosProject/PLY_Dreamyroom_Cocos/assets/7.Scripts/MyScript/managers/BaseRoomManager.ts from cce:/internal/x/prerequisite-imports as file:///F:/CocosProject/PLY_Dreamyroom_Cocos/assets/7.Scripts/MyScript/managers/BaseRoomManager.ts.
debug: Resolve file:///F:/CocosProject/PLY_Dreamyroom_Cocos/assets/7.Scripts/MyScript/managers/BoxManager.ts from cce:/internal/x/prerequisite-imports as file:///F:/CocosProject/PLY_Dreamyroom_Cocos/assets/7.Scripts/MyScript/managers/BoxManager.ts.
debug: Resolve file:///F:/CocosProject/PLY_Dreamyroom_Cocos/assets/7.Scripts/MyScript/managers/ItemManager.ts from cce:/internal/x/prerequisite-imports as file:///F:/CocosProject/PLY_Dreamyroom_Cocos/assets/7.Scripts/MyScript/managers/ItemManager.ts.
debug: Resolve file:///F:/CocosProject/PLY_Dreamyroom_Cocos/assets/7.Scripts/MyScript/managers/ProgressTrackingManager.ts from cce:/internal/x/prerequisite-imports as file:///F:/CocosProject/PLY_Dreamyroom_Cocos/assets/7.Scripts/MyScript/managers/ProgressTrackingManager.ts.
debug: Resolve file:///F:/CocosProject/PLY_Dreamyroom_Cocos/assets/7.Scripts/MyScript/managers/UIManager.ts from cce:/internal/x/prerequisite-imports as file:///F:/CocosProject/PLY_Dreamyroom_Cocos/assets/7.Scripts/MyScript/managers/UIManager.ts.
debug: Resolve file:///F:/CocosProject/PLY_Dreamyroom_Cocos/assets/7.Scripts/MyScript/managers/WorldScrollManager.ts from cce:/internal/x/prerequisite-imports as file:///F:/CocosProject/PLY_Dreamyroom_Cocos/assets/7.Scripts/MyScript/managers/WorldScrollManager.ts.
debug: Resolve file:///F:/CocosProject/PLY_Dreamyroom_Cocos/assets/7.Scripts/MyScript/pipeline/AutoAssignByNameTool.ts from cce:/internal/x/prerequisite-imports as file:///F:/CocosProject/PLY_Dreamyroom_Cocos/assets/7.Scripts/MyScript/pipeline/AutoAssignByNameTool.ts.
debug: Resolve file:///F:/CocosProject/PLY_Dreamyroom_Cocos/assets/7.Scripts/MyScript/pipeline/SceneBuilder.ts from cce:/internal/x/prerequisite-imports as file:///F:/CocosProject/PLY_Dreamyroom_Cocos/assets/7.Scripts/MyScript/pipeline/SceneBuilder.ts.
debug: Detected change: file:///F:/CocosProject/PLY_Dreamyroom_Cocos/assets/7.Scripts/MyScript/pipeline/SceneBuilder.ts. Last mtime: Wed Aug 19 2026 13:54:01 GMT+0700 (Indochina Time)@9823c617-75c7-4125-915f-7b7e2e3428d4, Current mtime: Wed Aug 19 2026 14:43:55 GMT+0700 (Indochina Time)@9823c617-75c7-4125-915f-7b7e2e3428d4
debug: Inspect file:///F:/CocosProject/PLY_Dreamyroom_Cocos/assets/7.Scripts/MyScript/pipeline/SceneBuilder.ts
debug: Resolve cce:/internal/code-quality/cr.mjs from file:///F:/CocosProject/PLY_Dreamyroom_Cocos/assets/7.Scripts/MyScript/pipeline/SceneBuilder.ts as cce:/internal/code-quality/cr.mjs.
debug: Resolve cc from file:///F:/CocosProject/PLY_Dreamyroom_Cocos/assets/7.Scripts/MyScript/pipeline/SceneBuilder.ts as cce:/internal/x/cc.
debug: Resolve cc from file:///F:/CocosProject/PLY_Dreamyroom_Cocos/assets/7.Scripts/MyScript/pipeline/SceneBuilder.ts as cce:/internal/x/cc.
debug: Resolve cc from file:///F:/CocosProject/PLY_Dreamyroom_Cocos/assets/7.Scripts/MyScript/pipeline/SceneBuilder.ts as cce:/internal/x/cc.
debug: Resolve cc/env from file:///F:/CocosProject/PLY_Dreamyroom_Cocos/assets/7.Scripts/MyScript/pipeline/SceneBuilder.ts as external dependency cc/env.
debug: Resolve ../item/ItemController from file:///F:/CocosProject/PLY_Dreamyroom_Cocos/assets/7.Scripts/MyScript/pipeline/SceneBuilder.ts as file:///F:/CocosProject/PLY_Dreamyroom_Cocos/assets/7.Scripts/MyScript/item/ItemController.ts.
debug: Resolve file:///F:/CocosProject/PLY_Dreamyroom_Cocos/assets/7.Scripts/MyScript/utils/BallFollowFill.ts from cce:/internal/x/prerequisite-imports as file:///F:/CocosProject/PLY_Dreamyroom_Cocos/assets/7.Scripts/MyScript/utils/BallFollowFill.ts.
debug: Resolve file:///F:/CocosProject/PLY_Dreamyroom_Cocos/assets/7.Scripts/MyScript/utils/BaseRoom.ts from cce:/internal/x/prerequisite-imports as file:///F:/CocosProject/PLY_Dreamyroom_Cocos/assets/7.Scripts/MyScript/utils/BaseRoom.ts.
debug: Resolve file:///F:/CocosProject/PLY_Dreamyroom_Cocos/assets/7.Scripts/MyScript/utils/ChangeLight.ts from cce:/internal/x/prerequisite-imports as file:///F:/CocosProject/PLY_Dreamyroom_Cocos/assets/7.Scripts/MyScript/utils/ChangeLight.ts.
debug: Resolve file:///F:/CocosProject/PLY_Dreamyroom_Cocos/assets/7.Scripts/MyScript/utils/HandOfBox.ts from cce:/internal/x/prerequisite-imports as file:///F:/CocosProject/PLY_Dreamyroom_Cocos/assets/7.Scripts/MyScript/utils/HandOfBox.ts.
debug: Resolve file:///F:/CocosProject/PLY_Dreamyroom_Cocos/assets/7.Scripts/MyScript/utils/HolderSlot.ts from cce:/internal/x/prerequisite-imports as file:///F:/CocosProject/PLY_Dreamyroom_Cocos/assets/7.Scripts/MyScript/utils/HolderSlot.ts.
debug: Resolve file:///F:/CocosProject/PLY_Dreamyroom_Cocos/assets/7.Scripts/MyScript/utils/SeatHandler.ts from cce:/internal/x/prerequisite-imports as file:///F:/CocosProject/PLY_Dreamyroom_Cocos/assets/7.Scripts/MyScript/utils/SeatHandler.ts.
debug: Resolve file:///F:/CocosProject/PLY_Dreamyroom_Cocos/assets/7.Scripts/MyScript/utils/TurnOnSpine.ts from cce:/internal/x/prerequisite-imports as file:///F:/CocosProject/PLY_Dreamyroom_Cocos/assets/7.Scripts/MyScript/utils/TurnOnSpine.ts.
debug: Resolve file:///F:/CocosProject/PLY_Dreamyroom_Cocos/assets/7.Scripts/Pool/PoolControl.ts from cce:/internal/x/prerequisite-imports as file:///F:/CocosProject/PLY_Dreamyroom_Cocos/assets/7.Scripts/Pool/PoolControl.ts.
debug: Resolve file:///F:/CocosProject/PLY_Dreamyroom_Cocos/assets/7.Scripts/Pool/PoolManager.ts from cce:/internal/x/prerequisite-imports as file:///F:/CocosProject/PLY_Dreamyroom_Cocos/assets/7.Scripts/Pool/PoolManager.ts.
debug: Resolve file:///F:/CocosProject/PLY_Dreamyroom_Cocos/assets/7.Scripts/Pool/PoolMember.ts from cce:/internal/x/prerequisite-imports as file:///F:/CocosProject/PLY_Dreamyroom_Cocos/assets/7.Scripts/Pool/PoolMember.ts.
debug: Resolve file:///F:/CocosProject/PLY_Dreamyroom_Cocos/assets/7.Scripts/Tool/AppLovinAnalytics.ts from cce:/internal/x/prerequisite-imports as file:///F:/CocosProject/PLY_Dreamyroom_Cocos/assets/7.Scripts/Tool/AppLovinAnalytics.ts.
debug: Resolve file:///F:/CocosProject/PLY_Dreamyroom_Cocos/assets/7.Scripts/Tool/GameController.ts from cce:/internal/x/prerequisite-imports as file:///F:/CocosProject/PLY_Dreamyroom_Cocos/assets/7.Scripts/Tool/GameController.ts.
debug: Resolve file:///F:/CocosProject/PLY_Dreamyroom_Cocos/assets/7.Scripts/Tool/h5-helper.ts from cce:/internal/x/prerequisite-imports as file:///F:/CocosProject/PLY_Dreamyroom_Cocos/assets/7.Scripts/Tool/h5-helper.ts.
debug: Target(editor) ends with cost 327.99639999866486ms.
debug: Target(preview) build started.
debug: Detected change: cce:/internal/x/prerequisite-imports. Last mtime: Thu Jan 01 1970 08:05:37 GMT+0700 (Indochina Time), Current mtime: Thu Jan 01 1970 08:08:21 GMT+0700 (Indochina Time)
debug: Inspect cce:/internal/x/prerequisite-imports
debug: Resolve file:///C:/ProgramData/cocos/editors/Creator/3.7.4/resources/resources/3d/engine/editor/assets/tools/debug-view-runtime-control.ts from cce:/internal/x/prerequisite-imports as file:///C:/ProgramData/cocos/editors/Creator/3.7.4/resources/resources/3d/engine/editor/assets/tools/debug-view-runtime-control.ts.
debug: Resolve file:///F:/CocosProject/PLY_Dreamyroom_Cocos/assets/7.Scripts/Manager/AssetsManagerCustom.ts from cce:/internal/x/prerequisite-imports as file:///F:/CocosProject/PLY_Dreamyroom_Cocos/assets/7.Scripts/Manager/AssetsManagerCustom.ts.
debug: Resolve file:///F:/CocosProject/PLY_Dreamyroom_Cocos/assets/7.Scripts/Manager/Clock.ts from cce:/internal/x/prerequisite-imports as file:///F:/CocosProject/PLY_Dreamyroom_Cocos/assets/7.Scripts/Manager/Clock.ts.
debug: Resolve file:///F:/CocosProject/PLY_Dreamyroom_Cocos/assets/7.Scripts/Manager/InputManager.ts from cce:/internal/x/prerequisite-imports as file:///F:/CocosProject/PLY_Dreamyroom_Cocos/assets/7.Scripts/Manager/InputManager.ts.
debug: Resolve file:///F:/CocosProject/PLY_Dreamyroom_Cocos/assets/7.Scripts/Manager/Joystick.ts from cce:/internal/x/prerequisite-imports as file:///F:/CocosProject/PLY_Dreamyroom_Cocos/assets/7.Scripts/Manager/Joystick.ts.
debug: Resolve file:///F:/CocosProject/PLY_Dreamyroom_Cocos/assets/7.Scripts/Manager/MainCamera.ts from cce:/internal/x/prerequisite-imports as file:///F:/CocosProject/PLY_Dreamyroom_Cocos/assets/7.Scripts/Manager/MainCamera.ts.
debug: Resolve file:///F:/CocosProject/PLY_Dreamyroom_Cocos/assets/7.Scripts/Manager/PointerController.ts from cce:/internal/x/prerequisite-imports as file:///F:/CocosProject/PLY_Dreamyroom_Cocos/assets/7.Scripts/Manager/PointerController.ts.
debug: Resolve file:///F:/CocosProject/PLY_Dreamyroom_Cocos/assets/7.Scripts/Manager/SoundManager.ts from cce:/internal/x/prerequisite-imports as file:///F:/CocosProject/PLY_Dreamyroom_Cocos/assets/7.Scripts/Manager/SoundManager.ts.
debug: Resolve file:///F:/CocosProject/PLY_Dreamyroom_Cocos/assets/7.Scripts/Manager/UI.ts from cce:/internal/x/prerequisite-imports as file:///F:/CocosProject/PLY_Dreamyroom_Cocos/assets/7.Scripts/Manager/UI.ts.
debug: Resolve file:///F:/CocosProject/PLY_Dreamyroom_Cocos/assets/7.Scripts/Manager/VFX.ts from cce:/internal/x/prerequisite-imports as file:///F:/CocosProject/PLY_Dreamyroom_Cocos/assets/7.Scripts/Manager/VFX.ts.
debug: Resolve file:///F:/CocosProject/PLY_Dreamyroom_Cocos/assets/7.Scripts/Manager/World.ts from cce:/internal/x/prerequisite-imports as file:///F:/CocosProject/PLY_Dreamyroom_Cocos/assets/7.Scripts/Manager/World.ts.
debug: Resolve file:///F:/CocosProject/PLY_Dreamyroom_Cocos/assets/7.Scripts/MatchAsset/MatchSprite.ts from cce:/internal/x/prerequisite-imports as file:///F:/CocosProject/PLY_Dreamyroom_Cocos/assets/7.Scripts/MatchAsset/MatchSprite.ts.
debug: Resolve file:///F:/CocosProject/PLY_Dreamyroom_Cocos/assets/7.Scripts/MatchAsset/NodeOrder.ts from cce:/internal/x/prerequisite-imports as file:///F:/CocosProject/PLY_Dreamyroom_Cocos/assets/7.Scripts/MatchAsset/NodeOrder.ts.
debug: Resolve file:///F:/CocosProject/PLY_Dreamyroom_Cocos/assets/7.Scripts/MatchAsset/ReadImagePixel.ts from cce:/internal/x/prerequisite-imports as file:///F:/CocosProject/PLY_Dreamyroom_Cocos/assets/7.Scripts/MatchAsset/ReadImagePixel.ts.
debug: Resolve file:///F:/CocosProject/PLY_Dreamyroom_Cocos/assets/7.Scripts/MatchAsset/SpriteSizeSetter.ts from cce:/internal/x/prerequisite-imports as file:///F:/CocosProject/PLY_Dreamyroom_Cocos/assets/7.Scripts/MatchAsset/SpriteSizeSetter.ts.
debug: Resolve file:///F:/CocosProject/PLY_Dreamyroom_Cocos/assets/7.Scripts/MatchAsset/Ulis.ts from cce:/internal/x/prerequisite-imports as file:///F:/CocosProject/PLY_Dreamyroom_Cocos/assets/7.Scripts/MatchAsset/Ulis.ts.
debug: Resolve file:///F:/CocosProject/PLY_Dreamyroom_Cocos/assets/7.Scripts/Misc/AStar.ts from cce:/internal/x/prerequisite-imports as file:///F:/CocosProject/PLY_Dreamyroom_Cocos/assets/7.Scripts/Misc/AStar.ts.
debug: Resolve file:///F:/CocosProject/PLY_Dreamyroom_Cocos/assets/7.Scripts/Misc/Black.ts from cce:/internal/x/prerequisite-imports as file:///F:/CocosProject/PLY_Dreamyroom_Cocos/assets/7.Scripts/Misc/Black.ts.
debug: Resolve file:///F:/CocosProject/PLY_Dreamyroom_Cocos/assets/7.Scripts/Misc/Cloud.ts from cce:/internal/x/prerequisite-imports as file:///F:/CocosProject/PLY_Dreamyroom_Cocos/assets/7.Scripts/Misc/Cloud.ts.
debug: Resolve file:///F:/CocosProject/PLY_Dreamyroom_Cocos/assets/7.Scripts/Misc/IQ.ts from cce:/internal/x/prerequisite-imports as file:///F:/CocosProject/PLY_Dreamyroom_Cocos/assets/7.Scripts/Misc/IQ.ts.
debug: Resolve file:///F:/CocosProject/PLY_Dreamyroom_Cocos/assets/7.Scripts/Misc/MeshLoader.ts from cce:/internal/x/prerequisite-imports as file:///F:/CocosProject/PLY_Dreamyroom_Cocos/assets/7.Scripts/Misc/MeshLoader.ts.
debug: Resolve file:///F:/CocosProject/PLY_Dreamyroom_Cocos/assets/7.Scripts/Misc/SkinManager.ts from cce:/internal/x/prerequisite-imports as file:///F:/CocosProject/PLY_Dreamyroom_Cocos/assets/7.Scripts/Misc/SkinManager.ts.
debug: Resolve file:///F:/CocosProject/PLY_Dreamyroom_Cocos/assets/7.Scripts/Misc/SplineLineRenderer.ts from cce:/internal/x/prerequisite-imports as file:///F:/CocosProject/PLY_Dreamyroom_Cocos/assets/7.Scripts/Misc/SplineLineRenderer.ts.
debug: Resolve file:///F:/CocosProject/PLY_Dreamyroom_Cocos/assets/7.Scripts/Misc/Tooth.ts from cce:/internal/x/prerequisite-imports as file:///F:/CocosProject/PLY_Dreamyroom_Cocos/assets/7.Scripts/Misc/Tooth.ts.
debug: Resolve file:///F:/CocosProject/PLY_Dreamyroom_Cocos/assets/7.Scripts/Misc/Ulis.ts from cce:/internal/x/prerequisite-imports as file:///F:/CocosProject/PLY_Dreamyroom_Cocos/assets/7.Scripts/Misc/Ulis.ts.
debug: Resolve file:///F:/CocosProject/PLY_Dreamyroom_Cocos/assets/7.Scripts/MyScript/ScriptTemplate/ComponentCache.ts from cce:/internal/x/prerequisite-imports as file:///F:/CocosProject/PLY_Dreamyroom_Cocos/assets/7.Scripts/MyScript/ScriptTemplate/ComponentCache.ts.
debug: Resolve file:///F:/CocosProject/PLY_Dreamyroom_Cocos/assets/7.Scripts/MyScript/ScriptTemplate/Ply_GameUnit.ts from cce:/internal/x/prerequisite-imports as file:///F:/CocosProject/PLY_Dreamyroom_Cocos/assets/7.Scripts/MyScript/ScriptTemplate/Ply_GameUnit.ts.
debug: Resolve file:///F:/CocosProject/PLY_Dreamyroom_Cocos/assets/7.Scripts/MyScript/ScriptTemplate/Ply_Pool.ts from cce:/internal/x/prerequisite-imports as file:///F:/CocosProject/PLY_Dreamyroom_Cocos/assets/7.Scripts/MyScript/ScriptTemplate/Ply_Pool.ts.
debug: Resolve file:///F:/CocosProject/PLY_Dreamyroom_Cocos/assets/7.Scripts/MyScript/ScriptTemplate/Ply_Singleton.ts from cce:/internal/x/prerequisite-imports as file:///F:/CocosProject/PLY_Dreamyroom_Cocos/assets/7.Scripts/MyScript/ScriptTemplate/Ply_Singleton.ts.
debug: Resolve file:///F:/CocosProject/PLY_Dreamyroom_Cocos/assets/7.Scripts/MyScript/ScriptTemplate/Ply_SoundManager.ts from cce:/internal/x/prerequisite-imports as file:///F:/CocosProject/PLY_Dreamyroom_Cocos/assets/7.Scripts/MyScript/ScriptTemplate/Ply_SoundManager.ts.
debug: Resolve file:///F:/CocosProject/PLY_Dreamyroom_Cocos/assets/7.Scripts/MyScript/ScriptTemplate/Yielders.ts from cce:/internal/x/prerequisite-imports as file:///F:/CocosProject/PLY_Dreamyroom_Cocos/assets/7.Scripts/MyScript/ScriptTemplate/Yielders.ts.
debug: Resolve file:///F:/CocosProject/PLY_Dreamyroom_Cocos/assets/7.Scripts/MyScript/box/BoxController.ts from cce:/internal/x/prerequisite-imports as file:///F:/CocosProject/PLY_Dreamyroom_Cocos/assets/7.Scripts/MyScript/box/BoxController.ts.
debug: Detected change: file:///F:/CocosProject/PLY_Dreamyroom_Cocos/assets/7.Scripts/MyScript/item/ItemController.ts. Last mtime: Wed Aug 19 2026 14:30:47 GMT+0700 (Indochina Time)@ffc0c2df-0287-40ef-8beb-7f4381ae1550, Current mtime: Wed Aug 19 2026 14:43:31 GMT+0700 (Indochina Time)@ffc0c2df-0287-40ef-8beb-7f4381ae1550
debug: Inspect file:///F:/CocosProject/PLY_Dreamyroom_Cocos/assets/7.Scripts/MyScript/item/ItemController.ts
debug: Resolve cce:/internal/code-quality/cr.mjs from file:///F:/CocosProject/PLY_Dreamyroom_Cocos/assets/7.Scripts/MyScript/item/ItemController.ts as cce:/internal/code-quality/cr.mjs.
debug: Resolve cc from file:///F:/CocosProject/PLY_Dreamyroom_Cocos/assets/7.Scripts/MyScript/item/ItemController.ts as cce:/internal/x/cc.
debug: Resolve cc from file:///F:/CocosProject/PLY_Dreamyroom_Cocos/assets/7.Scripts/MyScript/item/ItemController.ts as cce:/internal/x/cc.
debug: Resolve cc from file:///F:/CocosProject/PLY_Dreamyroom_Cocos/assets/7.Scripts/MyScript/item/ItemController.ts as cce:/internal/x/cc.
debug: Resolve ../core/InputManager from file:///F:/CocosProject/PLY_Dreamyroom_Cocos/assets/7.Scripts/MyScript/item/ItemController.ts as file:///F:/CocosProject/PLY_Dreamyroom_Cocos/assets/7.Scripts/MyScript/core/InputManager.ts.
debug: Resolve ./ItemGraphic from file:///F:/CocosProject/PLY_Dreamyroom_Cocos/assets/7.Scripts/MyScript/item/ItemController.ts as file:///F:/CocosProject/PLY_Dreamyroom_Cocos/assets/7.Scripts/MyScript/item/ItemGraphic.ts.
debug: Resolve ./ItemMovement from file:///F:/CocosProject/PLY_Dreamyroom_Cocos/assets/7.Scripts/MyScript/item/ItemController.ts as file:///F:/CocosProject/PLY_Dreamyroom_Cocos/assets/7.Scripts/MyScript/item/ItemMovement.ts.
debug: Resolve ./OpenItem from file:///F:/CocosProject/PLY_Dreamyroom_Cocos/assets/7.Scripts/MyScript/item/ItemController.ts as file:///F:/CocosProject/PLY_Dreamyroom_Cocos/assets/7.Scripts/MyScript/item/OpenItem.ts.
debug: Resolve ../managers/ItemManager from file:///F:/CocosProject/PLY_Dreamyroom_Cocos/assets/7.Scripts/MyScript/item/ItemController.ts as file:///F:/CocosProject/PLY_Dreamyroom_Cocos/assets/7.Scripts/MyScript/managers/ItemManager.ts.
debug: Resolve ../managers/WorldScrollManager from file:///F:/CocosProject/PLY_Dreamyroom_Cocos/assets/7.Scripts/MyScript/item/ItemController.ts as file:///F:/CocosProject/PLY_Dreamyroom_Cocos/assets/7.Scripts/MyScript/managers/WorldScrollManager.ts.
debug: Resolve ../utils/SeatHandler from file:///F:/CocosProject/PLY_Dreamyroom_Cocos/assets/7.Scripts/MyScript/item/ItemController.ts as file:///F:/CocosProject/PLY_Dreamyroom_Cocos/assets/7.Scripts/MyScript/utils/SeatHandler.ts.
debug: Resolve ../utils/TurnOnSpine from file:///F:/CocosProject/PLY_Dreamyroom_Cocos/assets/7.Scripts/MyScript/item/ItemController.ts as file:///F:/CocosProject/PLY_Dreamyroom_Cocos/assets/7.Scripts/MyScript/utils/TurnOnSpine.ts.
debug: Resolve ../utils/ChangeLight from file:///F:/CocosProject/PLY_Dreamyroom_Cocos/assets/7.Scripts/MyScript/item/ItemController.ts as file:///F:/CocosProject/PLY_Dreamyroom_Cocos/assets/7.Scripts/MyScript/utils/ChangeLight.ts.
debug: Resolve ../core/ObjectPool from file:///F:/CocosProject/PLY_Dreamyroom_Cocos/assets/7.Scripts/MyScript/item/ItemController.ts as file:///F:/CocosProject/PLY_Dreamyroom_Cocos/assets/7.Scripts/MyScript/core/ObjectPool.ts.
debug: Resolve ../effects/BlinkEffect from file:///F:/CocosProject/PLY_Dreamyroom_Cocos/assets/7.Scripts/MyScript/item/ItemController.ts as file:///F:/CocosProject/PLY_Dreamyroom_Cocos/assets/7.Scripts/MyScript/effects/BlinkEffect.ts.
debug: Resolve ../../Manager/SoundManager from file:///F:/CocosProject/PLY_Dreamyroom_Cocos/assets/7.Scripts/MyScript/item/ItemController.ts as file:///F:/CocosProject/PLY_Dreamyroom_Cocos/assets/7.Scripts/Manager/SoundManager.ts.
debug: Resolve ../core/SoundManager from file:///F:/CocosProject/PLY_Dreamyroom_Cocos/assets/7.Scripts/MyScript/item/ItemController.ts as file:///F:/CocosProject/PLY_Dreamyroom_Cocos/assets/7.Scripts/MyScript/core/SoundManager.ts.
debug: Resolve file:///F:/CocosProject/PLY_Dreamyroom_Cocos/assets/7.Scripts/MyScript/box/BoxGraphic.ts from cce:/internal/x/prerequisite-imports as file:///F:/CocosProject/PLY_Dreamyroom_Cocos/assets/7.Scripts/MyScript/box/BoxGraphic.ts.
debug: Resolve file:///F:/CocosProject/PLY_Dreamyroom_Cocos/assets/7.Scripts/MyScript/core/InputManager.ts from cce:/internal/x/prerequisite-imports as file:///F:/CocosProject/PLY_Dreamyroom_Cocos/assets/7.Scripts/MyScript/core/InputManager.ts.
debug: Resolve file:///F:/CocosProject/PLY_Dreamyroom_Cocos/assets/7.Scripts/MyScript/core/ObjectPool.ts from cce:/internal/x/prerequisite-imports as file:///F:/CocosProject/PLY_Dreamyroom_Cocos/assets/7.Scripts/MyScript/core/ObjectPool.ts.
debug: Resolve file:///F:/CocosProject/PLY_Dreamyroom_Cocos/assets/7.Scripts/MyScript/core/SoundManager.ts from cce:/internal/x/prerequisite-imports as file:///F:/CocosProject/PLY_Dreamyroom_Cocos/assets/7.Scripts/MyScript/core/SoundManager.ts.
debug: Resolve file:///F:/CocosProject/PLY_Dreamyroom_Cocos/assets/7.Scripts/MyScript/core/TweenUtil.ts from cce:/internal/x/prerequisite-imports as file:///F:/CocosProject/PLY_Dreamyroom_Cocos/assets/7.Scripts/MyScript/core/TweenUtil.ts.
debug: Resolve file:///F:/CocosProject/PLY_Dreamyroom_Cocos/assets/7.Scripts/MyScript/effects/BlinkEffect.ts from cce:/internal/x/prerequisite-imports as file:///F:/CocosProject/PLY_Dreamyroom_Cocos/assets/7.Scripts/MyScript/effects/BlinkEffect.ts.
debug: Resolve file:///F:/CocosProject/PLY_Dreamyroom_Cocos/assets/7.Scripts/MyScript/item/ItemController.ts from cce:/internal/x/prerequisite-imports as file:///F:/CocosProject/PLY_Dreamyroom_Cocos/assets/7.Scripts/MyScript/item/ItemController.ts.
debug: Resolve file:///F:/CocosProject/PLY_Dreamyroom_Cocos/assets/7.Scripts/MyScript/item/ItemGraphic.ts from cce:/internal/x/prerequisite-imports as file:///F:/CocosProject/PLY_Dreamyroom_Cocos/assets/7.Scripts/MyScript/item/ItemGraphic.ts.
debug: Resolve file:///F:/CocosProject/PLY_Dreamyroom_Cocos/assets/7.Scripts/MyScript/item/ItemMovement.ts from cce:/internal/x/prerequisite-imports as file:///F:/CocosProject/PLY_Dreamyroom_Cocos/assets/7.Scripts/MyScript/item/ItemMovement.ts.
debug: Resolve file:///F:/CocosProject/PLY_Dreamyroom_Cocos/assets/7.Scripts/MyScript/item/OpenItem.ts from cce:/internal/x/prerequisite-imports as file:///F:/CocosProject/PLY_Dreamyroom_Cocos/assets/7.Scripts/MyScript/item/OpenItem.ts.
debug: Resolve file:///F:/CocosProject/PLY_Dreamyroom_Cocos/assets/7.Scripts/MyScript/managers/BaseRoomManager.ts from cce:/internal/x/prerequisite-imports as file:///F:/CocosProject/PLY_Dreamyroom_Cocos/assets/7.Scripts/MyScript/managers/BaseRoomManager.ts.
debug: Resolve file:///F:/CocosProject/PLY_Dreamyroom_Cocos/assets/7.Scripts/MyScript/managers/BoxManager.ts from cce:/internal/x/prerequisite-imports as file:///F:/CocosProject/PLY_Dreamyroom_Cocos/assets/7.Scripts/MyScript/managers/BoxManager.ts.
debug: Resolve file:///F:/CocosProject/PLY_Dreamyroom_Cocos/assets/7.Scripts/MyScript/managers/ItemManager.ts from cce:/internal/x/prerequisite-imports as file:///F:/CocosProject/PLY_Dreamyroom_Cocos/assets/7.Scripts/MyScript/managers/ItemManager.ts.
debug: Resolve file:///F:/CocosProject/PLY_Dreamyroom_Cocos/assets/7.Scripts/MyScript/managers/ProgressTrackingManager.ts from cce:/internal/x/prerequisite-imports as file:///F:/CocosProject/PLY_Dreamyroom_Cocos/assets/7.Scripts/MyScript/managers/ProgressTrackingManager.ts.
debug: Resolve file:///F:/CocosProject/PLY_Dreamyroom_Cocos/assets/7.Scripts/MyScript/managers/UIManager.ts from cce:/internal/x/prerequisite-imports as file:///F:/CocosProject/PLY_Dreamyroom_Cocos/assets/7.Scripts/MyScript/managers/UIManager.ts.
debug: Resolve file:///F:/CocosProject/PLY_Dreamyroom_Cocos/assets/7.Scripts/MyScript/managers/WorldScrollManager.ts from cce:/internal/x/prerequisite-imports as file:///F:/CocosProject/PLY_Dreamyroom_Cocos/assets/7.Scripts/MyScript/managers/WorldScrollManager.ts.
debug: Resolve file:///F:/CocosProject/PLY_Dreamyroom_Cocos/assets/7.Scripts/MyScript/pipeline/AutoAssignByNameTool.ts from cce:/internal/x/prerequisite-imports as file:///F:/CocosProject/PLY_Dreamyroom_Cocos/assets/7.Scripts/MyScript/pipeline/AutoAssignByNameTool.ts.
debug: Resolve file:///F:/CocosProject/PLY_Dreamyroom_Cocos/assets/7.Scripts/MyScript/pipeline/SceneBuilder.ts from cce:/internal/x/prerequisite-imports as file:///F:/CocosProject/PLY_Dreamyroom_Cocos/assets/7.Scripts/MyScript/pipeline/SceneBuilder.ts.
debug: Detected change: file:///F:/CocosProject/PLY_Dreamyroom_Cocos/assets/7.Scripts/MyScript/pipeline/SceneBuilder.ts. Last mtime: Wed Aug 19 2026 13:54:01 GMT+0700 (Indochina Time)@9823c617-75c7-4125-915f-7b7e2e3428d4, Current mtime: Wed Aug 19 2026 14:43:55 GMT+0700 (Indochina Time)@9823c617-75c7-4125-915f-7b7e2e3428d4
debug: Inspect file:///F:/CocosProject/PLY_Dreamyroom_Cocos/assets/7.Scripts/MyScript/pipeline/SceneBuilder.ts
debug: Resolve cce:/internal/code-quality/cr.mjs from file:///F:/CocosProject/PLY_Dreamyroom_Cocos/assets/7.Scripts/MyScript/pipeline/SceneBuilder.ts as cce:/internal/code-quality/cr.mjs.
debug: Resolve cc from file:///F:/CocosProject/PLY_Dreamyroom_Cocos/assets/7.Scripts/MyScript/pipeline/SceneBuilder.ts as cce:/internal/x/cc.
debug: Resolve cc from file:///F:/CocosProject/PLY_Dreamyroom_Cocos/assets/7.Scripts/MyScript/pipeline/SceneBuilder.ts as cce:/internal/x/cc.
debug: Resolve cc from file:///F:/CocosProject/PLY_Dreamyroom_Cocos/assets/7.Scripts/MyScript/pipeline/SceneBuilder.ts as cce:/internal/x/cc.
debug: Resolve cc/env from file:///F:/CocosProject/PLY_Dreamyroom_Cocos/assets/7.Scripts/MyScript/pipeline/SceneBuilder.ts as external dependency cc/env.
debug: Resolve ../item/ItemController from file:///F:/CocosProject/PLY_Dreamyroom_Cocos/assets/7.Scripts/MyScript/pipeline/SceneBuilder.ts as file:///F:/CocosProject/PLY_Dreamyroom_Cocos/assets/7.Scripts/MyScript/item/ItemController.ts.
debug: Resolve file:///F:/CocosProject/PLY_Dreamyroom_Cocos/assets/7.Scripts/MyScript/utils/BallFollowFill.ts from cce:/internal/x/prerequisite-imports as file:///F:/CocosProject/PLY_Dreamyroom_Cocos/assets/7.Scripts/MyScript/utils/BallFollowFill.ts.
debug: Resolve file:///F:/CocosProject/PLY_Dreamyroom_Cocos/assets/7.Scripts/MyScript/utils/BaseRoom.ts from cce:/internal/x/prerequisite-imports as file:///F:/CocosProject/PLY_Dreamyroom_Cocos/assets/7.Scripts/MyScript/utils/BaseRoom.ts.
debug: Resolve file:///F:/CocosProject/PLY_Dreamyroom_Cocos/assets/7.Scripts/MyScript/utils/ChangeLight.ts from cce:/internal/x/prerequisite-imports as file:///F:/CocosProject/PLY_Dreamyroom_Cocos/assets/7.Scripts/MyScript/utils/ChangeLight.ts.
debug: Resolve file:///F:/CocosProject/PLY_Dreamyroom_Cocos/assets/7.Scripts/MyScript/utils/HandOfBox.ts from cce:/internal/x/prerequisite-imports as file:///F:/CocosProject/PLY_Dreamyroom_Cocos/assets/7.Scripts/MyScript/utils/HandOfBox.ts.
debug: Resolve file:///F:/CocosProject/PLY_Dreamyroom_Cocos/assets/7.Scripts/MyScript/utils/HolderSlot.ts from cce:/internal/x/prerequisite-imports as file:///F:/CocosProject/PLY_Dreamyroom_Cocos/assets/7.Scripts/MyScript/utils/HolderSlot.ts.
debug: Resolve file:///F:/CocosProject/PLY_Dreamyroom_Cocos/assets/7.Scripts/MyScript/utils/SeatHandler.ts from cce:/internal/x/prerequisite-imports as file:///F:/CocosProject/PLY_Dreamyroom_Cocos/assets/7.Scripts/MyScript/utils/SeatHandler.ts.
debug: Resolve file:///F:/CocosProject/PLY_Dreamyroom_Cocos/assets/7.Scripts/MyScript/utils/TurnOnSpine.ts from cce:/internal/x/prerequisite-imports as file:///F:/CocosProject/PLY_Dreamyroom_Cocos/assets/7.Scripts/MyScript/utils/TurnOnSpine.ts.
debug: Resolve file:///F:/CocosProject/PLY_Dreamyroom_Cocos/assets/7.Scripts/Pool/PoolControl.ts from cce:/internal/x/prerequisite-imports as file:///F:/CocosProject/PLY_Dreamyroom_Cocos/assets/7.Scripts/Pool/PoolControl.ts.
debug: Resolve file:///F:/CocosProject/PLY_Dreamyroom_Cocos/assets/7.Scripts/Pool/PoolManager.ts from cce:/internal/x/prerequisite-imports as file:///F:/CocosProject/PLY_Dreamyroom_Cocos/assets/7.Scripts/Pool/PoolManager.ts.
debug: Resolve file:///F:/CocosProject/PLY_Dreamyroom_Cocos/assets/7.Scripts/Pool/PoolMember.ts from cce:/internal/x/prerequisite-imports as file:///F:/CocosProject/PLY_Dreamyroom_Cocos/assets/7.Scripts/Pool/PoolMember.ts.
debug: Resolve file:///F:/CocosProject/PLY_Dreamyroom_Cocos/assets/7.Scripts/Tool/AppLovinAnalytics.ts from cce:/internal/x/prerequisite-imports as file:///F:/CocosProject/PLY_Dreamyroom_Cocos/assets/7.Scripts/Tool/AppLovinAnalytics.ts.
debug: Resolve file:///F:/CocosProject/PLY_Dreamyroom_Cocos/assets/7.Scripts/Tool/GameController.ts from cce:/internal/x/prerequisite-imports as file:///F:/CocosProject/PLY_Dreamyroom_Cocos/assets/7.Scripts/Tool/GameController.ts.
debug: Resolve file:///F:/CocosProject/PLY_Dreamyroom_Cocos/assets/7.Scripts/Tool/h5-helper.ts from cce:/internal/x/prerequisite-imports as file:///F:/CocosProject/PLY_Dreamyroom_Cocos/assets/7.Scripts/Tool/h5-helper.ts.
debug: Target(preview) ends with cost 369.13069999217987ms.
